[{"model": "sites.site", "pk": 1, "fields": {"domain": "tourzan.com", "name": "tourzan.com"}}, {"model": "contenttypes.contenttype", "pk": 1, "fields": {"app_label": "admin", "model": "logentry"}}, {"model": "contenttypes.contenttype", "pk": 2, "fields": {"app_label": "auth", "model": "permission"}}, {"model": "contenttypes.contenttype", "pk": 3, "fields": {"app_label": "auth", "model": "user"}}, {"model": "contenttypes.contenttype", "pk": 4, "fields": {"app_label": "auth", "model": "group"}}, {"model": "contenttypes.contenttype", "pk": 5, "fields": {"app_label": "contenttypes", "model": "contenttype"}}, {"model": "contenttypes.contenttype", "pk": 6, "fields": {"app_label": "sessions", "model": "session"}}, {"model": "contenttypes.contenttype", "pk": 7, "fields": {"app_label": "locations", "model": "city"}}, {"model": "contenttypes.contenttype", "pk": 8, "fields": {"app_label": "locations", "model": "currency"}}, {"model": "contenttypes.contenttype", "pk": 9, "fields": {"app_label": "locations", "model": "locationtype"}}, {"model": "contenttypes.contenttype", "pk": 10, "fields": {"app_label": "locations", "model": "location"}}, {"model": "contenttypes.contenttype", "pk": 11, "fields": {"app_label": "tours", "model": "tour"}}, {"model": "contenttypes.contenttype", "pk": 12, "fields": {"app_label": "orders", "model": "order"}}, {"model": "contenttypes.contenttype", "pk": 13, "fields": {"app_label": "orders", "model": "payment"}}, {"model": "contenttypes.contenttype", "pk": 14, "fields": {"app_label": "orders", "model": "orderstatus"}}, {"model": "contenttypes.contenttype", "pk": 15, "fields": {"app_label": "chats", "model": "chat"}}, {"model": "contenttypes.contenttype", "pk": 20, "fields": {"app_label": "tours", "model": "paymenttype"}}, {"model": "contenttypes.contenttype", "pk": 24, "fields": {"app_label": "tours", "model": "tourimage"}}, {"model": "contenttypes.contenttype", "pk": 25, "fields": {"app_label": "sites", "model": "site"}}, {"model": "contenttypes.contenttype", "pk": 26, "fields": {"app_label": "account", "model": "emailconfirmation"}}, {"model": "contenttypes.contenttype", "pk": 27, "fields": {"app_label": "account", "model": "emailaddress"}}, {"model": "contenttypes.contenttype", "pk": 28, "fields": {"app_label": "socialaccount", "model": "socialapp"}}, {"model": "contenttypes.contenttype", "pk": 29, "fields": {"app_label": "socialaccount", "model": "socialaccount"}}, {"model": "contenttypes.contenttype", "pk": 30, "fields": {"app_label": "socialaccount", "model": "socialtoken"}}, {"model": "contenttypes.contenttype", "pk": 31, "fields": {"app_label": "chats", "model": "chatmessage"}}, {"model": "contenttypes.contenttype", "pk": 32, "fields": {"app_label": "users", "model": "interest"}}, {"model": "contenttypes.contenttype", "pk": 33, "fields": {"app_label": "users", "model": "userinterest"}}, {"model": "contenttypes.contenttype", "pk": 34, "fields": {"app_label": "guides", "model": "guideprofile"}}, {"model": "contenttypes.contenttype", "pk": 35, "fields": {"app_label": "guides", "model": "guideservice"}}, {"model": "contenttypes.contenttype", "pk": 36, "fields": {"app_label": "guides", "model": "service"}}, {"model": "contenttypes.contenttype", "pk": 37, "fields": {"app_label": "tourists", "model": "touristprofile"}}, {"model": "contenttypes.contenttype", "pk": 38, "fields": {"app_label": "orders", "model": "review"}}, {"model": "contenttypes.contenttype", "pk": 39, "fields": {"app_label": "users", "model": "languagelevel"}}, {"model": "contenttypes.contenttype", "pk": 40, "fields": {"app_label": "users", "model": "userlanguage"}}, {"model": "contenttypes.contenttype", "pk": 41, "fields": {"app_label": "website_management", "model": "pagecontent"}}, {"model": "contenttypes.contenttype", "pk": 42, "fields": {"app_label": "django_summernote", "model": "attachment"}}, {"model": "contenttypes.contenttype", "pk": 43, "fields": {"app_label": "orders", "model": "serviceinorder"}}, {"model": "contenttypes.contenttype", "pk": 44, "fields": {"app_label": "emails", "model": "emailmessage"}}, {"model": "contenttypes.contenttype", "pk": 45, "fields": {"app_label": "emails", "model": "emailmessagetype"}}, {"model": "contenttypes.contenttype", "pk": 46, "fields": {"app_label": "tourists", "model": "touristtravelphoto"}}, {"model": "contenttypes.contenttype", "pk": 47, "fields": {"app_label": "authtoken", "model": "token"}}, {"model": "contenttypes.contenttype", "pk": 48, "fields": {"app_label": "users", "model": "paymentmethod"}}, {"model": "contenttypes.contenttype", "pk": 49, "fields": {"app_label": "users", "model": "paymentcustomer"}}, {"model": "contenttypes.contenttype", "pk": 50, "fields": {"app_label": "payments", "model": "paymentcustomer"}}, {"model": "contenttypes.contenttype", "pk": 51, "fields": {"app_label": "payments", "model": "paymentmethod"}}, {"model": "contenttypes.contenttype", "pk": 52, "fields": {"app_label": "payments", "model": "cardtype"}}, {"model": "contenttypes.contenttype", "pk": 53, "fields": {"app_label": "payments", "model": "payment"}}, {"model": "contenttypes.contenttype", "pk": 54, "fields": {"app_label": "orders", "model": "paymentstatus"}}, {"model": "contenttypes.contenttype", "pk": 55, "fields": {"app_label": "blog", "model": "blogpost"}}, {"model": "contenttypes.contenttype", "pk": 56, "fields": {"app_label": "blog", "model": "blogcategory"}}, {"model": "contenttypes.contenttype", "pk": 57, "fields": {"app_label": "blog", "model": "blogtag"}}, {"model": "contenttypes.contenttype", "pk": 58, "fields": {"app_label": "blog", "model": "blogposttag"}}, {"model": "contenttypes.contenttype", "pk": 59, "fields": {"app_label": "users", "model": "generalprofile"}}, {"model": "contenttypes.contenttype", "pk": 60, "fields": {"app_label": "users", "model": "documenttype"}}, {"model": "contenttypes.contenttype", "pk": 61, "fields": {"app_label": "users", "model": "documentscan"}}, {"model": "contenttypes.contenttype", "pk": 62, "fields": {"app_label": "users", "model": "scanstatus"}}, {"model": "contenttypes.contenttype", "pk": 63, "fields": {"app_label": "users", "model": "smssendinghistory"}}, {"model": "contenttypes.contenttype", "pk": 64, "fields": {"app_label": "website_management", "model": "contactusmessage"}}, {"model": "sessions.session", "pk": "01gbzfenw2s59nnfjusb7tbmhy0jrjgc", "fields": {"session_data": "NzRmMmQ0NWYyNmY4YmU3YmM2ZDIyYWE2OWMwMjMwOTcyNTk0MzQ0Nzp7Il9hdXRoX3VzZXJfaGFzaCI6IjUwMzdkNzY0NjljOGU4Y2RkZjI2NWZkYTBlZjRiY2Y0ZmRiYzNkZDYiLCJfYXV0aF91c2VyX2lkIjoiMSIsIl9hdXRoX3VzZXJfYmFja2VuZCI6ImRqYW5nby5jb250cmliLmF1dGguYmFja2VuZHMuTW9kZWxCYWNrZW5kIn0=", "expire_date": "2017-07-01T10:35:31.105Z"}}, {"model": "sessions.session", "pk": "154tdbwrhip9fou2wh05ox24b35o4fxr", "fields": {"session_data": "MTA3MDUwMmQ2YjBmY2I0MzJjNGQzZjg2OTYwMGE2ODY3NTNiNGRkMDp7ImRqYW5nb19sYW5ndWFnZSI6ImVuIiwiY3VycmVudF9yb2xlIjoiZ3VpZGUiLCJfYXV0aF91c2VyX2hhc2giOiI4YjM1Mjk2YWJkOGRkMzNiNjVkZThkODY2Zjk0MTg5N2M3ODFkYjY0IiwiX2F1dGhfdXNlcl9pZCI6IjEiLCJfbGFuZ3VhZ2UiOiJlbiIsIl9hdXRoX3VzZXJfYmFja2VuZCI6ImFsbGF1dGguYWNjb3VudC5hdXRoX2JhY2tlbmRzLkF1dGhlbnRpY2F0aW9uQmFja2VuZCIsInNvY2lhbGFjY291bnRfc3RhdGUiOlt7InByb2Nlc3MiOiJsb2dpbiIsInNjb3BlIjoiIiwiYXV0aF9wYXJhbXMiOiIiLCJuZXh0IjoiL2VuL2dlbmVyYWxfc2V0dGluZ3MvIn0sIjlVSHNGU3J4UU9ETyJdfQ==", "expire_date": "2017-08-03T23:56:39.669Z"}}, {"model": "sessions.session", "pk": "3mh9cfcy65sfp6viplbyo35m7m3isrww", "fields": {"session_data": "MWJlOGM4NzhmOWNmOTYzNmFkMjk0MTQzOWIxOTc1ZjdlY2RiYTk2Zjp7Il9hdXRoX3VzZXJfYmFja2VuZCI6ImRqYW5nby5jb250cmliLmF1dGguYmFja2VuZHMuTW9kZWxCYWNrZW5kIiwiX2F1dGhfdXNlcl9oYXNoIjoiNTAzN2Q3NjQ2OWM4ZThjZGRmMjY1ZmRhMGVmNGJjZjRmZGJjM2RkNiIsIl9hdXRoX3VzZXJfaWQiOiIxIn0=", "expire_date": "2017-07-02T09:47:58.373Z"}}, {"model": "sessions.session", "pk": "3t1kuzmvh5lt8i23upg1taxo6jt6pilv", "fields": {"session_data": "OGI0ZmQzMjYwMDNhYzQ0ZjU2Y2JiOTJjNjkzNjZlYjc2YWZkNWRhYjp7Il9sYW5ndWFnZSI6ImVuIiwiX2F1dGhfdXNlcl9oYXNoIjoiMmEyNjkyZjcwYTVlNWU0MGYzM2E3MWQxOWI5YWFlODhhN2JhMjgwZCIsIl9hdXRoX3VzZXJfYmFja2VuZCI6ImRqYW5nby5jb250cmliLmF1dGguYmFja2VuZHMuTW9kZWxCYWNrZW5kIiwiX2F1dGhfdXNlcl9pZCI6IjEifQ==", "expire_date": "2017-04-22T21:32:19.995Z"}}, {"model": "sessions.session", "pk": "3vkieqvuyyig0yhca62pg3oqhbgd6i5o", "fields": {"session_data": "OTA1NTBjZjAyYmMzNGY5N2E1ZTBkNmZjM2U2Y2MzNmQyZGZkYjY4NDp7Il9sYW5ndWFnZSI6ImVuIiwiX2F1dGhfdXNlcl9oYXNoIjoiNmE4YjM2Y2YxZmU5ODJiNTJmYzQ4ZGViNGYyNzYyZDAxYjdjMTZiNyIsIl9hdXRoX3VzZXJfYmFja2VuZCI6ImRqYW5nby5jb250cmliLmF1dGguYmFja2VuZHMuTW9kZWxCYWNrZW5kIiwiX2F1dGhfdXNlcl9pZCI6IjEiLCJjdXJyZW50X3JvbGUiOiJndWlkZSJ9", "expire_date": "2017-05-15T13:58:07.066Z"}}, {"model": "sessions.session", "pk": "48hsul9124ns045k7b6k5qdh96rj30g7", "fields": {"session_data": "YTc5YWZlZWVhYTk5NDMzNjFkZTE0NGY0NWM0MGIyYmRlZmIyNGJmNDp7ImN1cnJlbnRfcm9sZSI6Imd1aWRlIiwiX2F1dGhfdXNlcl9iYWNrZW5kIjoiZGphbmdvLmNvbnRyaWIuYXV0aC5iYWNrZW5kcy5Nb2RlbEJhY2tlbmQiLCJfYXV0aF91c2VyX2lkIjoiMSIsIl9hdXRoX3VzZXJfaGFzaCI6IjUwMzdkNzY0NjljOGU4Y2RkZjI2NWZkYTBlZjRiY2Y0ZmRiYzNkZDYifQ==", "expire_date": "2017-06-22T21:36:20.285Z"}}, {"model": "sessions.session", "pk": "4c6yz55qmbkbna5gbh8pujrm5t2xyr3m", "fields": {"session_data": "ZTdkYThkMTVlMjBiM2JkOTljOTJjZTg2MThiNTRlNmM2MjUwYmIxODp7fQ==", "expire_date": "2017-08-13T20:03:38.929Z"}}, {"model": "sessions.session", "pk": "4f8lkn5s4kyw1qkown8niqg22ydlunnj", "fields": {"session_data": "MmJlZWUyODliYWIwNjdjNDI1NGFlMGRiNDUyMzJhNmIwYTI3YTViOTp7Il9hdXRoX3VzZXJfaWQiOiIxIiwiX2F1dGhfdXNlcl9oYXNoIjoiOGIzNTI5NmFiZDhkZDMzYjY1ZGU4ZDg2NmY5NDE4OTdjNzgxZGI2NCIsIl9hdXRoX3VzZXJfYmFja2VuZCI6ImRqYW5nby5jb250cmliLmF1dGguYmFja2VuZHMuTW9kZWxCYWNrZW5kIn0=", "expire_date": "2017-08-02T10:20:10.216Z"}}, {"model": "sessions.session", "pk": "4gsfk46x3ix2qx6ssdjnffg7wntw80na", "fields": {"session_data": "ZTdkYThkMTVlMjBiM2JkOTljOTJjZTg2MThiNTRlNmM2MjUwYmIxODp7fQ==", "expire_date": "2017-08-13T20:02:50.836Z"}}, {"model": "sessions.session", "pk": "5k18v69cjmrv26es2n8xfvpegd2rkxla", "fields": {"session_data": "ZTczNjNjNjExNGY4MWEwNGY4OWRkMjYxZTY3YzVkNGY1M2QzMjZjMjp7ImN1cnJlbnRfcm9sZSI6Imd1aWRlIiwiX2F1dGhfdXNlcl9iYWNrZW5kIjoiZGphbmdvLmNvbnRyaWIuYXV0aC5iYWNrZW5kcy5Nb2RlbEJhY2tlbmQiLCJfYXV0aF91c2VyX2hhc2giOiI1MDM3ZDc2NDY5YzhlOGNkZGYyNjVmZGEwZWY0YmNmNGZkYmMzZGQ2IiwiX2F1dGhfdXNlcl9pZCI6IjEifQ==", "expire_date": "2017-07-30T22:39:20.559Z"}}, {"model": "sessions.session", "pk": "6odvmxozo4j79d5tanvemt1i6f2q6k1p", "fields": {"session_data": "ODVkOTBlYmI3OTczM2Q1Y2U5MDdlNDlmZmM4ZDdhODU3Y2ZiNzQzNDp7Il9hdXRoX3VzZXJfaGFzaCI6IjJhMjY5MmY3MGE1ZTVlNDBmMzNhNzFkMTliOWFhZTg4YTdiYTI4MGQiLCJfYXV0aF91c2VyX2JhY2tlbmQiOiJkamFuZ28uY29udHJpYi5hdXRoLmJhY2tlbmRzLk1vZGVsQmFja2VuZCIsIl9hdXRoX3VzZXJfaWQiOiIxIn0=", "expire_date": "2017-04-02T17:58:06.744Z"}}, {"model": "sessions.session", "pk": "6oe9qxaaq6cawh8hb1h2fe1s39cglapa", "fields": {"session_data": "ZTkzZmU0YzA2M2Y2OThiYThkNDg2ZmViYTI1NmZiNmUwYTU2MTAxMDp7Il9hdXRoX3VzZXJfaGFzaCI6IjViOGI1MzViNmQzY2E2NGZhOGIzYjUwYmEzNzk1MTVhM2YxMGY4ZWIiLCJfYXV0aF91c2VyX2JhY2tlbmQiOiJkamFuZ28uY29udHJpYi5hdXRoLmJhY2tlbmRzLk1vZGVsQmFja2VuZCIsIl9hdXRoX3VzZXJfaWQiOiIxIn0=", "expire_date": "2017-06-05T20:36:17.835Z"}}, {"model": "sessions.session", "pk": "6tuk848m229gzyr2y1mf0dmrqerlq1t5", "fields": {"session_data": "YzVjYTkxM2Y5YzFmODM4NGY2NWY5NTY1NTU3M2IzZDY5ZGJlM2Y3ZDp7InBlbmRpbmdfc21zX2NvZGUiOnRydWUsIl9hdXRoX3VzZXJfaGFzaCI6IjViMDMxMzllYWRmYzZmZjVjM2VlZTdlYTQ1OTk5NGZmYjZmYjViZDUiLCJwZW5kaW5nX3ZhbGlkYXRpbmdfcGhvbmUiOiIrMzgwNjg3MzA4Mjc0IiwiX2F1dGhfdXNlcl9pZCI6IjEiLCJfYXV0aF91c2VyX2JhY2tlbmQiOiJkamFuZ28uY29udHJpYi5hdXRoLmJhY2tlbmRzLk1vZGVsQmFja2VuZCIsInZhbGlkYXRpbmdfcGhvbmUiOiIrMzgwNjg3MzA4Mjc0In0=", "expire_date": "2017-08-09T11:45:03.738Z"}}, {"model": "sessions.session", "pk": "7bhdj7x4al0yqmgjep1hv16bejjqli89", "fields": {"session_data": "ODVkOTBlYmI3OTczM2Q1Y2U5MDdlNDlmZmM4ZDdhODU3Y2ZiNzQzNDp7Il9hdXRoX3VzZXJfaGFzaCI6IjJhMjY5MmY3MGE1ZTVlNDBmMzNhNzFkMTliOWFhZTg4YTdiYTI4MGQiLCJfYXV0aF91c2VyX2JhY2tlbmQiOiJkamFuZ28uY29udHJpYi5hdXRoLmJhY2tlbmRzLk1vZGVsQmFja2VuZCIsIl9hdXRoX3VzZXJfaWQiOiIxIn0=", "expire_date": "2017-04-02T17:48:27.293Z"}}, {"model": "sessions.session", "pk": "7w7486g19xsvumx0swnq6b9d28m7wg4h", "fields": {"session_data": "ODVkOTBlYmI3OTczM2Q1Y2U5MDdlNDlmZmM4ZDdhODU3Y2ZiNzQzNDp7Il9hdXRoX3VzZXJfaGFzaCI6IjJhMjY5MmY3MGE1ZTVlNDBmMzNhNzFkMTliOWFhZTg4YTdiYTI4MGQiLCJfYXV0aF91c2VyX2JhY2tlbmQiOiJkamFuZ28uY29udHJpYi5hdXRoLmJhY2tlbmRzLk1vZGVsQmFja2VuZCIsIl9hdXRoX3VzZXJfaWQiOiIxIn0=", "expire_date": "2017-04-07T02:20:28.123Z"}}, {"model": "sessions.session", "pk": "8sj7e6a6eh4l7qjmriohyritrfv1dfko", "fields": {"session_data": "ZTkzZmU0YzA2M2Y2OThiYThkNDg2ZmViYTI1NmZiNmUwYTU2MTAxMDp7Il9hdXRoX3VzZXJfaGFzaCI6IjViOGI1MzViNmQzY2E2NGZhOGIzYjUwYmEzNzk1MTVhM2YxMGY4ZWIiLCJfYXV0aF91c2VyX2JhY2tlbmQiOiJkamFuZ28uY29udHJpYi5hdXRoLmJhY2tlbmRzLk1vZGVsQmFja2VuZCIsIl9hdXRoX3VzZXJfaWQiOiIxIn0=", "expire_date": "2017-05-21T20:18:00.941Z"}}, {"model": "sessions.session", "pk": "8tm5fvxzu2zcji0gvf3p1040bray3hjq", "fields": {"session_data": "NzRmMmQ0NWYyNmY4YmU3YmM2ZDIyYWE2OWMwMjMwOTcyNTk0MzQ0Nzp7Il9hdXRoX3VzZXJfaGFzaCI6IjUwMzdkNzY0NjljOGU4Y2RkZjI2NWZkYTBlZjRiY2Y0ZmRiYzNkZDYiLCJfYXV0aF91c2VyX2lkIjoiMSIsIl9hdXRoX3VzZXJfYmFja2VuZCI6ImRqYW5nby5jb250cmliLmF1dGguYmFja2VuZHMuTW9kZWxCYWNrZW5kIn0=", "expire_date": "2017-06-26T00:47:10.934Z"}}, {"model": "sessions.session", "pk": "aw86sxxetju00u7lyoh426z3f3fulaf9", "fields": {"session_data": "NDA0YTMxYzUzOTcwOWNkNzIyMDZiNTcxNzkyMjBkNjFhNmUwOGQ1Nzp7Il9hdXRoX3VzZXJfaGFzaCI6IjZhOGIzNmNmMWZlOTgyYjUyZmM0OGRlYjRmMjc2MmQwMWI3YzE2YjciLCJfYXV0aF91c2VyX2JhY2tlbmQiOiJkamFuZ28uY29udHJpYi5hdXRoLmJhY2tlbmRzLk1vZGVsQmFja2VuZCIsIl9hdXRoX3VzZXJfaWQiOiIxIiwiY3VycmVudF9yb2xlIjoidG91cmlzdCJ9", "expire_date": "2017-05-17T07:23:39.714Z"}}, {"model": "sessions.session", "pk": "bdbshc5t241e2blnyedf828iiae6kpsk", "fields": {"session_data": "NjZhZGExODIwNGYxNDA3Y2MzOTgwNjYxMTUxZDhkZWU0ZTM0YjFkMDp7Il9hdXRoX3VzZXJfYmFja2VuZCI6ImRqYW5nby5jb250cmliLmF1dGguYmFja2VuZHMuTW9kZWxCYWNrZW5kIiwiYnJhaW50cmVlX2NsaWVudF90b2tlbiI6ImV5SjJaWEp6YVc5dUlqb3lMQ0poZFhSb2IzSnBlbUYwYVc5dVJtbHVaMlZ5Y0hKcGJuUWlPaUprWmpnNVlqSmlPREJsTldZMFpqVXpabVptTkRZM016RTFOR1V6Wm1GaE1HSTNOemRtTXpreE5HUTBNREJoWWpsbFpqVTBPVGxsT0RrMlpUZG1OekU1ZkdOeVpXRjBaV1JmWVhROU1qQXhOeTB3TnkweU0xUXhOem8wTmpvek9DNHpPVEUwTkRJeE5ESXJNREF3TUZ4MU1EQXlObTFsY21Ob1lXNTBYMmxrUFdkMmNHNDRiVGg0Y1dkMlkyZHVPSEJjZFRBd01qWndkV0pzYVdOZmEyVjVQV28wYzJkcmFuUjJibVoyZHpNM2RHWWlMQ0pqYjI1bWFXZFZjbXdpT2lKb2RIUndjem92TDJGd2FTNXpZVzVrWW05NExtSnlZV2x1ZEhKbFpXZGhkR1YzWVhrdVkyOXRPalEwTXk5dFpYSmphR0Z1ZEhNdlozWndiamh0T0hoeFozWmpaMjQ0Y0M5amJHbGxiblJmWVhCcEwzWXhMMk52Ym1acFozVnlZWFJwYjI0aUxDSmphR0ZzYkdWdVoyVnpJanBiWFN3aVpXNTJhWEp2Ym0xbGJuUWlPaUp6WVc1a1ltOTRJaXdpWTJ4cFpXNTBRWEJwVlhKc0lqb2lhSFIwY0hNNkx5OWhjR2t1YzJGdVpHSnZlQzVpY21GcGJuUnlaV1ZuWVhSbGQyRjVMbU52YlRvME5ETXZiV1Z5WTJoaGJuUnpMMmQyY0c0NGJUaDRjV2QyWTJkdU9IQXZZMnhwWlc1MFgyRndhU0lzSW1GemMyVjBjMVZ5YkNJNkltaDBkSEJ6T2k4dllYTnpaWFJ6TG1KeVlXbHVkSEpsWldkaGRHVjNZWGt1WTI5dElpd2lZWFYwYUZWeWJDSTZJbWgwZEhCek9pOHZZWFYwYUM1MlpXNXRieTV6WVc1a1ltOTRMbUp5WVdsdWRISmxaV2RoZEdWM1lYa3VZMjl0SWl3aVlXNWhiSGwwYVdOeklqcDdJblZ5YkNJNkltaDBkSEJ6T2k4dlkyeHBaVzUwTFdGdVlXeDVkR2xqY3k1ellXNWtZbTk0TG1KeVlXbHVkSEpsWldkaGRHVjNZWGt1WTI5dEwyZDJjRzQ0YlRoNGNXZDJZMmR1T0hBaWZTd2lkR2h5WldWRVUyVmpkWEpsUlc1aFlteGxaQ0k2ZEhKMVpTd2ljR0Y1Y0dGc1JXNWhZbXhsWkNJNmRISjFaU3dpY0dGNWNHRnNJanA3SW1ScGMzQnNZWGxPWVcxbElqb2lRV3hsZUUxbFpIWmxaRU52YlhCaGJua2lMQ0pqYkdsbGJuUkpaQ0k2Ym5Wc2JDd2ljSEpwZG1GamVWVnliQ0k2SW1oMGRIQTZMeTlsZUdGdGNHeGxMbU52YlM5d2NDSXNJblZ6WlhKQlozSmxaVzFsYm5SVmNtd2lPaUpvZEhSd09pOHZaWGhoYlhCc1pTNWpiMjB2ZEc5eklpd2lZbUZ6WlZWeWJDSTZJbWgwZEhCek9pOHZZWE56WlhSekxtSnlZV2x1ZEhKbFpXZGhkR1YzWVhrdVkyOXRJaXdpWVhOelpYUnpWWEpzSWpvaWFIUjBjSE02THk5amFHVmphMjkxZEM1d1lYbHdZV3d1WTI5dElpd2laR2x5WldOMFFtRnpaVlZ5YkNJNmJuVnNiQ3dpWVd4c2IzZElkSFJ3SWpwMGNuVmxMQ0psYm5acGNtOXViV1Z1ZEU1dlRtVjBkMjl5YXlJNmRISjFaU3dpWlc1MmFYSnZibTFsYm5RaU9pSnZabVpzYVc1bElpd2lkVzUyWlhSMFpXUk5aWEpqYUdGdWRDSTZabUZzYzJVc0ltSnlZV2x1ZEhKbFpVTnNhV1Z1ZEVsa0lqb2liV0Z6ZEdWeVkyeHBaVzUwTXlJc0ltSnBiR3hwYm1kQlozSmxaVzFsYm5SelJXNWhZbXhsWkNJNmRISjFaU3dpYldWeVkyaGhiblJCWTJOdmRXNTBTV1FpT2lKaGJHVjRiV1ZrZG1Wa1kyOXRjR0Z1ZVNJc0ltTjFjbkpsYm1ONVNYTnZRMjlrWlNJNklsVlRSQ0o5TENKamIybHVZbUZ6WlVWdVlXSnNaV1FpT21aaGJITmxMQ0p0WlhKamFHRnVkRWxrSWpvaVozWndiamh0T0hoeFozWmpaMjQ0Y0NJc0luWmxibTF2SWpvaWIyWm1JbjA9IiwiY3VycmVudF9yb2xlIjoidG91cmlzdCIsIl9hdXRoX3VzZXJfaWQiOiIxIiwiX2F1dGhfdXNlcl9oYXNoIjoiOGIzNTI5NmFiZDhkZDMzYjY1ZGU4ZDg2NmY5NDE4OTdjNzgxZGI2NCJ9", "expire_date": "2017-08-06T19:41:45.348Z"}}, {"model": "sessions.session", "pk": "bwn9whjwwongl844old3ofwk7zbdcd9o", "fields": {"session_data": "YTZjODc1NGIzMzg5MDAxMGQwNWJkMDdkZmE4YmQ2YTE2Njk4Y2MyYTp7Il9hdXRoX3VzZXJfaWQiOiIxIiwiX2F1dGhfdXNlcl9iYWNrZW5kIjoiZGphbmdvLmNvbnRyaWIuYXV0aC5iYWNrZW5kcy5Nb2RlbEJhY2tlbmQiLCJfYXV0aF91c2VyX2hhc2giOiI1YjAzMTM5ZWFkZmM2ZmY1YzNlZWU3ZWE0NTk5OTRmZmI2ZmI1YmQ1In0=", "expire_date": "2017-08-22T10:07:24.487Z"}}, {"model": "sessions.session", "pk": "cx5y5lpfh6toa94gyov2528qkz8wtoez", "fields": {"session_data": "ZTkzZmU0YzA2M2Y2OThiYThkNDg2ZmViYTI1NmZiNmUwYTU2MTAxMDp7Il9hdXRoX3VzZXJfaGFzaCI6IjViOGI1MzViNmQzY2E2NGZhOGIzYjUwYmEzNzk1MTVhM2YxMGY4ZWIiLCJfYXV0aF91c2VyX2JhY2tlbmQiOiJkamFuZ28uY29udHJpYi5hdXRoLmJhY2tlbmRzLk1vZGVsQmFja2VuZCIsIl9hdXRoX3VzZXJfaWQiOiIxIn0=", "expire_date": "2017-06-06T10:15:03.070Z"}}, {"model": "sessions.session", "pk": "fbu2fcsvek3yt9qu93sapxig5o4g749u", "fields": {"session_data": "ODVkOTBlYmI3OTczM2Q1Y2U5MDdlNDlmZmM4ZDdhODU3Y2ZiNzQzNDp7Il9hdXRoX3VzZXJfaGFzaCI6IjJhMjY5MmY3MGE1ZTVlNDBmMzNhNzFkMTliOWFhZTg4YTdiYTI4MGQiLCJfYXV0aF91c2VyX2JhY2tlbmQiOiJkamFuZ28uY29udHJpYi5hdXRoLmJhY2tlbmRzLk1vZGVsQmFja2VuZCIsIl9hdXRoX3VzZXJfaWQiOiIxIn0=", "expire_date": "2017-04-07T07:05:39.252Z"}}, {"model": "sessions.session", "pk": "ftlim9pvd5cxx0erd6aq4hjmnofbk49c", "fields": {"session_data": "ODVkOTBlYmI3OTczM2Q1Y2U5MDdlNDlmZmM4ZDdhODU3Y2ZiNzQzNDp7Il9hdXRoX3VzZXJfaGFzaCI6IjJhMjY5MmY3MGE1ZTVlNDBmMzNhNzFkMTliOWFhZTg4YTdiYTI4MGQiLCJfYXV0aF91c2VyX2JhY2tlbmQiOiJkamFuZ28uY29udHJpYi5hdXRoLmJhY2tlbmRzLk1vZGVsQmFja2VuZCIsIl9hdXRoX3VzZXJfaWQiOiIxIn0=", "expire_date": "2017-03-26T09:00:01.824Z"}}, {"model": "sessions.session", "pk": "fw3ng8adw8mn4tzhqdd7ulq7tmtzf2ys", "fields": {"session_data": "MTk3NzE2NDRmMzE3MzI4Yjc1NjFiMDFlMzNjZjkyODliNGUwMzE5ZTp7Il9hdXRoX3VzZXJfaGFzaCI6IjczZDY2YmZlMTdlNjYzMWM0OTU2MWI0MzFkMjliM2Y0NmVmOGNlNWYiLCJicmFpbnRyZWVfY2xpZW50X3Rva2VuIjoiZXlKMlpYSnphVzl1SWpveUxDSmhkWFJvYjNKcGVtRjBhVzl1Um1sdVoyVnljSEpwYm5RaU9pSmlORGsyWmpoa05qbGlOamt6TWpKak5UYzNORGM0WkRJd05qUTFOVE01TVRnek1qaG1NemczWXpnNVpESmxZekF3Tm1GaE5tWTJZMlU0WW1ZeE5UbGpmR055WldGMFpXUmZZWFE5TWpBeE55MHdOeTB4TjFRd01Eb3dOam93T0M0eE1ERTFOamM0TnpZck1EQXdNRngxTURBeU5tMWxjbU5vWVc1MFgybGtQV2QyY0c0NGJUaDRjV2QyWTJkdU9IQmNkVEF3TWpad2RXSnNhV05mYTJWNVBXbzBjMmRyYW5SMmJtWjJkek0zZEdZaUxDSmpiMjVtYVdkVmNtd2lPaUpvZEhSd2N6b3ZMMkZ3YVM1ellXNWtZbTk0TG1KeVlXbHVkSEpsWldkaGRHVjNZWGt1WTI5dE9qUTBNeTl0WlhKamFHRnVkSE12WjNad2JqaHRPSGh4WjNaaloyNDRjQzlqYkdsbGJuUmZZWEJwTDNZeEwyTnZibVpwWjNWeVlYUnBiMjRpTENKamFHRnNiR1Z1WjJWeklqcGJYU3dpWlc1MmFYSnZibTFsYm5RaU9pSnpZVzVrWW05NElpd2lZMnhwWlc1MFFYQnBWWEpzSWpvaWFIUjBjSE02THk5aGNHa3VjMkZ1WkdKdmVDNWljbUZwYm5SeVpXVm5ZWFJsZDJGNUxtTnZiVG8wTkRNdmJXVnlZMmhoYm5SekwyZDJjRzQ0YlRoNGNXZDJZMmR1T0hBdlkyeHBaVzUwWDJGd2FTSXNJbUZ6YzJWMGMxVnliQ0k2SW1oMGRIQnpPaTh2WVhOelpYUnpMbUp5WVdsdWRISmxaV2RoZEdWM1lYa3VZMjl0SWl3aVlYVjBhRlZ5YkNJNkltaDBkSEJ6T2k4dllYVjBhQzUyWlc1dGJ5NXpZVzVrWW05NExtSnlZV2x1ZEhKbFpXZGhkR1YzWVhrdVkyOXRJaXdpWVc1aGJIbDBhV056SWpwN0luVnliQ0k2SW1oMGRIQnpPaTh2WTJ4cFpXNTBMV0Z1WVd4NWRHbGpjeTV6WVc1a1ltOTRMbUp5WVdsdWRISmxaV2RoZEdWM1lYa3VZMjl0TDJkMmNHNDRiVGg0Y1dkMlkyZHVPSEFpZlN3aWRHaHlaV1ZFVTJWamRYSmxSVzVoWW14bFpDSTZkSEoxWlN3aWNHRjVjR0ZzUlc1aFlteGxaQ0k2ZEhKMVpTd2ljR0Y1Y0dGc0lqcDdJbVJwYzNCc1lYbE9ZVzFsSWpvaVFXeGxlRTFsWkhabFpFTnZiWEJoYm5raUxDSmpiR2xsYm5SSlpDSTZiblZzYkN3aWNISnBkbUZqZVZWeWJDSTZJbWgwZEhBNkx5OWxlR0Z0Y0d4bExtTnZiUzl3Y0NJc0luVnpaWEpCWjNKbFpXMWxiblJWY213aU9pSm9kSFJ3T2k4dlpYaGhiWEJzWlM1amIyMHZkRzl6SWl3aVltRnpaVlZ5YkNJNkltaDBkSEJ6T2k4dllYTnpaWFJ6TG1KeVlXbHVkSEpsWldkaGRHVjNZWGt1WTI5dElpd2lZWE56WlhSelZYSnNJam9pYUhSMGNITTZMeTlqYUdWamEyOTFkQzV3WVhsd1lXd3VZMjl0SWl3aVpHbHlaV04wUW1GelpWVnliQ0k2Ym5Wc2JDd2lZV3hzYjNkSWRIUndJanAwY25WbExDSmxiblpwY205dWJXVnVkRTV2VG1WMGQyOXlheUk2ZEhKMVpTd2laVzUyYVhKdmJtMWxiblFpT2lKdlptWnNhVzVsSWl3aWRXNTJaWFIwWldSTlpYSmphR0Z1ZENJNlptRnNjMlVzSW1KeVlXbHVkSEpsWlVOc2FXVnVkRWxrSWpvaWJXRnpkR1Z5WTJ4cFpXNTBNeUlzSW1KcGJHeHBibWRCWjNKbFpXMWxiblJ6Ulc1aFlteGxaQ0k2ZEhKMVpTd2liV1Z5WTJoaGJuUkJZMk52ZFc1MFNXUWlPaUpoYkdWNGJXVmtkbVZrWTI5dGNHRnVlU0lzSW1OMWNuSmxibU41U1hOdlEyOWtaU0k2SWxWVFJDSjlMQ0pqYjJsdVltRnpaVVZ1WVdKc1pXUWlPbVpoYkhObExDSnRaWEpqYUdGdWRFbGtJam9pWjNad2JqaHRPSGh4WjNaaloyNDRjQ0lzSW5abGJtMXZJam9pYjJabUluMD0iLCJhY2NvdW50X3ZlcmlmaWVkX2VtYWlsIjpudWxsLCJfYXV0aF91c2VyX2lkIjoiMjciLCJfYXV0aF91c2VyX2JhY2tlbmQiOiJhbGxhdXRoLmFjY291bnQuYXV0aF9iYWNrZW5kcy5BdXRoZW50aWNhdGlvbkJhY2tlbmQifQ==", "expire_date": "2017-07-31T00:06:09.496Z"}}, {"model": "sessions.session", "pk": "fxc3ruc0qk6r3r4r5mydv24lwy01rvbd", "fields": {"session_data": "ZTkzZmU0YzA2M2Y2OThiYThkNDg2ZmViYTI1NmZiNmUwYTU2MTAxMDp7Il9hdXRoX3VzZXJfaGFzaCI6IjViOGI1MzViNmQzY2E2NGZhOGIzYjUwYmEzNzk1MTVhM2YxMGY4ZWIiLCJfYXV0aF91c2VyX2JhY2tlbmQiOiJkamFuZ28uY29udHJpYi5hdXRoLmJhY2tlbmRzLk1vZGVsQmFja2VuZCIsIl9hdXRoX3VzZXJfaWQiOiIxIn0=", "expire_date": "2017-05-28T14:20:16.275Z"}}, {"model": "sessions.session", "pk": "g0f2b8tghs27cxf0t7gb7j2su342xi6b", "fields": {"session_data": "ODQwYTM4NDc2M2NkMTRiN2FiZWE1NTgxMmNhM2JjN2NkYzY2NjkxNzp7Il9hdXRoX3VzZXJfaWQiOiIxIiwiX2F1dGhfdXNlcl9oYXNoIjoiNTAzN2Q3NjQ2OWM4ZThjZGRmMjY1ZmRhMGVmNGJjZjRmZGJjM2RkNiIsIl9hdXRoX3VzZXJfYmFja2VuZCI6ImRqYW5nby5jb250cmliLmF1dGguYmFja2VuZHMuTW9kZWxCYWNrZW5kIn0=", "expire_date": "2017-07-10T19:44:13.710Z"}}, {"model": "sessions.session", "pk": "gl0omk6o7uwa7mj66vezbfwt40huiqzi", "fields": {"session_data": "ODVkOTBlYmI3OTczM2Q1Y2U5MDdlNDlmZmM4ZDdhODU3Y2ZiNzQzNDp7Il9hdXRoX3VzZXJfaGFzaCI6IjJhMjY5MmY3MGE1ZTVlNDBmMzNhNzFkMTliOWFhZTg4YTdiYTI4MGQiLCJfYXV0aF91c2VyX2JhY2tlbmQiOiJkamFuZ28uY29udHJpYi5hdXRoLmJhY2tlbmRzLk1vZGVsQmFja2VuZCIsIl9hdXRoX3VzZXJfaWQiOiIxIn0=", "expire_date": "2017-03-26T08:03:03.124Z"}}, {"model": "sessions.session", "pk": "gn2sbx9ipg0updk7osjq9af1wsqeg7op", "fields": {"session_data": "ODVkOTBlYmI3OTczM2Q1Y2U5MDdlNDlmZmM4ZDdhODU3Y2ZiNzQzNDp7Il9hdXRoX3VzZXJfaGFzaCI6IjJhMjY5MmY3MGE1ZTVlNDBmMzNhNzFkMTliOWFhZTg4YTdiYTI4MGQiLCJfYXV0aF91c2VyX2JhY2tlbmQiOiJkamFuZ28uY29udHJpYi5hdXRoLmJhY2tlbmRzLk1vZGVsQmFja2VuZCIsIl9hdXRoX3VzZXJfaWQiOiIxIn0=", "expire_date": "2017-04-25T17:41:23.764Z"}}, {"model": "sessions.session", "pk": "gp594eur0b3ceresli7snmut9hih9mey", "fields": {"session_data": "ZDlkOGI3NDlhYzRhZjY5YTg0ZDQ0ZmQyZTEzZjcwMGU1MTU4ZWRjNDp7Il9hdXRoX3VzZXJfaGFzaCI6IjUwMzdkNzY0NjljOGU4Y2RkZjI2NWZkYTBlZjRiY2Y0ZmRiYzNkZDYiLCJfYXV0aF91c2VyX2JhY2tlbmQiOiJkamFuZ28uY29udHJpYi5hdXRoLmJhY2tlbmRzLk1vZGVsQmFja2VuZCIsIl9hdXRoX3VzZXJfaWQiOiIxIn0=", "expire_date": "2017-07-01T14:39:25.686Z"}}, {"model": "sessions.session", "pk": "h6rke96naliyy8dx1isckl3ki23cihev", "fields": {"session_data": "NTZiMzEzYTAwYzk4OGI5NDBlNTYyYTFiMjkzN2NhZTRhZTYxMzQ3NTp7Il9hdXRoX3VzZXJfaGFzaCI6IjZhOGIzNmNmMWZlOTgyYjUyZmM0OGRlYjRmMjc2MmQwMWI3YzE2YjciLCJfYXV0aF91c2VyX2JhY2tlbmQiOiJkamFuZ28uY29udHJpYi5hdXRoLmJhY2tlbmRzLk1vZGVsQmFja2VuZCIsIl9hdXRoX3VzZXJfaWQiOiIxIiwiY3VycmVudF9yb2xlIjoiZ3VpZGUifQ==", "expire_date": "2017-05-20T10:36:46.632Z"}}, {"model": "sessions.session", "pk": "h7c66xj86n0lct9zcrss58ghq9045xxz", "fields": {"session_data": "ZTVhOTg0ODM5Yzg3Y2NmMWZmOWJmM2FjODA1MTEwZjg0ZWY5NjU4Nzp7Il9hdXRoX3VzZXJfaWQiOiIxIiwiX2F1dGhfdXNlcl9iYWNrZW5kIjoiZGphbmdvLmNvbnRyaWIuYXV0aC5iYWNrZW5kcy5Nb2RlbEJhY2tlbmQiLCJfbGFuZ3VhZ2UiOiJlbiIsIl9hdXRoX3VzZXJfaGFzaCI6IjZhOGIzNmNmMWZlOTgyYjUyZmM0OGRlYjRmMjc2MmQwMWI3YzE2YjciLCJkamFuZ29fbGFuZ3VhZ2UiOiJlbiIsImN1cnJlbnRfcm9sZSI6InRvdXJpc3QifQ==", "expire_date": "2017-05-18T15:41:15.477Z"}}, {"model": "sessions.session", "pk": "hc09kxfi55m5l00g2y98j0e2x8pyzqve", "fields": {"session_data": "ODM5NWJkMGQ2OWExZjc0MjYxMzUyMjA5NWZiZWY2ZDFjY2E3YzUzMzp7Il9hdXRoX3VzZXJfaWQiOiIxIiwiX2F1dGhfdXNlcl9iYWNrZW5kIjoiZGphbmdvLmNvbnRyaWIuYXV0aC5iYWNrZW5kcy5Nb2RlbEJhY2tlbmQiLCJjdXJyZW50X3JvbGUiOiJndWlkZSIsIl9hdXRoX3VzZXJfaGFzaCI6IjViMDMxMzllYWRmYzZmZjVjM2VlZTdlYTQ1OTk5NGZmYjZmYjViZDUifQ==", "expire_date": "2017-08-10T08:53:36.611Z"}}, {"model": "sessions.session", "pk": "hoxfzrg30o4z1xf2tlxe7sgn70a2j1et", "fields": {"session_data": "ZDQ2OWY5NWZlYjMyNmM1MjVjZDY4MDdjMTBiOTk4ODM0OTRkMWUzZTp7ImFjY291bnRfdmVyaWZpZWRfZW1haWwiOm51bGwsIl9hdXRoX3VzZXJfaGFzaCI6IjhmNWYwNWJlNDkyNjQ5OTZlOTQ5MTU0NDNmOGExOWVmMmVhMTBhOTAiLCJfYXV0aF91c2VyX2JhY2tlbmQiOiJhbGxhdXRoLmFjY291bnQuYXV0aF9iYWNrZW5kcy5BdXRoZW50aWNhdGlvbkJhY2tlbmQiLCJfYXV0aF91c2VyX2lkIjoiMjIifQ==", "expire_date": "2017-07-10T07:49:58.574Z"}}, {"model": "sessions.session", "pk": "hsy89i8gufsgmawv81pil8g3cldcaobf", "fields": {"session_data": "Yzc5ODEzYmUzNGE3NzYzNWUwNjM4NDliNjNiYzFkNmQ4NzIxMWRkZjp7Il9hdXRoX3VzZXJfaGFzaCI6ImI2NmY3YTE0NjI0OGZjZDZmNzRiZmZjY2I0ZWVjZDBkMTE0OTFiYWUiLCJfYXV0aF91c2VyX2JhY2tlbmQiOiJkamFuZ28uY29udHJpYi5hdXRoLmJhY2tlbmRzLk1vZGVsQmFja2VuZCIsIl9hdXRoX3VzZXJfaWQiOiI5In0=", "expire_date": "2017-05-21T22:23:04.631Z"}}, {"model": "sessions.session", "pk": "jn7qvuv7uw6380b1mz9h3q26gtbf7onc", "fields": {"session_data": "MmY2YzBmZGQ2NDMzNTY2NWIxNGMwMDgwM2EyYmIxOTJmMzI1NmNiNTp7Il9hdXRoX3VzZXJfYmFja2VuZCI6ImRqYW5nby5jb250cmliLmF1dGguYmFja2VuZHMuTW9kZWxCYWNrZW5kIiwiYnJhaW50cmVlX2NsaWVudF90b2tlbiI6ImV5SjJaWEp6YVc5dUlqb3lMQ0poZFhSb2IzSnBlbUYwYVc5dVJtbHVaMlZ5Y0hKcGJuUWlPaUl6TmpaalkyTTBNemhrTVRBMlpEWXdaR0ZrT0RJNU5tVTFZVFEzTlRFNVltUTVNR05tTURjek16QmxPV1F4WlRnNVl6SmlOVFl6WkdaaU1qaG1PV1EyZkdOeVpXRjBaV1JmWVhROU1qQXhOeTB3TmkweE9GUXlNVG8xTVRvd01pNDBOalU1TURNMU5qVXJNREF3TUZ4MU1EQXlObTFsY21Ob1lXNTBYMmxrUFdkMmNHNDRiVGg0Y1dkMlkyZHVPSEJjZFRBd01qWndkV0pzYVdOZmEyVjVQV28wYzJkcmFuUjJibVoyZHpNM2RHWWlMQ0pqYjI1bWFXZFZjbXdpT2lKb2RIUndjem92TDJGd2FTNXpZVzVrWW05NExtSnlZV2x1ZEhKbFpXZGhkR1YzWVhrdVkyOXRPalEwTXk5dFpYSmphR0Z1ZEhNdlozWndiamh0T0hoeFozWmpaMjQ0Y0M5amJHbGxiblJmWVhCcEwzWXhMMk52Ym1acFozVnlZWFJwYjI0aUxDSmphR0ZzYkdWdVoyVnpJanBiWFN3aVpXNTJhWEp2Ym0xbGJuUWlPaUp6WVc1a1ltOTRJaXdpWTJ4cFpXNTBRWEJwVlhKc0lqb2lhSFIwY0hNNkx5OWhjR2t1YzJGdVpHSnZlQzVpY21GcGJuUnlaV1ZuWVhSbGQyRjVMbU52YlRvME5ETXZiV1Z5WTJoaGJuUnpMMmQyY0c0NGJUaDRjV2QyWTJkdU9IQXZZMnhwWlc1MFgyRndhU0lzSW1GemMyVjBjMVZ5YkNJNkltaDBkSEJ6T2k4dllYTnpaWFJ6TG1KeVlXbHVkSEpsWldkaGRHVjNZWGt1WTI5dElpd2lZWFYwYUZWeWJDSTZJbWgwZEhCek9pOHZZWFYwYUM1MlpXNXRieTV6WVc1a1ltOTRMbUp5WVdsdWRISmxaV2RoZEdWM1lYa3VZMjl0SWl3aVlXNWhiSGwwYVdOeklqcDdJblZ5YkNJNkltaDBkSEJ6T2k4dlkyeHBaVzUwTFdGdVlXeDVkR2xqY3k1ellXNWtZbTk0TG1KeVlXbHVkSEpsWldkaGRHVjNZWGt1WTI5dEwyZDJjRzQ0YlRoNGNXZDJZMmR1T0hBaWZTd2lkR2h5WldWRVUyVmpkWEpsUlc1aFlteGxaQ0k2ZEhKMVpTd2ljR0Y1Y0dGc1JXNWhZbXhsWkNJNmRISjFaU3dpY0dGNWNHRnNJanA3SW1ScGMzQnNZWGxPWVcxbElqb2lRV3hsZUUxbFpIWmxaRU52YlhCaGJua2lMQ0pqYkdsbGJuUkpaQ0k2Ym5Wc2JDd2ljSEpwZG1GamVWVnliQ0k2SW1oMGRIQTZMeTlsZUdGdGNHeGxMbU52YlM5d2NDSXNJblZ6WlhKQlozSmxaVzFsYm5SVmNtd2lPaUpvZEhSd09pOHZaWGhoYlhCc1pTNWpiMjB2ZEc5eklpd2lZbUZ6WlZWeWJDSTZJbWgwZEhCek9pOHZZWE56WlhSekxtSnlZV2x1ZEhKbFpXZGhkR1YzWVhrdVkyOXRJaXdpWVhOelpYUnpWWEpzSWpvaWFIUjBjSE02THk5amFHVmphMjkxZEM1d1lYbHdZV3d1WTI5dElpd2laR2x5WldOMFFtRnpaVlZ5YkNJNmJuVnNiQ3dpWVd4c2IzZElkSFJ3SWpwMGNuVmxMQ0psYm5acGNtOXViV1Z1ZEU1dlRtVjBkMjl5YXlJNmRISjFaU3dpWlc1MmFYSnZibTFsYm5RaU9pSnZabVpzYVc1bElpd2lkVzUyWlhSMFpXUk5aWEpqYUdGdWRDSTZabUZzYzJVc0ltSnlZV2x1ZEhKbFpVTnNhV1Z1ZEVsa0lqb2liV0Z6ZEdWeVkyeHBaVzUwTXlJc0ltSnBiR3hwYm1kQlozSmxaVzFsYm5SelJXNWhZbXhsWkNJNmRISjFaU3dpYldWeVkyaGhiblJCWTJOdmRXNTBTV1FpT2lKaGJHVjRiV1ZrZG1Wa1kyOXRjR0Z1ZVNJc0ltTjFjbkpsYm1ONVNYTnZRMjlrWlNJNklsVlRSQ0o5TENKamIybHVZbUZ6WlVWdVlXSnNaV1FpT21aaGJITmxMQ0p0WlhKamFHRnVkRWxrSWpvaVozWndiamh0T0hoeFozWmpaMjQ0Y0NJc0luWmxibTF2SWpvaWIyWm1JbjA9IiwiX2F1dGhfdXNlcl9pZCI6IjEiLCJfYXV0aF91c2VyX2hhc2giOiI1MDM3ZDc2NDY5YzhlOGNkZGYyNjVmZGEwZWY0YmNmNGZkYmMzZGQ2In0=", "expire_date": "2017-07-02T21:51:03.546Z"}}, {"model": "sessions.session", "pk": "jpfxsjiwsj61a8o22aojlsj9xgk22m58", "fields": {"session_data": "ODVkOTBlYmI3OTczM2Q1Y2U5MDdlNDlmZmM4ZDdhODU3Y2ZiNzQzNDp7Il9hdXRoX3VzZXJfaGFzaCI6IjJhMjY5MmY3MGE1ZTVlNDBmMzNhNzFkMTliOWFhZTg4YTdiYTI4MGQiLCJfYXV0aF91c2VyX2JhY2tlbmQiOiJkamFuZ28uY29udHJpYi5hdXRoLmJhY2tlbmRzLk1vZGVsQmFja2VuZCIsIl9hdXRoX3VzZXJfaWQiOiIxIn0=", "expire_date": "2017-03-26T06:02:53.626Z"}}, {"model": "sessions.session", "pk": "kqh5os19vi4vfc0921sghhan4juhi0yv", "fields": {"session_data": "ODVkOTBlYmI3OTczM2Q1Y2U5MDdlNDlmZmM4ZDdhODU3Y2ZiNzQzNDp7Il9hdXRoX3VzZXJfaGFzaCI6IjJhMjY5MmY3MGE1ZTVlNDBmMzNhNzFkMTliOWFhZTg4YTdiYTI4MGQiLCJfYXV0aF91c2VyX2JhY2tlbmQiOiJkamFuZ28uY29udHJpYi5hdXRoLmJhY2tlbmRzLk1vZGVsQmFja2VuZCIsIl9hdXRoX3VzZXJfaWQiOiIxIn0=", "expire_date": "2017-04-25T16:45:13.955Z"}}, {"model": "sessions.session", "pk": "m4n6jroytvvj5losgfe4g9a084n6q6fp", "fields": {"session_data": "ODVkOTBlYmI3OTczM2Q1Y2U5MDdlNDlmZmM4ZDdhODU3Y2ZiNzQzNDp7Il9hdXRoX3VzZXJfaGFzaCI6IjJhMjY5MmY3MGE1ZTVlNDBmMzNhNzFkMTliOWFhZTg4YTdiYTI4MGQiLCJfYXV0aF91c2VyX2JhY2tlbmQiOiJkamFuZ28uY29udHJpYi5hdXRoLmJhY2tlbmRzLk1vZGVsQmFja2VuZCIsIl9hdXRoX3VzZXJfaWQiOiIxIn0=", "expire_date": "2017-04-15T15:23:28.414Z"}}, {"model": "sessions.session", "pk": "mii9x67vuk1yq03xhjvbuuwf436nb4yu", "fields": {"session_data": "ZjEyZTQxZTUyYzVmMmE0Nzg5NGFhZDk3MjE2NWMxMTFiZTg3ZWVhMzp7Il9hdXRoX3VzZXJfaGFzaCI6IjUzZDg0Y2Y5MGJhMTdhZTE2ZjY1YzI2YzJhMjBiYThkM2M3MTc0MmQiLCJfYXV0aF91c2VyX2JhY2tlbmQiOiJkamFuZ28uY29udHJpYi5hdXRoLmJhY2tlbmRzLk1vZGVsQmFja2VuZCIsIl9hdXRoX3VzZXJfaWQiOiI3In0=", "expire_date": "2017-04-25T17:43:09.278Z"}}, {"model": "sessions.session", "pk": "niy92hijhb01tpq9ndul1dx1dzhz5md3", "fields": {"session_data": "MGRiMmY4OWQ2ZTQ0MDEzZTZiMWNlZGQyYjM4YWUyMmY4MWYxMGEyNTp7Il9hdXRoX3VzZXJfaGFzaCI6IjViMDMxMzllYWRmYzZmZjVjM2VlZTdlYTQ1OTk5NGZmYjZmYjViZDUiLCJfYXV0aF91c2VyX2JhY2tlbmQiOiJkamFuZ28uY29udHJpYi5hdXRoLmJhY2tlbmRzLk1vZGVsQmFja2VuZCIsIl9hdXRoX3VzZXJfaWQiOiIxIn0=", "expire_date": "2017-08-22T14:19:17.699Z"}}, {"model": "sessions.session", "pk": "ok02xgu1mps759tej295p1uxvba8m8tn", "fields": {"session_data": "NGVjOGJhNDMzZjUxN2Y1NDA4MjlmNjI0NTUxODAxN2RjZjJiNThiZTp7Il9hdXRoX3VzZXJfaWQiOiIyMCIsIl9hdXRoX3VzZXJfaGFzaCI6ImU5ZTBmMjU1ZmE5MmVkNjYxM2Q4YjAwNjMzNWI3N2EzNmRiMmZmZTYiLCJhY2NvdW50X3ZlcmlmaWVkX2VtYWlsIjpudWxsLCJjdXJyZW50X3JvbGUiOiJ0b3VyaXN0IiwiX2F1dGhfdXNlcl9iYWNrZW5kIjoiYWxsYXV0aC5hY2NvdW50LmF1dGhfYmFja2VuZHMuQXV0aGVudGljYXRpb25CYWNrZW5kIn0=", "expire_date": "2017-06-24T19:36:37.644Z"}}, {"model": "sessions.session", "pk": "omswf3b7hnlm8gm2oow3uqib7h6nv5rd", "fields": {"session_data": "ZDlkOGI3NDlhYzRhZjY5YTg0ZDQ0ZmQyZTEzZjcwMGU1MTU4ZWRjNDp7Il9hdXRoX3VzZXJfaGFzaCI6IjUwMzdkNzY0NjljOGU4Y2RkZjI2NWZkYTBlZjRiY2Y0ZmRiYzNkZDYiLCJfYXV0aF91c2VyX2JhY2tlbmQiOiJkamFuZ28uY29udHJpYi5hdXRoLmJhY2tlbmRzLk1vZGVsQmFja2VuZCIsIl9hdXRoX3VzZXJfaWQiOiIxIn0=", "expire_date": "2017-06-24T19:25:19.806Z"}}, {"model": "sessions.session", "pk": "pu3sdcxgyt4zuir00tn28qn6z3rdmiep", "fields": {"session_data": "ZWJlZGYzYmNkNDQ4Yjk5ZjBjMGNkYTAyMjEwZDI5MjRmZTExZDA4YTp7Il9hdXRoX3VzZXJfYmFja2VuZCI6ImRqYW5nby5jb250cmliLmF1dGguYmFja2VuZHMuTW9kZWxCYWNrZW5kIiwiX2F1dGhfdXNlcl9oYXNoIjoiYjk5ZjZkNDQ2OWEwYzRhNmJkMmJiZTA5N2EyOTk0NDc1NWM4YjRhMSIsImN1cnJlbnRfcm9sZSI6InRvdXJpc3QiLCJwZW5kaW5nX3ZhbGlkYXRpbmdfcGhvbmUiOiIrMzgwNjg3MzA4Mjc0IiwiX2F1dGhfdXNlcl9pZCI6IjExIiwicGVuZGluZ19zbXNfY29kZSI6dHJ1ZSwiYnJhaW50cmVlX2NsaWVudF90b2tlbiI6ImV5SjJaWEp6YVc5dUlqb3lMQ0poZFhSb2IzSnBlbUYwYVc5dVJtbHVaMlZ5Y0hKcGJuUWlPaUk0TUdVeFpUbGlOV0ZqWldReU9EaGlNVEJrTTJFMk9HWmxORE5oWWpnd05UTTVObVl6WldJNU5XUXdabU14WVRoalpXUTFObUZrWXpFMVlqbGlZell6ZkdOeVpXRjBaV1JmWVhROU1qQXhOeTB3Tnkwek1WUXdNRG93TlRvME1DNDJOVFk0TXpjMk9URXJNREF3TUZ4MU1EQXlObTFsY21Ob1lXNTBYMmxrUFdkMmNHNDRiVGg0Y1dkMlkyZHVPSEJjZFRBd01qWndkV0pzYVdOZmEyVjVQV28wYzJkcmFuUjJibVoyZHpNM2RHWWlMQ0pqYjI1bWFXZFZjbXdpT2lKb2RIUndjem92TDJGd2FTNXpZVzVrWW05NExtSnlZV2x1ZEhKbFpXZGhkR1YzWVhrdVkyOXRPalEwTXk5dFpYSmphR0Z1ZEhNdlozWndiamh0T0hoeFozWmpaMjQ0Y0M5amJHbGxiblJmWVhCcEwzWXhMMk52Ym1acFozVnlZWFJwYjI0aUxDSmphR0ZzYkdWdVoyVnpJanBiWFN3aVpXNTJhWEp2Ym0xbGJuUWlPaUp6WVc1a1ltOTRJaXdpWTJ4cFpXNTBRWEJwVlhKc0lqb2lhSFIwY0hNNkx5OWhjR2t1YzJGdVpHSnZlQzVpY21GcGJuUnlaV1ZuWVhSbGQyRjVMbU52YlRvME5ETXZiV1Z5WTJoaGJuUnpMMmQyY0c0NGJUaDRjV2QyWTJkdU9IQXZZMnhwWlc1MFgyRndhU0lzSW1GemMyVjBjMVZ5YkNJNkltaDBkSEJ6T2k4dllYTnpaWFJ6TG1KeVlXbHVkSEpsWldkaGRHVjNZWGt1WTI5dElpd2lZWFYwYUZWeWJDSTZJbWgwZEhCek9pOHZZWFYwYUM1MlpXNXRieTV6WVc1a1ltOTRMbUp5WVdsdWRISmxaV2RoZEdWM1lYa3VZMjl0SWl3aVlXNWhiSGwwYVdOeklqcDdJblZ5YkNJNkltaDBkSEJ6T2k4dlkyeHBaVzUwTFdGdVlXeDVkR2xqY3k1ellXNWtZbTk0TG1KeVlXbHVkSEpsWldkaGRHVjNZWGt1WTI5dEwyZDJjRzQ0YlRoNGNXZDJZMmR1T0hBaWZTd2lkR2h5WldWRVUyVmpkWEpsUlc1aFlteGxaQ0k2ZEhKMVpTd2ljR0Y1Y0dGc1JXNWhZbXhsWkNJNmRISjFaU3dpY0dGNWNHRnNJanA3SW1ScGMzQnNZWGxPWVcxbElqb2lRV3hsZUUxbFpIWmxaRU52YlhCaGJua2lMQ0pqYkdsbGJuUkpaQ0k2Ym5Wc2JDd2ljSEpwZG1GamVWVnliQ0k2SW1oMGRIQTZMeTlsZUdGdGNHeGxMbU52YlM5d2NDSXNJblZ6WlhKQlozSmxaVzFsYm5SVmNtd2lPaUpvZEhSd09pOHZaWGhoYlhCc1pTNWpiMjB2ZEc5eklpd2lZbUZ6WlZWeWJDSTZJbWgwZEhCek9pOHZZWE56WlhSekxtSnlZV2x1ZEhKbFpXZGhkR1YzWVhrdVkyOXRJaXdpWVhOelpYUnpWWEpzSWpvaWFIUjBjSE02THk5amFHVmphMjkxZEM1d1lYbHdZV3d1WTI5dElpd2laR2x5WldOMFFtRnpaVlZ5YkNJNmJuVnNiQ3dpWVd4c2IzZElkSFJ3SWpwMGNuVmxMQ0psYm5acGNtOXViV1Z1ZEU1dlRtVjBkMjl5YXlJNmRISjFaU3dpWlc1MmFYSnZibTFsYm5RaU9pSnZabVpzYVc1bElpd2lkVzUyWlhSMFpXUk5aWEpqYUdGdWRDSTZabUZzYzJVc0ltSnlZV2x1ZEhKbFpVTnNhV1Z1ZEVsa0lqb2liV0Z6ZEdWeVkyeHBaVzUwTXlJc0ltSnBiR3hwYm1kQlozSmxaVzFsYm5SelJXNWhZbXhsWkNJNmRISjFaU3dpYldWeVkyaGhiblJCWTJOdmRXNTBTV1FpT2lKaGJHVjRiV1ZrZG1Wa1kyOXRjR0Z1ZVNJc0ltTjFjbkpsYm1ONVNYTnZRMjlrWlNJNklsVlRSQ0o5TENKdFpYSmphR0Z1ZEVsa0lqb2laM1p3YmpodE9IaHhaM1pqWjI0NGNDSXNJblpsYm0xdklqb2liMlptSW4wPSJ9", "expire_date": "2017-08-14T00:05:43.491Z"}}, {"model": "sessions.session", "pk": "rd3i33d5qesk21o6m4u0iwxcstscml5v", "fields": {"session_data": "ODVkOTBlYmI3OTczM2Q1Y2U5MDdlNDlmZmM4ZDdhODU3Y2ZiNzQzNDp7Il9hdXRoX3VzZXJfaGFzaCI6IjJhMjY5MmY3MGE1ZTVlNDBmMzNhNzFkMTliOWFhZTg4YTdiYTI4MGQiLCJfYXV0aF91c2VyX2JhY2tlbmQiOiJkamFuZ28uY29udHJpYi5hdXRoLmJhY2tlbmRzLk1vZGVsQmFja2VuZCIsIl9hdXRoX3VzZXJfaWQiOiIxIn0=", "expire_date": "2017-04-02T11:07:24.643Z"}}, {"model": "sessions.session", "pk": "rh4phmo3qjfjmsjwmlo4emvdhfhduaxe", "fields": {"session_data": "ODVkOTBlYmI3OTczM2Q1Y2U5MDdlNDlmZmM4ZDdhODU3Y2ZiNzQzNDp7Il9hdXRoX3VzZXJfaGFzaCI6IjJhMjY5MmY3MGE1ZTVlNDBmMzNhNzFkMTliOWFhZTg4YTdiYTI4MGQiLCJfYXV0aF91c2VyX2JhY2tlbmQiOiJkamFuZ28uY29udHJpYi5hdXRoLmJhY2tlbmRzLk1vZGVsQmFja2VuZCIsIl9hdXRoX3VzZXJfaWQiOiIxIn0=", "expire_date": "2017-04-15T06:30:22.933Z"}}, {"model": "sessions.session", "pk": "rm48l25etldxspq1f2xajabw97prxnx9", "fields": {"session_data": "ZTkxNzJlNTM2NzBmZTdmNzFlNjVjNzdkMzQ1MDQ0OTYzYzg4ZmVjMjp7Il9sYW5ndWFnZSI6InJ1IiwiX2F1dGhfdXNlcl9oYXNoIjoiNmE4YjM2Y2YxZmU5ODJiNTJmYzQ4ZGViNGYyNzYyZDAxYjdjMTZiNyIsIl9hdXRoX3VzZXJfaWQiOiIxIiwiX2F1dGhfdXNlcl9iYWNrZW5kIjoiZGphbmdvLmNvbnRyaWIuYXV0aC5iYWNrZW5kcy5Nb2RlbEJhY2tlbmQiLCJjdXJyZW50X3JvbGUiOiJndWlkZSJ9", "expire_date": "2017-05-07T03:27:57.317Z"}}, {"model": "sessions.session", "pk": "sr5mp4zqclhk4ce2hilb7y5e4eht496j", "fields": {"session_data": "MGViNTdjOTQzYmZjN2EyZTJjMDY0MTIyMjEwMjBmMTZhYjZhMzljZjp7Il9hdXRoX3VzZXJfaGFzaCI6IjFlNTI1M2RkYWMwYTA5N2UzMGY4ZmQzOGM4OTljY2Q5ZGI5ZmY4MjQiLCJfYXV0aF91c2VyX2JhY2tlbmQiOiJhbGxhdXRoLmFjY291bnQuYXV0aF9iYWNrZW5kcy5BdXRoZW50aWNhdGlvbkJhY2tlbmQiLCJjdXJyZW50X3JvbGUiOiJndWlkZSIsIl9hdXRoX3VzZXJfaWQiOiIxNyJ9", "expire_date": "2017-07-09T15:14:42.470Z"}}, {"model": "sessions.session", "pk": "sw9pkugm27312xed27h521hqwbbn25yi", "fields": {"session_data": "YTc2OWJhYzE1NTY0ZjdmYWUxYWE4ODJkYzdhYTU1ZmE5YTBmZDBjZTp7Il9sYW5ndWFnZSI6InJ1IiwiZGphbmdvX2xhbmd1YWdlIjoicnUifQ==", "expire_date": "2017-04-13T11:22:11.554Z"}}, {"model": "sessions.session", "pk": "sx2rcqiscdf26uvtiyzej8xglgqfht7e", "fields": {"session_data": "ZTEyNDc5MmQwY2I5YWVlNmY4ZWIxZTk2MTI0YmE5Yjk5ZDZiN2E0YTp7Il9hdXRoX3VzZXJfYmFja2VuZCI6ImRqYW5nby5jb250cmliLmF1dGguYmFja2VuZHMuTW9kZWxCYWNrZW5kIiwiX2F1dGhfdXNlcl9pZCI6IjEiLCJjdXJyZW50X3JvbGUiOiJ0b3VyaXN0IiwiX2F1dGhfdXNlcl9oYXNoIjoiNTAzN2Q3NjQ2OWM4ZThjZGRmMjY1ZmRhMGVmNGJjZjRmZGJjM2RkNiJ9", "expire_date": "2017-06-18T22:27:25.899Z"}}, {"model": "sessions.session", "pk": "u0i56ph8sabpcpbxtma66pk5xw0flodt", "fields": {"session_data": "ODQwYTM4NDc2M2NkMTRiN2FiZWE1NTgxMmNhM2JjN2NkYzY2NjkxNzp7Il9hdXRoX3VzZXJfaWQiOiIxIiwiX2F1dGhfdXNlcl9oYXNoIjoiNTAzN2Q3NjQ2OWM4ZThjZGRmMjY1ZmRhMGVmNGJjZjRmZGJjM2RkNiIsIl9hdXRoX3VzZXJfYmFja2VuZCI6ImRqYW5nby5jb250cmliLmF1dGguYmFja2VuZHMuTW9kZWxCYWNrZW5kIn0=", "expire_date": "2017-07-26T19:39:08.442Z"}}, {"model": "sessions.session", "pk": "vkwcem9944mqofepcjzh6fpvjho3l320", "fields": {"session_data": "MDNhZThjYWI1Y2VkMTZiYzBmYWU2NGQ4ZTAzMGFkMTUxMWIzOWViOTp7Il9hdXRoX3VzZXJfaWQiOiIxIiwiX2F1dGhfdXNlcl9iYWNrZW5kIjoiZGphbmdvLmNvbnRyaWIuYXV0aC5iYWNrZW5kcy5Nb2RlbEJhY2tlbmQiLCJfYXV0aF91c2VyX2hhc2giOiI4YjM1Mjk2YWJkOGRkMzNiNjVkZThkODY2Zjk0MTg5N2M3ODFkYjY0In0=", "expire_date": "2017-08-04T18:58:51.722Z"}}, {"model": "sessions.session", "pk": "w3d6c18g3ukgkml170z77hwtr3vgi98u", "fields": {"session_data": "YTBlYWViZTc4N2JlMjhlYjE4YjhhMTJmNDUxMDAzOTBkNmY4NjM4Njp7Il9hdXRoX3VzZXJfaGFzaCI6IjUwMzdkNzY0NjljOGU4Y2RkZjI2NWZkYTBlZjRiY2Y0ZmRiYzNkZDYiLCJfYXV0aF91c2VyX2JhY2tlbmQiOiJkamFuZ28uY29udHJpYi5hdXRoLmJhY2tlbmRzLk1vZGVsQmFja2VuZCIsImN1cnJlbnRfcm9sZSI6Imd1aWRlIiwiX2F1dGhfdXNlcl9pZCI6IjEifQ==", "expire_date": "2017-07-26T07:27:19.708Z"}}, {"model": "sessions.session", "pk": "wiewhk3xtr258yoxmje6eei09z9is7j8", "fields": {"session_data": "MjBkY2IwY2I0ZjIwN2RiN2FiYjg5NGQyZTFjOWM4YTE3Njk1ZjY3ODp7Il9hdXRoX3VzZXJfaWQiOiIxIiwiX2F1dGhfdXNlcl9iYWNrZW5kIjoiZGphbmdvLmNvbnRyaWIuYXV0aC5iYWNrZW5kcy5Nb2RlbEJhY2tlbmQiLCJfYXV0aF91c2VyX2hhc2giOiI1YjAzMTM5ZWFkZmM2ZmY1YzNlZWU3ZWE0NTk5OTRmZmI2ZmI1YmQ1IiwiY3VycmVudF9yb2xlIjoiZ3VpZGUifQ==", "expire_date": "2017-08-13T23:37:18.163Z"}}, {"model": "sessions.session", "pk": "wszx3a28b0ecv7ek9ap8h8ffo0s9d1eo", "fields": {"session_data": "MWJlOGM4NzhmOWNmOTYzNmFkMjk0MTQzOWIxOTc1ZjdlY2RiYTk2Zjp7Il9hdXRoX3VzZXJfYmFja2VuZCI6ImRqYW5nby5jb250cmliLmF1dGguYmFja2VuZHMuTW9kZWxCYWNrZW5kIiwiX2F1dGhfdXNlcl9oYXNoIjoiNTAzN2Q3NjQ2OWM4ZThjZGRmMjY1ZmRhMGVmNGJjZjRmZGJjM2RkNiIsIl9hdXRoX3VzZXJfaWQiOiIxIn0=", "expire_date": "2017-06-18T22:38:30.807Z"}}, {"model": "sessions.session", "pk": "xfgk1frlnn5km7dxl5km2kgsnt4t0fei", "fields": {"session_data": "ODVkOTBlYmI3OTczM2Q1Y2U5MDdlNDlmZmM4ZDdhODU3Y2ZiNzQzNDp7Il9hdXRoX3VzZXJfaGFzaCI6IjJhMjY5MmY3MGE1ZTVlNDBmMzNhNzFkMTliOWFhZTg4YTdiYTI4MGQiLCJfYXV0aF91c2VyX2JhY2tlbmQiOiJkamFuZ28uY29udHJpYi5hdXRoLmJhY2tlbmRzLk1vZGVsQmFja2VuZCIsIl9hdXRoX3VzZXJfaWQiOiIxIn0=", "expire_date": "2017-04-07T09:19:49.473Z"}}, {"model": "sessions.session", "pk": "xkbhopu4bxysu0bzjwhrg14xsp7oswjq", "fields": {"session_data": "N2Y1NDc4OTAzOTE0MDU0ZDg2ZWYwZWRmYjYwOWU0MjJmZjUyMGVlMjp7ImN1cnJlbnRfcm9sZSI6InRvdXJpc3QiLCJfYXV0aF91c2VyX2hhc2giOiI1MDM3ZDc2NDY5YzhlOGNkZGYyNjVmZGEwZWY0YmNmNGZkYmMzZGQ2IiwiX2F1dGhfdXNlcl9pZCI6IjEiLCJfYXV0aF91c2VyX2JhY2tlbmQiOiJkamFuZ28uY29udHJpYi5hdXRoLmJhY2tlbmRzLk1vZGVsQmFja2VuZCJ9", "expire_date": "2017-06-11T18:06:52.843Z"}}, {"model": "sessions.session", "pk": "xnvffgfc6rkzp0hyqq7dv34oy0vz9xfs", "fields": {"session_data": "ZDBlZDgyOTQ4YjE3ZDVjZmNiNDk5Mzg0MmQ5ZGJiMmM4YzRjZTFkZDp7Il9sYW5ndWFnZSI6InJ1IiwiX2F1dGhfdXNlcl9oYXNoIjoiMmEyNjkyZjcwYTVlNWU0MGYzM2E3MWQxOWI5YWFlODhhN2JhMjgwZCIsIl9hdXRoX3VzZXJfYmFja2VuZCI6ImRqYW5nby5jb250cmliLmF1dGguYmFja2VuZHMuTW9kZWxCYWNrZW5kIiwiX2F1dGhfdXNlcl9pZCI6IjEiLCJkamFuZ29fbGFuZ3VhZ2UiOiJydSJ9", "expire_date": "2017-04-30T20:16:00.869Z"}}, {"model": "sessions.session", "pk": "xxdre0h8gcka7yxleggmpu6lrpva9dxi", "fields": {"session_data": "NzEzM2IyNmQ2NDFkNzE0MThiOTg4ZTc2MWRiZGMxMmZhZDA2N2M2MDp7Il9hdXRoX3VzZXJfaGFzaCI6ImRmNTVjNTJlMTI2ZWY2YWMxMDE3YjZkMWFiZGI3NjM4ZDViMGFlYWMiLCJfYXV0aF91c2VyX2JhY2tlbmQiOiJhbGxhdXRoLmFjY291bnQuYXV0aF9iYWNrZW5kcy5BdXRoZW50aWNhdGlvbkJhY2tlbmQiLCJfYXV0aF91c2VyX2lkIjoiMTkiLCJhY2NvdW50X3ZlcmlmaWVkX2VtYWlsIjpudWxsfQ==", "expire_date": "2017-06-07T21:18:25.397Z"}}, {"model": "sessions.session", "pk": "y3abzr8dpxx5ylodpgt3pz2m7o004iv1", "fields": {"session_data": "OTllOGU5ODU3ZDEyOWU1ZDQ1ZDAwNjM4OTkxNmVmNDQ2YTI2ZDU4ZTp7ImJyYWludHJlZV9jbGllbnRfdG9rZW4iOiJleUoyWlhKemFXOXVJam95TENKaGRYUm9iM0pwZW1GMGFXOXVSbWx1WjJWeWNISnBiblFpT2lKaE9HTm1ZalE1WXpJeU1EbGxaVEZsTmpreFlqZGlZV1psTkdWbVlUZ3lNVGMxWm1ZMk16a3paVFV5TVdZME9XRTNNVE5pTUdSa1pEQXhZVEF4TmpKaGZHTnlaV0YwWldSZllYUTlNakF4Tnkwd055MHlOMVF3T0RvME56b3lOUzR4TWpFd01EQTFPVFFyTURBd01GeDFNREF5Tm0xbGNtTm9ZVzUwWDJsa1BXZDJjRzQ0YlRoNGNXZDJZMmR1T0hCY2RUQXdNalp3ZFdKc2FXTmZhMlY1UFdvMGMyZHJhblIyYm1aMmR6TTNkR1lpTENKamIyNW1hV2RWY213aU9pSm9kSFJ3Y3pvdkwyRndhUzV6WVc1a1ltOTRMbUp5WVdsdWRISmxaV2RoZEdWM1lYa3VZMjl0T2pRME15OXRaWEpqYUdGdWRITXZaM1p3YmpodE9IaHhaM1pqWjI0NGNDOWpiR2xsYm5SZllYQnBMM1l4TDJOdmJtWnBaM1Z5WVhScGIyNGlMQ0pqYUdGc2JHVnVaMlZ6SWpwYlhTd2laVzUyYVhKdmJtMWxiblFpT2lKellXNWtZbTk0SWl3aVkyeHBaVzUwUVhCcFZYSnNJam9pYUhSMGNITTZMeTloY0drdWMyRnVaR0p2ZUM1aWNtRnBiblJ5WldWbllYUmxkMkY1TG1OdmJUbzBORE12YldWeVkyaGhiblJ6TDJkMmNHNDRiVGg0Y1dkMlkyZHVPSEF2WTJ4cFpXNTBYMkZ3YVNJc0ltRnpjMlYwYzFWeWJDSTZJbWgwZEhCek9pOHZZWE56WlhSekxtSnlZV2x1ZEhKbFpXZGhkR1YzWVhrdVkyOXRJaXdpWVhWMGFGVnliQ0k2SW1oMGRIQnpPaTh2WVhWMGFDNTJaVzV0Ynk1ellXNWtZbTk0TG1KeVlXbHVkSEpsWldkaGRHVjNZWGt1WTI5dElpd2lZVzVoYkhsMGFXTnpJanA3SW5WeWJDSTZJbWgwZEhCek9pOHZZMnhwWlc1MExXRnVZV3g1ZEdsamN5NXpZVzVrWW05NExtSnlZV2x1ZEhKbFpXZGhkR1YzWVhrdVkyOXRMMmQyY0c0NGJUaDRjV2QyWTJkdU9IQWlmU3dpZEdoeVpXVkVVMlZqZFhKbFJXNWhZbXhsWkNJNmRISjFaU3dpY0dGNWNHRnNSVzVoWW14bFpDSTZkSEoxWlN3aWNHRjVjR0ZzSWpwN0ltUnBjM0JzWVhsT1lXMWxJam9pUVd4bGVFMWxaSFpsWkVOdmJYQmhibmtpTENKamJHbGxiblJKWkNJNmJuVnNiQ3dpY0hKcGRtRmplVlZ5YkNJNkltaDBkSEE2THk5bGVHRnRjR3hsTG1OdmJTOXdjQ0lzSW5WelpYSkJaM0psWlcxbGJuUlZjbXdpT2lKb2RIUndPaTh2WlhoaGJYQnNaUzVqYjIwdmRHOXpJaXdpWW1GelpWVnliQ0k2SW1oMGRIQnpPaTh2WVhOelpYUnpMbUp5WVdsdWRISmxaV2RoZEdWM1lYa3VZMjl0SWl3aVlYTnpaWFJ6VlhKc0lqb2lhSFIwY0hNNkx5OWphR1ZqYTI5MWRDNXdZWGx3WVd3dVkyOXRJaXdpWkdseVpXTjBRbUZ6WlZWeWJDSTZiblZzYkN3aVlXeHNiM2RJZEhSd0lqcDBjblZsTENKbGJuWnBjbTl1YldWdWRFNXZUbVYwZDI5eWF5STZkSEoxWlN3aVpXNTJhWEp2Ym0xbGJuUWlPaUp2Wm1ac2FXNWxJaXdpZFc1MlpYUjBaV1JOWlhKamFHRnVkQ0k2Wm1Gc2MyVXNJbUp5WVdsdWRISmxaVU5zYVdWdWRFbGtJam9pYldGemRHVnlZMnhwWlc1ME15SXNJbUpwYkd4cGJtZEJaM0psWlcxbGJuUnpSVzVoWW14bFpDSTZkSEoxWlN3aWJXVnlZMmhoYm5SQlkyTnZkVzUwU1dRaU9pSmhiR1Y0YldWa2RtVmtZMjl0Y0dGdWVTSXNJbU4xY25KbGJtTjVTWE52UTI5a1pTSTZJbFZUUkNKOUxDSnRaWEpqYUdGdWRFbGtJam9pWjNad2JqaHRPSGh4WjNaaloyNDRjQ0lzSW5abGJtMXZJam9pYjJabUluMD0iLCJfYXV0aF91c2VyX2lkIjoiMjkiLCJfYXV0aF91c2VyX2JhY2tlbmQiOiJkamFuZ28uY29udHJpYi5hdXRoLmJhY2tlbmRzLk1vZGVsQmFja2VuZCIsIl9hdXRoX3VzZXJfaGFzaCI6IjkxNWFkZDg5OTQwNDU5YTJiYTE1MjRlY2U0ODU3YWFlYTcwMzhhZTYifQ==", "expire_date": "2017-08-10T08:47:25.912Z"}}, {"model": "sessions.session", "pk": "yh3tlomys10byo53l4ccd2apcquhodve", "fields": {"session_data": "YjBmYjc2NzNiN2M1YmU4YWQ1NmUyOTgwODk2M2I5NThmODBkYmQyYzp7Il9hdXRoX3VzZXJfaGFzaCI6ImI5MGQ1ZWMwYzM0NGE4NmFlYjRjNDgwM2Y1YTE0ZmE2NzdjZmZkMzkiLCJfYXV0aF91c2VyX2JhY2tlbmQiOiJkamFuZ28uY29udHJpYi5hdXRoLmJhY2tlbmRzLk1vZGVsQmFja2VuZCIsIl9hdXRoX3VzZXJfaWQiOiI2In0=", "expire_date": "2017-04-25T17:50:12.655Z"}}, {"model": "sessions.session", "pk": "yttbfigoc3tjtdz9gf0kkdeys4nhjzdj", "fields": {"session_data": "YTNmMTNjNzJiYmEyOWU4MmRlOGUwNjBkMjI1YmQ2NjA0YzY3NTkwNjp7Il9hdXRoX3VzZXJfaGFzaCI6IjJhMjY5MmY3MGE1ZTVlNDBmMzNhNzFkMTliOWFhZTg4YTdiYTI4MGQiLCJfYXV0aF91c2VyX2lkIjoiMSIsIl9hdXRoX3VzZXJfYmFja2VuZCI6ImRqYW5nby5jb250cmliLmF1dGguYmFja2VuZHMuTW9kZWxCYWNrZW5kIn0=", "expire_date": "2017-04-03T06:29:28.236Z"}}, {"model": "sessions.session", "pk": "yuqonqzv0080j6vsmd67vxq93wa9esdx", "fields": {"session_data": "ODM5NWJkMGQ2OWExZjc0MjYxMzUyMjA5NWZiZWY2ZDFjY2E3YzUzMzp7Il9hdXRoX3VzZXJfaWQiOiIxIiwiX2F1dGhfdXNlcl9iYWNrZW5kIjoiZGphbmdvLmNvbnRyaWIuYXV0aC5iYWNrZW5kcy5Nb2RlbEJhY2tlbmQiLCJjdXJyZW50X3JvbGUiOiJndWlkZSIsIl9hdXRoX3VzZXJfaGFzaCI6IjViMDMxMzllYWRmYzZmZjVjM2VlZTdlYTQ1OTk5NGZmYjZmYjViZDUifQ==", "expire_date": "2017-08-27T13:40:05.476Z"}}, {"model": "sessions.session", "pk": "zaku0a8saq4z2zqj24fzo5x2g330m5sn", "fields": {"session_data": "OTVmMTM0ZDM4MjJmZmZlYjE0ZjVjOGZjY2FiODhmNTEzZGM0MmNhNTp7Il9hdXRoX3VzZXJfaGFzaCI6IjZhOGIzNmNmMWZlOTgyYjUyZmM0OGRlYjRmMjc2MmQwMWI3YzE2YjciLCJfYXV0aF91c2VyX2JhY2tlbmQiOiJkamFuZ28uY29udHJpYi5hdXRoLmJhY2tlbmRzLk1vZGVsQmFja2VuZCIsIl9hdXRoX3VzZXJfaWQiOiIxIn0=", "expire_date": "2017-05-15T13:09:33.784Z"}}, {"model": "sessions.session", "pk": "zz1p9a6oso3zo9lxw7yn4rnsryzl8h1e", "fields": {"session_data": "ODVkOTBlYmI3OTczM2Q1Y2U5MDdlNDlmZmM4ZDdhODU3Y2ZiNzQzNDp7Il9hdXRoX3VzZXJfaGFzaCI6IjJhMjY5MmY3MGE1ZTVlNDBmMzNhNzFkMTliOWFhZTg4YTdiYTI4MGQiLCJfYXV0aF91c2VyX2JhY2tlbmQiOiJkamFuZ28uY29udHJpYi5hdXRoLmJhY2tlbmRzLk1vZGVsQmFja2VuZCIsIl9hdXRoX3VzZXJfaWQiOiIxIn0=", "expire_date": "2017-04-02T18:59:54.262Z"}}, {"model": "locations.city", "pk": 1, "fields": {"name": "Kiev", "image": "locations/cities/IMG_7179_DSZV_SM.jpg", "is_featured": true, "is_active": true, "created": "2017-03-09T17:38:36.609Z", "updated": "2017-03-09T21:06:30.771Z"}}, {"model": "locations.city", "pk": 2, "fields": {"name": "London", "image": "locations/cities/London.jpg", "is_featured": true, "is_active": true, "created": "2017-03-09T21:11:26.260Z", "updated": "2017-05-04T10:45:18.767Z"}}, {"model": "locations.city", "pk": 3, "fields": {"name": "Kyiv", "image": "", "is_featured": false, "is_active": true, "created": "2017-04-22T17:08:18.967Z", "updated": "2017-04-22T17:08:18.968Z"}}, {"model": "locations.currency", "pk": 1, "fields": {"name": "USD", "is_active": true, "created": "2017-03-09T17:39:42.262Z", "updated": "2017-03-09T17:39:42.262Z"}}, {"model": "tours.paymenttype", "pk": 1, "fields": {"name": "hourly", "created": "2017-03-09T18:04:30.268Z", "updated": "2017-03-09T18:04:30.269Z"}}, {"model": "tours.paymenttype", "pk": 2, "fields": {"name": "fixed", "created": "2017-03-09T18:04:37.661Z", "updated": "2017-03-09T18:04:37.661Z"}}, {"model": "tours.paymenttype", "pk": 3, "fields": {"name": "free", "created": "2017-03-09T18:04:40.538Z", "updated": "2017-03-09T18:04:40.538Z"}}, {"model": "tours.tour", "pk": 1, "fields": {"name": "Showing Kiev city", "overview": "Kiev (Kyiv) is a really beautiful city with its marvelous hills and unique sights. Filled with trees and flowers, it is always associated with chestnuts. The Kiev architectural landscape is unique. Due to the hundreds of Orthodox churches, it is sometimes called the Gold-Domed City.\r\n\r\nDuring our 1,2 or 3-day tours of Kiev, you\u2019ll see the most beautiful and world-known historic monuments of this oldest Ukrainian city.", "image": "tour_1/Kyiv_small.jpg", "guide": 1, "city": 1, "rating": "3.86", "currency": 1, "price": "0.00", "hours": 0, "price_hourly": "0.00", "min_hours": 0, "discount": "0.00", "payment_type": 3, "slug": "showing-kiev-city", "is_free": true, "is_active": true, "is_deleted": false, "created": "2017-03-09T17:40:07.534Z", "updated": "2017-08-13T13:42:29.630Z"}}, {"model": "tours.tour", "pk": 2, "fields": {"name": "Tour to Old Town area", "overview": "", "image": "tours/images/the-lights-prints.jpg", "guide": 1, "city": 1, "rating": "8.10", "currency": 1, "price": "100.00", "hours": 3, "price_hourly": "0.00", "min_hours": 0, "discount": "0.00", "payment_type": 2, "slug": "tour-to-old-town-area", "is_free": false, "is_active": true, "is_deleted": false, "created": "2017-03-09T20:55:34.707Z", "updated": "2017-05-23T10:17:14.034Z"}}, {"model": "tours.tour", "pk": 3, "fields": {"name": "London center Walking Free Tour", "overview": "", "image": "tours/images/IMG_7179_DSZV_SM.jpg", "guide": 1, "city": 2, "rating": "8.50", "currency": 1, "price": "0.00", "hours": 0, "price_hourly": "0.00", "min_hours": 0, "discount": "0.00", "payment_type": 3, "slug": "london-center-walking-free-tour", "is_free": true, "is_active": true, "is_deleted": false, "created": "2017-03-09T20:58:13.460Z", "updated": "2017-05-04T10:47:29.767Z"}}, {"model": "tours.tour", "pk": 6, "fields": {"name": "test", "overview": "test overview", "image": "/tours/images/default_tour_image.jpg", "guide": 1, "city": 3, "rating": "0.00", "currency": 1, "price": "0.00", "hours": 0, "price_hourly": "0.00", "min_hours": 0, "discount": "0.00", "payment_type": 2, "slug": "test", "is_free": false, "is_active": true, "is_deleted": true, "created": "2017-04-30T20:06:48.662Z", "updated": "2017-05-22T15:49:16.973Z"}}, {"model": "tours.tour", "pk": 8, "fields": {"name": "test-test2", "overview": "", "image": "/tours/images/default_tour_image.jpg", "guide": 1, "city": 3, "rating": "0.00", "currency": 1, "price": "0.00", "hours": 0, "price_hourly": "25.00", "min_hours": 2, "discount": "0.00", "payment_type": 1, "slug": "test-test2", "is_free": false, "is_active": true, "is_deleted": true, "created": "2017-05-01T07:30:24.141Z", "updated": "2017-05-22T15:49:22.203Z"}}, {"model": "tours.tour", "pk": 9, "fields": {"name": "HOURLY TOUR", "overview": "some overview", "image": "/tours/images/default_tour_image.jpg", "guide": 1, "city": 1, "rating": "0.00", "currency": 1, "price": "0.00", "hours": 0, "price_hourly": "10.00", "min_hours": 5, "discount": "0.00", "payment_type": 1, "slug": "hourly-tour", "is_free": false, "is_active": true, "is_deleted": false, "created": "2017-05-22T17:55:37.422Z", "updated": "2017-07-30T23:52:19.205Z"}}, {"model": "tours.tour", "pk": 10, "fields": {"name": "test1234", "overview": "overview1234", "image": "/tours/images/default_tour_image.jpg", "guide": 1, "city": 1, "rating": "0.00", "currency": 1, "price": "0.00", "hours": 0, "price_hourly": "10.00", "min_hours": 2, "discount": "0.00", "payment_type": 1, "slug": "test1234", "is_free": false, "is_active": true, "is_deleted": false, "created": "2017-05-22T18:00:38.742Z", "updated": "2017-05-22T18:02:07.434Z"}}, {"model": "tours.tour", "pk": 11, "fields": {"name": "Test12345", "overview": "testing1234", "image": "tour_11/color-correct-coffee.jpg", "guide": 1, "city": 1, "rating": "0.00", "currency": 1, "price": "0.00", "hours": 0, "price_hourly": "25.00", "min_hours": 2, "discount": "0.00", "payment_type": 1, "slug": "test12345", "is_free": false, "is_active": true, "is_deleted": false, "created": "2017-07-12T00:44:42.721Z", "updated": "2017-07-12T00:54:16.589Z"}}, {"model": "tours.tour", "pk": 12, "fields": {"name": "t12345", "overview": "t12345", "image": "/tours/images/default_tour_image.jpg", "guide": 1, "city": 1, "rating": "0.00", "currency": 1, "price": "0.00", "hours": 0, "price_hourly": "12.00", "min_hours": 2, "discount": "0.00", "payment_type": 1, "slug": "t12345", "is_free": false, "is_active": true, "is_deleted": false, "created": "2017-07-12T01:01:47.306Z", "updated": "2017-07-12T01:01:47.306Z"}}, {"model": "tours.tour", "pk": 13, "fields": {"name": "t123455", "overview": "t12345", "image": "/tours/images/default_tour_image.jpg", "guide": 1, "city": 1, "rating": "0.00", "currency": 1, "price": "0.00", "hours": 0, "price_hourly": "25.00", "min_hours": 2, "discount": "0.00", "payment_type": 1, "slug": "t123455", "is_free": false, "is_active": true, "is_deleted": false, "created": "2017-07-12T01:03:35.718Z", "updated": "2017-07-12T01:08:06.305Z"}}, {"model": "tours.tour", "pk": 14, "fields": {"name": "t1", "overview": "t1", "image": "/tours/images/default_tour_image.jpg", "guide": 1, "city": 1, "rating": "0.00", "currency": 1, "price": "100.00", "hours": 0, "price_hourly": "0.00", "min_hours": 0, "discount": "0.00", "payment_type": 2, "slug": "t1", "is_free": false, "is_active": true, "is_deleted": false, "created": "2017-07-12T01:08:50.888Z", "updated": "2017-07-16T22:41:02.242Z"}}, {"model": "tours.tour", "pk": 15, "fields": {"name": "t2", "overview": "t2", "image": "/tours/images/default_tour_image.jpg", "guide": 1, "city": 1, "rating": "0.00", "currency": 1, "price": "0.00", "hours": 0, "price_hourly": "15.00", "min_hours": 2, "discount": "0.00", "payment_type": 1, "slug": "t2", "is_free": false, "is_active": true, "is_deleted": false, "created": "2017-07-12T01:10:18.094Z", "updated": "2017-07-12T01:10:18.094Z"}}, {"model": "tours.tour", "pk": 16, "fields": {"name": "t21", "overview": "t21", "image": "/tours/images/default_tour_image.jpg", "guide": 1, "city": 1, "rating": "0.00", "currency": 1, "price": "0.00", "hours": 0, "price_hourly": "15.00", "min_hours": 2, "discount": "0.00", "payment_type": 1, "slug": "t21", "is_free": false, "is_active": true, "is_deleted": false, "created": "2017-07-12T01:11:14.078Z", "updated": "2017-07-12T01:11:14.078Z"}}, {"model": "tours.tour", "pk": 17, "fields": {"name": "t211", "overview": "t211", "image": "/tours/images/default_tour_image.jpg", "guide": 1, "city": 1, "rating": "0.00", "currency": 1, "price": "0.00", "hours": 0, "price_hourly": "15.00", "min_hours": 2, "discount": "0.00", "payment_type": 1, "slug": "t211", "is_free": false, "is_active": true, "is_deleted": false, "created": "2017-07-12T01:16:38.418Z", "updated": "2017-07-12T01:16:38.418Z"}}, {"model": "tours.tour", "pk": 18, "fields": {"name": "t2112", "overview": "t2112", "image": "tour_18/color-correct-coffee.jpg", "guide": 1, "city": 1, "rating": "0.00", "currency": 1, "price": "0.00", "hours": 0, "price_hourly": "25.00", "min_hours": 2, "discount": "0.00", "payment_type": 1, "slug": "t2112", "is_free": false, "is_active": true, "is_deleted": false, "created": "2017-07-12T01:18:51.194Z", "updated": "2017-07-12T01:18:51.229Z"}}, {"model": "tours.tourimage", "pk": 1, "fields": {"tour": 1, "image": "tour_1/3-hour-private-sightseeing-tour-of-kiev-in-kyiv-226122.jpg", "is_main": false, "is_active": true, "created": "2017-03-12T08:09:02.115Z", "updated": "2017-04-30T19:47:29.522Z"}}, {"model": "tours.tourimage", "pk": 2, "fields": {"tour": 1, "image": "tour_1/images.jpg", "is_main": false, "is_active": true, "created": "2017-03-12T08:09:15.155Z", "updated": "2017-04-30T19:47:19.459Z"}}, {"model": "tours.tourimage", "pk": 3, "fields": {"tour": 1, "image": "tour_1/Khmelnytsky-Monument-Kiev.jpg", "is_main": false, "is_active": true, "created": "2017-03-12T08:09:27.838Z", "updated": "2017-03-12T08:22:12.785Z"}}, {"model": "tours.tourimage", "pk": 4, "fields": {"tour": 1, "image": "tour_1/Kyiv_small.jpg", "is_main": true, "is_active": true, "created": "2017-03-12T08:09:37.766Z", "updated": "2017-04-30T19:47:11.546Z"}}, {"model": "tours.tourimage", "pk": 5, "fields": {"tour": 1, "image": "tour_1/maxresdefault.jpg", "is_main": false, "is_active": true, "created": "2017-03-12T08:22:29.249Z", "updated": "2017-03-12T08:22:29.249Z"}}, {"model": "tours.tourimage", "pk": 7, "fields": {"tour": 1, "image": "tour_1/color-correct-coffee.jpg", "is_main": false, "is_active": false, "created": "2017-04-30T16:36:32.001Z", "updated": "2017-04-30T16:36:32.001Z"}}, {"model": "tours.tourimage", "pk": 8, "fields": {"tour": 1, "image": "tour_1/desktop.jpg", "is_main": false, "is_active": false, "created": "2017-04-30T16:36:32.045Z", "updated": "2017-04-30T16:36:32.045Z"}}, {"model": "tours.tourimage", "pk": 12, "fields": {"tour": 6, "image": "tour_6/drops.jpg", "is_main": false, "is_active": false, "created": "2017-04-30T20:06:48.672Z", "updated": "2017-04-30T20:06:48.672Z"}}, {"model": "tours.tourimage", "pk": 13, "fields": {"tour": 6, "image": "tour_6/unsplash_5243e9ef164a5_1.jpg", "is_main": false, "is_active": true, "created": "2017-04-30T20:06:48.682Z", "updated": "2017-04-30T20:06:48.682Z"}}, {"model": "tours.tourimage", "pk": 14, "fields": {"tour": 6, "image": "tour_6/work-stations-plus-espresso.jpg", "is_main": false, "is_active": true, "created": "2017-04-30T20:06:48.690Z", "updated": "2017-04-30T20:06:48.690Z"}}, {"model": "tours.tourimage", "pk": 15, "fields": {"tour": 8, "image": "tour_8/unsplash_5243e9ef164a5_1.jpg", "is_main": false, "is_active": false, "created": "2017-05-01T07:41:40.606Z", "updated": "2017-05-01T07:41:40.606Z"}}, {"model": "tours.tourimage", "pk": 16, "fields": {"tour": 8, "image": "tour_8/work-stations-plus-espresso.jpg", "is_main": false, "is_active": false, "created": "2017-05-01T07:41:40.616Z", "updated": "2017-05-01T07:41:40.617Z"}}, {"model": "tours.tourimage", "pk": 17, "fields": {"tour": 8, "image": "tour_8/color-correct-coffee.jpg", "is_main": false, "is_active": false, "created": "2017-05-01T07:55:54.471Z", "updated": "2017-05-01T07:55:54.471Z"}}, {"model": "tours.tourimage", "pk": 18, "fields": {"tour": 8, "image": "tour_8/desktop.jpg", "is_main": false, "is_active": false, "created": "2017-05-01T07:55:54.479Z", "updated": "2017-05-01T07:55:54.479Z"}}, {"model": "tours.tourimage", "pk": 19, "fields": {"tour": 8, "image": "tour_8/drops.jpg", "is_main": false, "is_active": false, "created": "2017-05-01T07:55:54.487Z", "updated": "2017-05-01T07:55:54.487Z"}}, {"model": "tours.tourimage", "pk": 20, "fields": {"tour": 8, "image": "tour_8/color-correct-coffee_ryp5SqA.jpg", "is_main": false, "is_active": false, "created": "2017-05-01T07:57:34.545Z", "updated": "2017-05-01T07:57:34.545Z"}}, {"model": "tours.tourimage", "pk": 21, "fields": {"tour": 8, "image": "tour_8/desktop_EMf49Lz.jpg", "is_main": false, "is_active": false, "created": "2017-05-01T07:57:34.555Z", "updated": "2017-05-01T07:57:34.555Z"}}, {"model": "tours.tourimage", "pk": 22, "fields": {"tour": 8, "image": "tour_8/drops_egGrWl7.jpg", "is_main": false, "is_active": false, "created": "2017-05-01T07:57:34.563Z", "updated": "2017-05-01T07:57:34.563Z"}}, {"model": "tours.tourimage", "pk": 23, "fields": {"tour": 8, "image": "tour_8/color-correct-coffee_TWl5ouh.jpg", "is_main": false, "is_active": false, "created": "2017-05-01T08:13:38.476Z", "updated": "2017-05-01T08:13:38.476Z"}}, {"model": "tours.tourimage", "pk": 24, "fields": {"tour": 8, "image": "tour_8/desktop__\u043a\u043e\u043f\u0438\u044f__\u043a\u043e\u043f\u0438\u044f.jpg", "is_main": false, "is_active": false, "created": "2017-05-01T08:13:38.547Z", "updated": "2017-05-01T08:13:38.547Z"}}, {"model": "tours.tourimage", "pk": 25, "fields": {"tour": 8, "image": "tour_8/drops__\u043a\u043e\u043f\u0438\u044f.jpg", "is_main": false, "is_active": false, "created": "2017-05-01T08:13:38.679Z", "updated": "2017-05-01T08:13:38.679Z"}}, {"model": "tours.tourimage", "pk": 26, "fields": {"tour": 8, "image": "tour_8/unsplash_5243e9ef164a5_1_5fKoe42.jpg", "is_main": false, "is_active": false, "created": "2017-05-01T08:13:38.887Z", "updated": "2017-05-01T08:13:38.887Z"}}, {"model": "tours.tourimage", "pk": 27, "fields": {"tour": 8, "image": "tour_8/work-stations-plus-espresso_hzMpSSM.jpg", "is_main": false, "is_active": false, "created": "2017-05-01T08:13:39.352Z", "updated": "2017-05-01T08:13:39.353Z"}}, {"model": "tours.tourimage", "pk": 28, "fields": {"tour": 8, "image": "tour_8/color-correct-coffee_WfAdBU9.jpg", "is_main": false, "is_active": false, "created": "2017-05-01T08:17:30.220Z", "updated": "2017-05-01T08:17:30.220Z"}}, {"model": "tours.tourimage", "pk": 29, "fields": {"tour": 8, "image": "tour_8/desktop__\u043a\u043e\u043f\u0438\u044f__\u043a\u043e\u043f\u0438\u044f_45zlnL5.jpg", "is_main": false, "is_active": false, "created": "2017-05-01T08:17:30.257Z", "updated": "2017-05-01T08:17:30.257Z"}}, {"model": "tours.tourimage", "pk": 30, "fields": {"tour": 8, "image": "tour_8/unsplash_5243e9ef164a5_1_CHqmBV9.jpg", "is_main": false, "is_active": false, "created": "2017-05-01T08:17:30.334Z", "updated": "2017-05-01T08:17:30.335Z"}}, {"model": "tours.tourimage", "pk": 31, "fields": {"tour": 8, "image": "tour_8/work-stations-plus-espresso_V1KtyQT.jpg", "is_main": false, "is_active": false, "created": "2017-05-01T08:17:30.350Z", "updated": "2017-05-01T08:17:30.350Z"}}, {"model": "tours.tourimage", "pk": 32, "fields": {"tour": 8, "image": "tour_8/color-correct-coffee_91T03ji.jpg", "is_main": false, "is_active": false, "created": "2017-05-01T08:18:10.236Z", "updated": "2017-05-01T08:18:10.236Z"}}, {"model": "tours.tourimage", "pk": 33, "fields": {"tour": 8, "image": "tour_8/desktop__\u043a\u043e\u043f\u0438\u044f__\u043a\u043e\u043f\u0438\u044f_xVyBORQ.jpg", "is_main": false, "is_active": false, "created": "2017-05-01T08:18:10.259Z", "updated": "2017-05-01T08:18:10.259Z"}}, {"model": "tours.tourimage", "pk": 34, "fields": {"tour": 8, "image": "tour_8/color-correct-coffee_SSuChjv.jpg", "is_main": false, "is_active": false, "created": "2017-05-01T08:19:28.972Z", "updated": "2017-05-01T08:19:28.972Z"}}, {"model": "tours.tourimage", "pk": 35, "fields": {"tour": 8, "image": "tour_8/desktop__\u043a\u043e\u043f\u0438\u044f__\u043a\u043e\u043f\u0438\u044f_dUmNLoU.jpg", "is_main": false, "is_active": false, "created": "2017-05-01T08:19:28.979Z", "updated": "2017-05-01T08:19:28.979Z"}}, {"model": "tours.tourimage", "pk": 36, "fields": {"tour": 8, "image": "tour_8/color-correct-coffee_0ukNCDa.jpg", "is_main": false, "is_active": false, "created": "2017-05-01T08:22:18.808Z", "updated": "2017-05-01T08:22:18.808Z"}}, {"model": "tours.tourimage", "pk": 37, "fields": {"tour": 8, "image": "tour_8/desktop__\u043a\u043e\u043f\u0438\u044f__\u043a\u043e\u043f\u0438\u044f_cislWqt.jpg", "is_main": false, "is_active": false, "created": "2017-05-01T08:22:18.820Z", "updated": "2017-05-01T08:22:18.820Z"}}, {"model": "tours.tourimage", "pk": 40, "fields": {"tour": 11, "image": "tour_11/color-correct-coffee.jpg", "is_main": true, "is_active": true, "created": "2017-07-12T00:53:53.284Z", "updated": "2017-07-12T00:54:16.596Z"}}, {"model": "tours.tourimage", "pk": 41, "fields": {"tour": 11, "image": "tour_11/desktop__\u043a\u043e\u043f\u0438\u044f.jpg", "is_main": false, "is_active": true, "created": "2017-07-12T00:53:53.291Z", "updated": "2017-07-12T00:53:53.291Z"}}, {"model": "tours.tourimage", "pk": 42, "fields": {"tour": 13, "image": "tour_13/unsplash_5243e9ef164a5_1.jpg", "is_main": false, "is_active": true, "created": "2017-07-12T01:04:26.926Z", "updated": "2017-07-12T01:04:26.926Z"}}, {"model": "tours.tourimage", "pk": 43, "fields": {"tour": 13, "image": "tour_13/work-stations-plus-espresso.jpg", "is_main": false, "is_active": true, "created": "2017-07-12T01:04:26.940Z", "updated": "2017-07-12T01:04:26.940Z"}}, {"model": "tours.tourimage", "pk": 44, "fields": {"tour": 13, "image": "tour_13/color-correct-coffee.jpg", "is_main": false, "is_active": true, "created": "2017-07-12T01:05:23.952Z", "updated": "2017-07-12T01:05:23.952Z"}}, {"model": "tours.tourimage", "pk": 45, "fields": {"tour": 13, "image": "tour_13/drops.jpg", "is_main": false, "is_active": true, "created": "2017-07-12T01:06:35.466Z", "updated": "2017-07-12T01:06:35.466Z"}}, {"model": "tours.tourimage", "pk": 46, "fields": {"tour": 13, "image": "tour_13/desktop__\u043a\u043e\u043f\u0438\u044f__\u043a\u043e\u043f\u0438\u044f.jpg", "is_main": false, "is_active": true, "created": "2017-07-12T01:08:06.317Z", "updated": "2017-07-12T01:08:06.317Z"}}, {"model": "tours.tourimage", "pk": 47, "fields": {"tour": 14, "image": "tour_14/color-correct-coffee.jpg", "is_main": false, "is_active": true, "created": "2017-07-12T01:08:50.908Z", "updated": "2017-07-12T01:08:50.908Z"}}, {"model": "tours.tourimage", "pk": 48, "fields": {"tour": 14, "image": "tour_14/desktop__\u043a\u043e\u043f\u0438\u044f__\u043a\u043e\u043f\u0438\u044f.jpg", "is_main": false, "is_active": true, "created": "2017-07-12T01:08:50.917Z", "updated": "2017-07-12T01:08:50.917Z"}}, {"model": "tours.tourimage", "pk": 49, "fields": {"tour": 18, "image": "tour_18/color-correct-coffee.jpg", "is_main": true, "is_active": true, "created": "2017-07-12T01:18:51.236Z", "updated": "2017-07-12T01:18:51.236Z"}}, {"model": "tours.tourimage", "pk": 50, "fields": {"tour": 18, "image": "tour_18/desktop__\u043a\u043e\u043f\u0438\u044f__\u043a\u043e\u043f\u0438\u044f.jpg", "is_main": false, "is_active": true, "created": "2017-07-12T01:18:51.244Z", "updated": "2017-07-12T01:18:51.244Z"}}, {"model": "tours.tourimage", "pk": 51, "fields": {"tour": 1, "image": "tours/1/desktop.jpg", "is_main": false, "is_active": true, "created": "2017-08-13T13:42:29.641Z", "updated": "2017-08-13T13:42:29.641Z"}}, {"model": "orders.orderstatus", "pk": 1, "fields": {"name": "pending", "slug": "pending", "is_active": true, "created": "2017-03-19T17:56:21.625Z", "updated": "2017-03-19T20:08:48.186Z"}}, {"model": "orders.orderstatus", "pk": 2, "fields": {"name": "agreed", "slug": "agreed", "is_active": true, "created": "2017-03-19T17:56:35.273Z", "updated": "2017-03-19T20:08:42.250Z"}}, {"model": "orders.orderstatus", "pk": 3, "fields": {"name": "cancelled by tourist", "slug": "cancelled-by-tourist", "is_active": true, "created": "2017-03-19T17:56:47.296Z", "updated": "2017-05-22T15:27:07.838Z"}}, {"model": "orders.orderstatus", "pk": 4, "fields": {"name": "completed", "slug": "completed", "is_active": true, "created": "2017-03-19T17:56:59.395Z", "updated": "2017-03-19T20:08:32.347Z"}}, {"model": "orders.orderstatus", "pk": 5, "fields": {"name": "payment reserved", "slug": "payment-reserved", "is_active": true, "created": "2017-03-19T19:51:39.491Z", "updated": "2017-06-25T18:06:07.542Z"}}, {"model": "orders.orderstatus", "pk": 6, "fields": {"name": "cancelled by guide", "slug": "cancelled-by-guide", "is_active": true, "created": "2017-05-22T15:27:15.320Z", "updated": "2017-05-22T15:27:15.320Z"}}, {"model": "orders.orderstatus", "pk": 8, "fields": {"name": "closed", "slug": "closed", "is_active": true, "created": "2017-06-25T14:06:44.904Z", "updated": "2017-06-25T14:58:39.894Z"}}, {"model": "orders.paymentstatus", "pk": 1, "fields": {"name": "not paid", "slug": "not-paid", "is_active": true, "created": "2017-06-24T21:45:42.400Z", "updated": "2017-06-24T21:45:42.400Z"}}, {"model": "orders.paymentstatus", "pk": 2, "fields": {"name": "full payment reserved", "slug": "full-payment-reserved", "is_active": true, "created": "2017-06-24T21:45:48.582Z", "updated": "2017-06-25T18:04:40.456Z"}}, {"model": "orders.paymentstatus", "pk": 3, "fields": {"name": "partial payment reserved", "slug": "partial-payment-reserved", "is_active": true, "created": "2017-06-24T21:45:57.103Z", "updated": "2017-06-25T18:04:48.364Z"}}, {"model": "orders.paymentstatus", "pk": 4, "fields": {"name": "full payment processed", "slug": "full-payment-processed", "is_active": true, "created": "2017-06-25T13:56:58.147Z", "updated": "2017-06-25T13:56:58.147Z"}}, {"model": "orders.paymentstatus", "pk": 5, "fields": {"name": "cancelled", "slug": "cancelled", "is_active": true, "created": "2017-06-25T18:42:36.561Z", "updated": "2017-06-25T18:42:36.561Z"}}, {"model": "orders.order", "pk": 41, "fields": {"status": 6, "guide": 1, "tourist": 1, "tour": null, "price_hourly": "20.00", "hours_nmb": 0, "price": "0.00", "discount": "0.00", "price_after_discount": "0.00", "additional_services_price": "0.00", "total_price_before_fees": "0.00", "fees_tourist": "0.00", "fees_guide": "0.00", "fees_total": "0.00", "total_price": "0.00", "guide_payment": "0.00", "currency": 1, "payment_status": null, "rating_tourist": "0.00", "rating_guide": "0.00", "comment": null, "date_ordered": "2017-05-14T21:30:53.636Z", "date_booked_for": "2017-05-30T00:00:00Z", "date_toured": null}}, {"model": "orders.order", "pk": 42, "fields": {"status": 5, "guide": 1, "tourist": 1, "tour": null, "price_hourly": "20.00", "hours_nmb": 0, "price": "0.00", "discount": "0.00", "price_after_discount": "0.00", "additional_services_price": "0.00", "total_price_before_fees": "0.00", "fees_tourist": "0.00", "fees_guide": "0.00", "fees_total": "0.00", "total_price": "0.00", "guide_payment": "0.00", "currency": 1, "payment_status": null, "rating_tourist": "4.00", "rating_guide": "3.00", "comment": "", "date_ordered": "2017-05-23T12:31:16.103Z", "date_booked_for": "2017-05-24T00:00:00Z", "date_toured": null}}, {"model": "orders.order", "pk": 43, "fields": {"status": 6, "guide": 1, "tourist": 1, "tour": 1, "price_hourly": "20.00", "hours_nmb": 0, "price": "0.00", "discount": "0.00", "price_after_discount": "0.00", "additional_services_price": "0.00", "total_price_before_fees": "0.00", "fees_tourist": "0.00", "fees_guide": "0.00", "fees_total": "0.00", "total_price": "0.00", "guide_payment": "0.00", "currency": 1, "payment_status": null, "rating_tourist": "5.00", "rating_guide": "0.00", "comment": null, "date_ordered": "2017-05-24T13:02:45.362Z", "date_booked_for": "2017-05-18T00:00:00Z", "date_toured": null}}, {"model": "orders.order", "pk": 44, "fields": {"status": 3, "guide": 1, "tourist": 1, "tour": 1, "price_hourly": "0.00", "hours_nmb": 0, "price": "0.00", "discount": "0.00", "price_after_discount": "0.00", "additional_services_price": "0.00", "total_price_before_fees": "0.00", "fees_tourist": "0.00", "fees_guide": "0.00", "fees_total": "0.00", "total_price": "0.00", "guide_payment": "0.00", "currency": 1, "payment_status": null, "rating_tourist": "0.00", "rating_guide": "0.00", "comment": null, "date_ordered": "2017-05-24T13:19:25.151Z", "date_booked_for": "2017-05-18T00:00:00Z", "date_toured": null}}, {"model": "orders.order", "pk": 45, "fields": {"status": 6, "guide": 1, "tourist": 1, "tour": 2, "price_hourly": "0.00", "hours_nmb": 0, "price": "0.00", "discount": "0.00", "price_after_discount": "0.00", "additional_services_price": "0.00", "total_price_before_fees": "0.00", "fees_tourist": "0.00", "fees_guide": "0.00", "fees_total": "0.00", "total_price": "0.00", "guide_payment": "0.00", "currency": 1, "payment_status": null, "rating_tourist": "0.00", "rating_guide": "0.00", "comment": null, "date_ordered": "2017-05-24T13:56:56.031Z", "date_booked_for": "2017-05-30T00:00:00Z", "date_toured": null}}, {"model": "orders.order", "pk": 46, "fields": {"status": 5, "guide": 1, "tourist": 1, "tour": 2, "price_hourly": "0.00", "hours_nmb": 0, "price": "100.00", "discount": "0.00", "price_after_discount": "100.00", "additional_services_price": "0.00", "total_price_before_fees": "0.00", "fees_tourist": "0.00", "fees_guide": "0.00", "fees_total": "0.00", "total_price": "100.00", "guide_payment": "0.00", "currency": 1, "payment_status": null, "rating_tourist": "0.00", "rating_guide": "0.00", "comment": null, "date_ordered": "2017-05-24T13:58:42.055Z", "date_booked_for": "2017-05-30T00:00:00Z", "date_toured": null}}, {"model": "orders.order", "pk": 47, "fields": {"status": 1, "guide": 3, "tourist": 13, "tour": null, "price_hourly": "0.00", "hours_nmb": 0, "price": "0.00", "discount": "0.00", "price_after_discount": "0.00", "additional_services_price": "0.00", "total_price_before_fees": "0.00", "fees_tourist": "0.00", "fees_guide": "0.00", "fees_total": "0.00", "total_price": "0.00", "guide_payment": "0.00", "currency": 1, "payment_status": null, "rating_tourist": "0.00", "rating_guide": "0.00", "comment": null, "date_ordered": "2017-05-24T21:36:27.363Z", "date_booked_for": "2017-05-24T00:00:00Z", "date_toured": null}}, {"model": "orders.order", "pk": 55, "fields": {"status": 5, "guide": 4, "tourist": 1, "tour": null, "price_hourly": "10.00", "hours_nmb": 5, "price": "50.00", "discount": "0.00", "price_after_discount": "50.00", "additional_services_price": "5.00", "total_price_before_fees": "0.00", "fees_tourist": "0.00", "fees_guide": "0.00", "fees_total": "0.00", "total_price": "55.00", "guide_payment": "0.00", "currency": 1, "payment_status": null, "rating_tourist": "0.00", "rating_guide": "0.00", "comment": null, "date_ordered": "2017-06-05T00:01:07.961Z", "date_booked_for": "2017-06-28T00:00:00Z", "date_toured": null}}, {"model": "orders.order", "pk": 56, "fields": {"status": 1, "guide": 3, "tourist": 1, "tour": null, "price_hourly": "0.00", "hours_nmb": 5, "price": "0.00", "discount": "0.00", "price_after_discount": "0.00", "additional_services_price": "0.00", "total_price_before_fees": "0.00", "fees_tourist": "0.00", "fees_guide": "0.00", "fees_total": "0.00", "total_price": "0.00", "guide_payment": "0.00", "currency": 1, "payment_status": null, "rating_tourist": "0.00", "rating_guide": "0.00", "comment": null, "date_ordered": "2017-06-24T08:37:59.266Z", "date_booked_for": "2017-06-28T00:00:00Z", "date_toured": null}}, {"model": "orders.order", "pk": 57, "fields": {"status": 1, "guide": 3, "tourist": 1, "tour": null, "price_hourly": "0.00", "hours_nmb": 5, "price": "0.00", "discount": "0.00", "price_after_discount": "0.00", "additional_services_price": "0.00", "total_price_before_fees": "100.00", "fees_tourist": "13.00", "fees_guide": "13.00", "fees_total": "26.00", "total_price": "113.00", "guide_payment": "87.00", "currency": 1, "payment_status": null, "rating_tourist": "0.00", "rating_guide": "0.00", "comment": "", "date_ordered": "2017-06-24T08:41:34.376Z", "date_booked_for": "2017-06-29T00:00:00Z", "date_toured": null}}, {"model": "orders.order", "pk": 58, "fields": {"status": 1, "guide": 4, "tourist": 1, "tour": null, "price_hourly": "10.00", "hours_nmb": 5, "price": "50.00", "discount": "0.00", "price_after_discount": "50.00", "additional_services_price": "0.00", "total_price_before_fees": "50.00", "fees_tourist": "6.50", "fees_guide": "6.50", "fees_total": "13.00", "total_price": "56.50", "guide_payment": "43.50", "currency": 1, "payment_status": null, "rating_tourist": "0.00", "rating_guide": "0.00", "comment": null, "date_ordered": "2017-06-24T12:58:52.154Z", "date_booked_for": "2017-06-22T00:00:00Z", "date_toured": null}}, {"model": "orders.order", "pk": 59, "fields": {"status": 1, "guide": 4, "tourist": 1, "tour": null, "price_hourly": "10.00", "hours_nmb": 5, "price": "50.00", "discount": "0.00", "price_after_discount": "50.00", "additional_services_price": "0.00", "total_price_before_fees": "50.00", "fees_tourist": "6.50", "fees_guide": "6.50", "fees_total": "13.00", "total_price": "56.50", "guide_payment": "43.50", "currency": 1, "payment_status": null, "rating_tourist": "0.00", "rating_guide": "0.00", "comment": null, "date_ordered": "2017-06-24T13:12:59.754Z", "date_booked_for": "2017-06-30T00:00:00Z", "date_toured": null}}, {"model": "orders.order", "pk": 60, "fields": {"status": 5, "guide": 4, "tourist": 1, "tour": null, "price_hourly": "10.00", "hours_nmb": 1, "price": "10.00", "discount": "0.00", "price_after_discount": "10.00", "additional_services_price": "0.00", "total_price_before_fees": "10.00", "fees_tourist": "1.30", "fees_guide": "1.30", "fees_total": "2.60", "total_price": "11.30", "guide_payment": "8.70", "currency": 1, "payment_status": 2, "rating_tourist": "0.00", "rating_guide": "0.00", "comment": null, "date_ordered": "2017-06-24T13:14:28.280Z", "date_booked_for": "2017-06-30T00:00:00Z", "date_toured": null}}, {"model": "orders.order", "pk": 61, "fields": {"status": 5, "guide": 4, "tourist": 1, "tour": null, "price_hourly": "10.00", "hours_nmb": 2, "price": "20.00", "discount": "0.00", "price_after_discount": "20.00", "additional_services_price": "5.00", "total_price_before_fees": "25.00", "fees_tourist": "3.25", "fees_guide": "3.25", "fees_total": "6.50", "total_price": "28.25", "guide_payment": "21.75", "currency": 1, "payment_status": 2, "rating_tourist": "0.00", "rating_guide": "0.00", "comment": null, "date_ordered": "2017-06-24T13:15:52.715Z", "date_booked_for": "2017-06-30T00:00:00Z", "date_toured": null}}, {"model": "orders.order", "pk": 62, "fields": {"status": 2, "guide": 4, "tourist": 1, "tour": null, "price_hourly": "10.00", "hours_nmb": 2, "price": "20.00", "discount": "0.00", "price_after_discount": "20.00", "additional_services_price": "5.00", "total_price_before_fees": "25.00", "fees_tourist": "3.25", "fees_guide": "3.25", "fees_total": "6.50", "total_price": "28.25", "guide_payment": "21.75", "currency": 1, "payment_status": 2, "rating_tourist": "0.00", "rating_guide": "5.00", "comment": null, "date_ordered": "2017-06-25T14:42:02.959Z", "date_booked_for": "2017-06-29T00:00:00Z", "date_toured": null}}, {"model": "orders.order", "pk": 63, "fields": {"status": 2, "guide": 4, "tourist": 1, "tour": null, "price_hourly": "10.00", "hours_nmb": 1, "price": "10.00", "discount": "0.00", "price_after_discount": "10.00", "additional_services_price": "0.00", "total_price_before_fees": "10.00", "fees_tourist": "1.30", "fees_guide": "1.30", "fees_total": "2.60", "total_price": "11.30", "guide_payment": "8.70", "currency": 1, "payment_status": 4, "rating_tourist": "5.00", "rating_guide": "5.00", "comment": "", "date_ordered": "2017-06-25T17:57:08.115Z", "date_booked_for": "2017-06-30T00:00:00Z", "date_toured": null}}, {"model": "orders.order", "pk": 64, "fields": {"status": 4, "guide": 4, "tourist": 1, "tour": null, "price_hourly": "10.00", "hours_nmb": 10, "price": "100.00", "discount": "0.00", "price_after_discount": "100.00", "additional_services_price": "0.00", "total_price_before_fees": "100.00", "fees_tourist": "13.00", "fees_guide": "13.00", "fees_total": "26.00", "total_price": "113.00", "guide_payment": "87.00", "currency": 1, "payment_status": 4, "rating_tourist": "5.00", "rating_guide": "5.00", "comment": null, "date_ordered": "2017-06-25T18:20:13.165Z", "date_booked_for": "2017-06-30T00:00:00Z", "date_toured": null}}, {"model": "orders.order", "pk": 65, "fields": {"status": 4, "guide": 4, "tourist": 1, "tour": null, "price_hourly": "10.00", "hours_nmb": 2, "price": "20.00", "discount": "0.00", "price_after_discount": "20.00", "additional_services_price": "0.00", "total_price_before_fees": "20.00", "fees_tourist": "2.60", "fees_guide": "2.60", "fees_total": "5.20", "total_price": "22.60", "guide_payment": "17.40", "currency": 1, "payment_status": 4, "rating_tourist": "5.00", "rating_guide": "4.50", "comment": null, "date_ordered": "2017-06-25T19:00:11.611Z", "date_booked_for": "2017-06-29T00:00:00Z", "date_toured": null}}, {"model": "orders.order", "pk": 66, "fields": {"status": 5, "guide": 4, "tourist": 1, "tour": null, "price_hourly": "10.00", "hours_nmb": 2, "price": "20.00", "discount": "0.00", "price_after_discount": "20.00", "additional_services_price": "5.00", "total_price_before_fees": "25.00", "fees_tourist": "3.25", "fees_guide": "3.25", "fees_total": "6.50", "total_price": "28.25", "guide_payment": "21.75", "currency": 1, "payment_status": 2, "rating_tourist": "0.00", "rating_guide": "0.00", "comment": null, "date_ordered": "2017-06-25T19:35:39.484Z", "date_booked_for": "2017-06-30T00:00:00Z", "date_toured": null}}, {"model": "orders.order", "pk": 67, "fields": {"status": 5, "guide": 1, "tourist": 1, "tour": 2, "price_hourly": "0.00", "hours_nmb": 0, "price": "100.00", "discount": "0.00", "price_after_discount": "100.00", "additional_services_price": "0.00", "total_price_before_fees": "100.00", "fees_tourist": "13.00", "fees_guide": "13.00", "fees_total": "26.00", "total_price": "113.00", "guide_payment": "87.00", "currency": 1, "payment_status": 2, "rating_tourist": "0.00", "rating_guide": "0.00", "comment": null, "date_ordered": "2017-06-25T19:37:36.263Z", "date_booked_for": "2017-06-30T00:00:00Z", "date_toured": null}}, {"model": "orders.order", "pk": 68, "fields": {"status": 1, "guide": 4, "tourist": 1, "tour": null, "price_hourly": "10.00", "hours_nmb": 2, "price": "20.00", "discount": "0.00", "price_after_discount": "20.00", "additional_services_price": "0.00", "total_price_before_fees": "20.00", "fees_tourist": "2.60", "fees_guide": "2.60", "fees_total": "5.20", "total_price": "22.60", "guide_payment": "17.40", "currency": 1, "payment_status": 1, "rating_tourist": "0.00", "rating_guide": "0.00", "comment": null, "date_ordered": "2017-06-25T22:05:23.932Z", "date_booked_for": "2017-06-30T00:00:00Z", "date_toured": null}}, {"model": "orders.order", "pk": 69, "fields": {"status": 5, "guide": 4, "tourist": 1, "tour": null, "price_hourly": "10.00", "hours_nmb": 3, "price": "30.00", "discount": "0.00", "price_after_discount": "30.00", "additional_services_price": "12.00", "total_price_before_fees": "42.00", "fees_tourist": "5.46", "fees_guide": "5.46", "fees_total": "10.92", "total_price": "47.46", "guide_payment": "36.54", "currency": 1, "payment_status": 2, "rating_tourist": "0.00", "rating_guide": "0.00", "comment": null, "date_ordered": "2017-06-25T22:29:51.091Z", "date_booked_for": "2017-06-30T00:00:00Z", "date_toured": null}}, {"model": "orders.order", "pk": 70, "fields": {"status": 5, "guide": 4, "tourist": 16, "tour": null, "price_hourly": "10.00", "hours_nmb": 4, "price": "40.00", "discount": "0.00", "price_after_discount": "40.00", "additional_services_price": "7.00", "total_price_before_fees": "47.00", "fees_tourist": "6.11", "fees_guide": "6.11", "fees_total": "12.22", "total_price": "53.11", "guide_payment": "40.89", "currency": 1, "payment_status": 2, "rating_tourist": "0.00", "rating_guide": "0.00", "comment": null, "date_ordered": "2017-06-26T07:50:18.122Z", "date_booked_for": "2017-06-28T00:00:00Z", "date_toured": null}}, {"model": "orders.order", "pk": 71, "fields": {"status": 1, "guide": 1, "tourist": 21, "tour": 14, "price_hourly": "25.00", "hours_nmb": 0, "price": "0.00", "discount": "0.00", "price_after_discount": "0.00", "additional_services_price": "0.00", "total_price_before_fees": "0.00", "fees_tourist": "0.00", "fees_guide": "0.00", "fees_total": "0.00", "total_price": "0.00", "guide_payment": "0.00", "currency": 1, "payment_status": 1, "rating_tourist": "0.00", "rating_guide": "0.00", "comment": null, "date_ordered": "2017-07-16T22:32:03.331Z", "date_booked_for": "2017-07-18T00:00:00Z", "date_toured": null}}, {"model": "orders.order", "pk": 72, "fields": {"status": 1, "guide": 1, "tourist": 21, "tour": 14, "price_hourly": "0.00", "hours_nmb": 0, "price": "100.00", "discount": "0.00", "price_after_discount": "100.00", "additional_services_price": "0.00", "total_price_before_fees": "100.00", "fees_tourist": "13.00", "fees_guide": "13.00", "fees_total": "26.00", "total_price": "113.00", "guide_payment": "87.00", "currency": 1, "payment_status": 1, "rating_tourist": "0.00", "rating_guide": "0.00", "comment": null, "date_ordered": "2017-07-16T22:41:26.624Z", "date_booked_for": "2017-07-13T00:00:00Z", "date_toured": null}}, {"model": "orders.order", "pk": 73, "fields": {"status": 5, "guide": 1, "tourist": 23, "tour": null, "price_hourly": "20.00", "hours_nmb": 3, "price": "60.00", "discount": "0.00", "price_after_discount": "60.00", "additional_services_price": "20.00", "total_price_before_fees": "80.00", "fees_tourist": "10.40", "fees_guide": "10.40", "fees_total": "20.80", "total_price": "90.40", "guide_payment": "69.60", "currency": 1, "payment_status": 2, "rating_tourist": "0.00", "rating_guide": "0.00", "comment": null, "date_ordered": "2017-07-27T08:37:08.119Z", "date_booked_for": "2017-07-29T00:00:00Z", "date_toured": null}}, {"model": "orders.order", "pk": 74, "fields": {"status": 1, "guide": 1, "tourist": 5, "tour": 9, "price_hourly": "10.00", "hours_nmb": 0, "price": "0.00", "discount": "0.00", "price_after_discount": "0.00", "additional_services_price": "0.00", "total_price_before_fees": "0.00", "fees_tourist": "0.00", "fees_guide": "0.00", "fees_total": "0.00", "total_price": "0.00", "guide_payment": "0.00", "currency": 1, "payment_status": 1, "rating_tourist": "0.00", "rating_guide": "0.00", "comment": null, "date_ordered": "2017-07-31T00:05:11.450Z", "date_booked_for": "2017-07-14T00:00:00Z", "date_toured": null}}, {"model": "orders.order", "pk": 75, "fields": {"status": 1, "guide": 1, "tourist": 5, "tour": 9, "price_hourly": "10.00", "hours_nmb": 2, "price": "20.00", "discount": "0.00", "price_after_discount": "20.00", "additional_services_price": "0.00", "total_price_before_fees": "20.00", "fees_tourist": "2.60", "fees_guide": "2.60", "fees_total": "5.20", "total_price": "22.60", "guide_payment": "17.40", "currency": 1, "payment_status": 1, "rating_tourist": "0.00", "rating_guide": "0.00", "comment": null, "date_ordered": "2017-07-31T00:09:28.976Z", "date_booked_for": "2017-07-14T00:00:00Z", "date_toured": null}}, {"model": "orders.serviceinorder", "pk": 13, "fields": {"order": 55, "service": 1, "price": "5.00", "discount": "0.00", "price_after_discount": "5.00", "is_active": true, "created": "2017-06-05T00:01:08.011Z", "updated": "2017-06-05T00:01:08.011Z"}}, {"model": "orders.serviceinorder", "pk": 14, "fields": {"order": 55, "service": 3, "price": "0.00", "discount": "0.00", "price_after_discount": "0.00", "is_active": true, "created": "2017-06-05T00:01:08.011Z", "updated": "2017-06-05T00:01:08.011Z"}}, {"model": "orders.serviceinorder", "pk": 15, "fields": {"order": 61, "service": 1, "price": "5.00", "discount": "0.00", "price_after_discount": "5.00", "is_active": true, "created": "2017-06-24T13:18:15.898Z", "updated": "2017-06-24T13:18:15.898Z"}}, {"model": "orders.serviceinorder", "pk": 16, "fields": {"order": 62, "service": 1, "price": "5.00", "discount": "0.00", "price_after_discount": "5.00", "is_active": true, "created": "2017-06-25T14:42:02.969Z", "updated": "2017-06-25T14:42:02.969Z"}}, {"model": "orders.serviceinorder", "pk": 17, "fields": {"order": 66, "service": 1, "price": "5.00", "discount": "0.00", "price_after_discount": "5.00", "is_active": true, "created": "2017-06-25T19:35:39.506Z", "updated": "2017-06-25T19:35:39.506Z"}}, {"model": "orders.serviceinorder", "pk": 18, "fields": {"order": 69, "service": 1, "price": "5.00", "discount": "0.00", "price_after_discount": "5.00", "is_active": true, "created": "2017-06-25T22:29:51.116Z", "updated": "2017-06-25T22:29:51.116Z"}}, {"model": "orders.serviceinorder", "pk": 19, "fields": {"order": 69, "service": 2, "price": "7.00", "discount": "0.00", "price_after_discount": "7.00", "is_active": true, "created": "2017-06-25T22:29:51.116Z", "updated": "2017-06-25T22:29:51.116Z"}}, {"model": "orders.serviceinorder", "pk": 20, "fields": {"order": 70, "service": 2, "price": "7.00", "discount": "0.00", "price_after_discount": "7.00", "is_active": true, "created": "2017-06-26T07:50:18.159Z", "updated": "2017-06-26T07:50:18.159Z"}}, {"model": "orders.serviceinorder", "pk": 21, "fields": {"order": 73, "service": 5, "price": "20.00", "discount": "0.00", "price_after_discount": "20.00", "is_active": true, "created": "2017-07-27T08:37:08.170Z", "updated": "2017-07-27T08:37:08.170Z"}}, {"model": "orders.review", "pk": 8, "fields": {"order": 42, "guide_feedback_name": null, "guide_feedback_text": "some guide feedback", "guide_rating": "4.00", "is_guide_feedback": true, "guide_review_created": "2017-05-28T20:04:04Z", "guide_review_updated": "2017-05-28T20:04:04Z", "tourist_feedback_name": null, "tourist_feedback_text": "some tourist feedback", "tourist_rating": "3.00", "is_tourist_feedback": true, "tourist_review_created": "2017-05-28T20:04:04Z", "tourist_review_updated": "2017-05-28T20:04:04Z"}}, {"model": "orders.review", "pk": 9, "fields": {"order": 43, "guide_feedback_name": "test", "guide_feedback_text": "test text", "guide_rating": "5.00", "is_guide_feedback": true, "guide_review_created": "2017-06-11T22:43:36Z", "guide_review_updated": "2017-06-11T22:43:42Z", "tourist_feedback_name": null, "tourist_feedback_text": "", "tourist_rating": "0.00", "is_tourist_feedback": false, "tourist_review_created": null, "tourist_review_updated": null}}, {"model": "orders.review", "pk": 10, "fields": {"order": 62, "guide_feedback_name": null, "guide_feedback_text": null, "guide_rating": "0.00", "is_guide_feedback": false, "guide_review_created": null, "guide_review_updated": null, "tourist_feedback_name": "sd", "tourist_feedback_text": "ssss", "tourist_rating": "5.00", "is_tourist_feedback": true, "tourist_review_created": "2017-06-25T17:45:48.861Z", "tourist_review_updated": "2017-06-25T17:45:48.861Z"}}, {"model": "orders.review", "pk": 11, "fields": {"order": 63, "guide_feedback_name": "erer", "guide_feedback_text": "dfdf", "guide_rating": "5.00", "is_guide_feedback": true, "guide_review_created": "2017-06-25T18:07:52.991Z", "guide_review_updated": "2017-06-25T18:07:52.991Z", "tourist_feedback_name": "dasd", "tourist_feedback_text": "fdsfd", "tourist_rating": "5.00", "is_tourist_feedback": true, "tourist_review_created": "2017-06-25T18:08:21.441Z", "tourist_review_updated": "2017-06-25T18:08:21.441Z"}}, {"model": "orders.review", "pk": 12, "fields": {"order": 64, "guide_feedback_name": "sd", "guide_feedback_text": "dasfdf", "guide_rating": "5.00", "is_guide_feedback": true, "guide_review_created": "2017-06-25T18:27:12.963Z", "guide_review_updated": "2017-06-25T18:27:12.963Z", "tourist_feedback_name": "", "tourist_feedback_text": "sd", "tourist_rating": "5.00", "is_tourist_feedback": true, "tourist_review_created": "2017-06-25T18:31:46.859Z", "tourist_review_updated": "2017-06-25T18:31:46.859Z"}}, {"model": "orders.review", "pk": 13, "fields": {"order": 65, "guide_feedback_name": "asd", "guide_feedback_text": "sd", "guide_rating": "5.00", "is_guide_feedback": true, "guide_review_created": "2017-06-25T19:00:29.545Z", "guide_review_updated": "2017-06-25T19:00:29.545Z", "tourist_feedback_name": "Hi", "tourist_feedback_text": "Thank you very much!", "tourist_rating": "4.50", "is_tourist_feedback": true, "tourist_review_created": "2017-06-25T19:07:39.445Z", "tourist_review_updated": "2017-06-25T19:07:39.445Z"}}, {"model": "users.interest", "pk": 5, "fields": {"name": "basketball", "created": "2017-05-03T19:16:58.146Z", "updated": "2017-05-03T19:16:58.146Z"}}, {"model": "users.interest", "pk": 13, "fields": {"name": "googling", "created": "2017-05-03T20:29:58.424Z", "updated": "2017-05-03T20:29:58.424Z"}}, {"model": "users.interest", "pk": 14, "fields": {"name": "football", "created": "2017-05-07T10:42:53.357Z", "updated": "2017-05-07T10:42:53.357Z"}}, {"model": "users.interest", "pk": 15, "fields": {"name": "coding", "created": "2017-05-07T20:12:57.481Z", "updated": "2017-05-07T20:12:57.481Z"}}, {"model": "users.interest", "pk": 16, "fields": {"name": "django", "created": "2017-05-07T20:12:57.496Z", "updated": "2017-05-07T20:12:57.496Z"}}, {"model": "users.languagelevel", "pk": 1, "fields": {"name": "Native", "created": "2017-05-13T21:35:53.362Z", "updated": "2017-05-13T21:35:53.362Z"}}, {"model": "users.languagelevel", "pk": 2, "fields": {"name": "Advanced", "created": "2017-05-13T21:36:05.839Z", "updated": "2017-05-13T21:36:05.839Z"}}, {"model": "users.languagelevel", "pk": 3, "fields": {"name": "Intermediate", "created": "2017-05-13T21:36:15.082Z", "updated": "2017-05-13T21:36:15.082Z"}}, {"model": "users.languagelevel", "pk": 4, "fields": {"name": "Beginner", "created": "2017-05-13T21:36:20.658Z", "updated": "2017-05-13T21:36:20.658Z"}}, {"model": "users.documenttype", "pk": 1, "fields": {"name": "passport", "created": "2017-07-21T18:05:26.354Z", "updated": "2017-07-21T18:05:26.354Z"}}, {"model": "users.documenttype", "pk": 2, "fields": {"name": "driving license", "created": "2017-07-21T18:05:32.160Z", "updated": "2017-07-21T18:05:32.160Z"}}, {"model": "users.scanstatus", "pk": 1, "fields": {"name": "new", "created": "2017-07-21T18:05:45.146Z", "updated": "2017-07-21T18:05:45.146Z"}}, {"model": "users.scanstatus", "pk": 2, "fields": {"name": "approved", "created": "2017-07-21T18:05:52.629Z", "updated": "2017-07-21T18:05:52.629Z"}}, {"model": "users.scanstatus", "pk": 3, "fields": {"name": "rejected", "created": "2017-07-21T18:05:57.269Z", "updated": "2017-07-21T18:05:57.269Z"}}, {"model": "users.documentscan", "pk": 3, "fields": {"general_profile": 5, "document_type": null, "file": "users/admin/docs/desktop__\u043a\u043e\u043f\u0438\u044f.jpg", "status": 1, "is_active": true, "created": "2017-07-21T18:58:51.655Z", "updated": "2017-07-21T18:58:51.655Z"}}, {"model": "guides.service", "pk": 1, "fields": {"name": "Making pictures", "html_field_name": "is_making_pictures", "is_active": true, "created": "2017-05-14T10:42:15.955Z", "updated": "2017-05-14T10:43:44.468Z"}}, {"model": "guides.service", "pk": 2, "fields": {"name": "Personal driver", "html_field_name": "is_personal_driver", "is_active": true, "created": "2017-05-22T18:33:55.356Z", "updated": "2017-05-22T18:33:55.356Z"}}, {"model": "guides.service", "pk": 3, "fields": {"name": "ADA tours (tours for the disabled)", "html_field_name": "is_ada_tours_(tours_for_the_disabled)", "is_active": true, "created": "2017-05-22T18:34:25.773Z", "updated": "2017-05-22T18:34:51.909Z"}}, {"model": "guides.service", "pk": 4, "fields": {"name": "ASL (American sign language)", "html_field_name": "is_asl_(american_sign_language)", "is_active": true, "created": "2017-05-22T18:34:41.205Z", "updated": "2017-05-22T18:34:41.205Z"}}, {"model": "guides.service", "pk": 5, "fields": {"name": "General city info", "html_field_name": "is_general_city_info", "is_active": true, "created": "2017-05-22T18:35:02.295Z", "updated": "2017-05-22T18:35:02.295Z"}}, {"model": "guides.service", "pk": 6, "fields": {"name": "LGBTQ friendly", "html_field_name": "is_lgbtq_friendly", "is_active": true, "created": "2017-05-22T18:35:14.585Z", "updated": "2017-05-22T18:35:14.585Z"}}, {"model": "guides.guideservice", "pk": 3, "fields": {"service": 1, "guide": 1, "price": "0.00", "is_active": true, "created": "2017-05-22T18:35:31.640Z", "updated": "2017-07-30T21:15:23.822Z"}}, {"model": "guides.guideservice", "pk": 4, "fields": {"service": 5, "guide": 1, "price": "20.00", "is_active": true, "created": "2017-05-22T18:35:31.641Z", "updated": "2017-07-30T21:15:23.807Z"}}, {"model": "guides.guideservice", "pk": 29, "fields": {"service": 1, "guide": 4, "price": "5.00", "is_active": true, "created": "2017-05-22T20:43:33.442Z", "updated": "2017-05-29T00:02:02.397Z"}}, {"model": "guides.guideservice", "pk": 30, "fields": {"service": 3, "guide": 4, "price": "0.00", "is_active": true, "created": "2017-05-22T20:43:33.442Z", "updated": "2017-05-22T20:43:33.442Z"}}, {"model": "guides.guideservice", "pk": 31, "fields": {"service": 2, "guide": 4, "price": "7.00", "is_active": true, "created": "2017-05-22T20:43:33.442Z", "updated": "2017-05-29T00:02:08.952Z"}}, {"model": "guides.guideservice", "pk": 32, "fields": {"service": 2, "guide": 1, "price": "30.00", "is_active": true, "created": "2017-07-23T18:54:09.226Z", "updated": "2017-07-30T21:15:23.831Z"}}, {"model": "guides.guideservice", "pk": 33, "fields": {"service": 3, "guide": 1, "price": "10.00", "is_active": true, "created": "2017-07-23T18:54:43.754Z", "updated": "2017-07-30T21:15:23.815Z"}}, {"model": "website_management.pagecontent", "pk": 1, "fields": {"name": "TOS", "text": "<p class=\"western\" align=\"CENTER\" style=\"margin-bottom: 0in; line-height: 0.27in\">\r\n<strong><font color=\"#000000\"><font face=\"Arial, serif\"><font size=\"2\">TOURZAN\r\nTERMS OF USE</font></font></font></strong></p><p class=\"western\" align=\"JUSTIFY\" style=\"margin-bottom: 0in; line-height: 0.27in\">\r\n<br>\r\n</p><p class=\"western\" align=\"JUSTIFY\" style=\"margin-bottom: 0in; line-height: 0.27in\">\r\n<strong><font color=\"#000000\"><font face=\"Arial, serif\"><font size=\"2\">Effective\r\nas of July 26, 2016</font></font></font></strong></p><p class=\"western\" align=\"JUSTIFY\" style=\"margin-bottom: 0in; line-height: 0.27in\">\r\n<br>\r\n</p><p class=\"western\" align=\"JUSTIFY\" style=\"margin-bottom: 0in; line-height: 0.27in\">\r\n<font color=\"#000000\"><font face=\"Arial, serif\"><font size=\"2\">Welcome\r\nto the Saber Applications, Inc. (\u201cSaber\u201d) Tourzan Platform\r\n(\u201cTourzan\u201d).&nbsp; The following terms apply when you purchase\r\ntours from a guide listed on Tourzan (\u201cGuide\u201d) and/or view, use,\r\nor access Tourzan on your computer or mobile device.   Please review\r\nthe following terms carefully. &nbsp;By accessing or using Tourzan,\r\nyou signify your agreement to these Terms of Use. &nbsp;If you do not\r\nagree to these Terms of Use, you may not access or use Tourzan. &nbsp;</font></font></font></p><p class=\"western\" align=\"JUSTIFY\" style=\"margin-bottom: 0in; line-height: 0.27in\">\r\n<br>\r\n</p><p class=\"western\" align=\"JUSTIFY\" style=\"margin-bottom: 0in; line-height: 0.27in\">\r\n<strong><font color=\"#000000\"><font face=\"Arial, serif\"><font size=\"2\">PRIVACY\r\nPOLICY</font></font></font></strong></p><p class=\"western\" align=\"JUSTIFY\" style=\"margin-bottom: 0in; line-height: 0.27in\">\r\n<font color=\"#000000\"><font face=\"Arial, serif\"><font size=\"2\">Saber\r\nrespects the privacy of its Tourzan users. &nbsp;Please refer to\r\nSaber\u2019s Privacy Policy (found here: [insert Link to Privacy\r\nPolicy]) which explains how we collect, use, and disclose information\r\nthat pertains to your privacy. &nbsp;When you access or use Tourzan,\r\nyou signify your agreement to this Privacy Policy.</font></font></font></p><p class=\"western\" align=\"JUSTIFY\" style=\"margin-bottom: 0in; line-height: 0.27in\">\r\n<br>\r\n</p><p class=\"western\" align=\"JUSTIFY\" style=\"margin-bottom: 0in; line-height: 0.27in\">\r\n<strong><font color=\"#000000\"><font face=\"Arial, serif\"><font size=\"2\">ABOUT\r\nTOURZAN</font></font></font></strong></p><p class=\"western\" align=\"JUSTIFY\" style=\"margin-bottom: 0in; line-height: 0.27in\">\r\n<font color=\"#000000\"><font face=\"Arial, serif\"><font size=\"2\">Tourzan\r\nprovides a marketplace where tourists and visitors who seek tour\r\nguide services and excursions can be matched with local tour guides.</font></font></font></p><p class=\"western\" align=\"JUSTIFY\" style=\"margin-bottom: 0in; line-height: 0.27in\">\r\n<br>\r\n</p><p class=\"western\" align=\"JUSTIFY\" style=\"margin-bottom: 0in; line-height: 0.27in\">\r\n<strong><font color=\"#000000\"><font face=\"Arial, serif\"><font size=\"2\">REGISTRATION;\r\nRULES FOR USER CONDUCT AND USE OF TOURZAN</font></font></font></strong></p><p class=\"western\" align=\"JUSTIFY\" style=\"margin-bottom: 0in; line-height: 0.27in\">\r\n<font color=\"#000000\"><font face=\"Arial, serif\"><font size=\"2\">You need\r\nto be at least 13 years old and a resident of the United States to\r\nregister for and use Tourzan.  If you want to purchase a tour, you\r\nmust be at least 18 years of age.</font></font></font></p><p class=\"western\" align=\"JUSTIFY\" style=\"margin-bottom: 0in; line-height: 0.27in\">\r\n<br>\r\n</p><p class=\"western\" align=\"JUSTIFY\" style=\"margin-bottom: 0in; line-height: 0.27in\">\r\n<font color=\"#000000\"><font face=\"Arial, serif\"><font size=\"2\">You may\r\ncreate a personalized account which includes a unique username and a\r\npassword to access Tourzan and to save tours, provide reviews, and\r\nreceive messages from Saber. &nbsp;You are responsible for providing\r\naccurate account information.  Saber is not responsible for any\r\nclaims relating to any inaccurate information provided by you.</font></font></font></p><p class=\"western\" align=\"JUSTIFY\" style=\"margin-bottom: 0in; line-height: 0.27in\">\r\n<br>\r\n</p><p class=\"western\" align=\"JUSTIFY\" style=\"margin-bottom: 0in; line-height: 0.27in\">\r\n<font color=\"#000000\"><font face=\"Arial, serif\"><font size=\"2\">You\r\nagree to notify us immediately of any unauthorized use of your\r\npassword and/or account. Saber will not be responsible for any\r\nliabilities, losses, or damages arising out of the unauthorized use\r\nof your member name, password and/or account.</font></font></font></p><p class=\"western\" align=\"JUSTIFY\" style=\"margin-bottom: 0in; line-height: 0.27in\">\r\n<br>\r\n</p><p class=\"western\" align=\"JUSTIFY\" style=\"margin-bottom: 0in; line-height: 0.27in\">\r\n<strong><font color=\"#000000\"><font face=\"Arial, serif\"><font size=\"2\">GUIDES</font></font></font></strong></p><p class=\"western\" align=\"JUSTIFY\" style=\"margin-bottom: 0in; line-height: 0.27in\">\r\n<strong><font color=\"#000000\"><font face=\"Arial, serif\"><font size=\"2\"><span style=\"font-weight: normal\">You\r\nmay seek the services of a Guide through your use of Tourzan.  Once a\r\ntour has been purchased, there is a binding contract between you and\r\nthe Guide.  Tourzan Guides are independent contractors and are not\r\nemployees or agents of Saber.  You understand, acknowledge, and agree\r\nthat Saber does not control any aspect of a Tour, including its\r\nquality, content, or legality.  </span></font></font></font></strong>\r\n</p><p class=\"western\" align=\"JUSTIFY\" style=\"margin-bottom: 0in; line-height: 0.27in\">\r\n<br>\r\n</p><p class=\"western\" align=\"JUSTIFY\" style=\"margin-bottom: 0in; line-height: 0.27in\">\r\n<strong><font color=\"#000000\"><font face=\"Arial, serif\"><font size=\"2\"><span style=\"font-weight: normal\">Saber\r\nmonitors the Tour offerings provided by Guides on the Tourzan\r\nplatform, and will remove or suspend tours or Guides which are in\r\nviolation of the Tourzan legal policies or which are of poor quality\r\nor character, at Saber\u2019s sole discretion.  To provide the best\r\nexperience for you, we ask all users to report questionable tour and\r\nGuide content and behavior to us at </span></font></font></font></strong><a href=\"mailto:contactus@tourzan.com\"><font face=\"Arial, serif\"><font size=\"2\">contactus@tourzan.com</font></font></a><strong><font color=\"#000000\"><font face=\"Arial, serif\"><font size=\"2\"><span style=\"font-weight: normal\">.\r\n</span></font></font></font></strong>\r\n</p><p class=\"western\" align=\"JUSTIFY\" style=\"margin-bottom: 0in; line-height: 0.27in\">\r\n<br>\r\n</p><p class=\"western\" align=\"JUSTIFY\" style=\"margin-bottom: 0in; line-height: 0.27in\">\r\n<strong><font color=\"#000000\"><font face=\"Arial, serif\"><font size=\"2\">REFUNDS\r\nAND CANCELLATIONS</font></font></font></strong></p><p class=\"western\" align=\"JUSTIFY\" style=\"margin-bottom: 0in; line-height: 0.27in\">\r\n<strong><font color=\"#000000\"><font face=\"Arial, serif\"><font size=\"2\"><span style=\"font-weight: normal\">Tours\r\nmay only be refunded for good cause, and in Saber\u2019s sole\r\ndiscretion.  \u201cGood cause\u201d may include conditions such as: Guide\r\nfails to provide the tour on the terms provided (e.g. does not show\r\nup), the quality of the tour is poor, or the Guide behaves in an\r\ninappropriate manner.  All requests for refunds must be submitted to\r\n</span></font></font></font></strong><a href=\"mailto:contactus@tourzan.com\"><font face=\"Arial, serif\"><font size=\"2\">contactus@tourzan.com</font></font></a><strong><font color=\"#000000\"><font face=\"Arial, serif\"><font size=\"2\"><span style=\"font-weight: normal\">\r\nwithin thirty (30) days of the completion of the tour.  Saber\r\nreserves the right to contact other tour participants and the Guide\r\nin making its refund determination.</span></font></font></font></strong></p><p class=\"western\" align=\"JUSTIFY\" style=\"margin-bottom: 0in; line-height: 0.27in\">\r\n<br>\r\n</p><p class=\"western\" align=\"JUSTIFY\" style=\"margin-bottom: 0in; line-height: 0.27in\">\r\n<strong><font color=\"#000000\"><font face=\"Arial, serif\"><font size=\"2\">EXPENSES</font></font></font></strong></p><p class=\"western\" align=\"JUSTIFY\" style=\"margin-bottom: 0in; line-height: 0.27in\">\r\n<strong><font color=\"#000000\"><font face=\"Arial, serif\"><font size=\"2\"><span style=\"font-weight: normal\">Tourzan\r\nis not responsible for incidental expenses of any tour, including,\r\nwithout limitation, transportation expenses, health and medical\r\nexpenses, personal travel document expenses, licenses and permit\r\nexpenses, equipment expenses, and anything else not expressly\r\nincluded in a tour.</span></font></font></font></strong></p><p class=\"western\" align=\"JUSTIFY\" style=\"margin-bottom: 0in; line-height: 0.27in\">\r\n<br>\r\n</p><p class=\"western\" align=\"JUSTIFY\" style=\"margin-bottom: 0in; line-height: 0.27in\">\r\n<strong><font color=\"#000000\"><font face=\"Arial, serif\"><font size=\"2\">TRAVEL\r\nDOCUMENTS</font></font></font></strong></p><p class=\"western\" align=\"JUSTIFY\" style=\"margin-bottom: 0in; line-height: 0.27in\">\r\n<strong><font color=\"#000000\"><font face=\"Arial, serif\"><font size=\"2\"><span style=\"font-weight: normal\">You\r\nare reminded that it is your responsibility to obtain the necessary\r\ntravel documents for participation in any tour, including (if\r\napplicable) a valid passport and visa.  If you are unable to\r\nparticipate on a tour because your travel documents are invalid or\r\nunavailable, Saber reserves the right to retain the fees collected\r\nfrom you in connection with the tour.</span></font></font></font></strong></p><p class=\"western\" align=\"JUSTIFY\" style=\"margin-bottom: 0in; line-height: 0.27in\">\r\n<br>\r\n</p><p class=\"western\" align=\"JUSTIFY\" style=\"margin-bottom: 0in; line-height: 0.27in\">\r\n<strong><font color=\"#000000\"><font face=\"Arial, serif\"><font size=\"2\">CONDUCT\r\nON TOUR</font></font></font></strong></p><p class=\"western\" align=\"JUSTIFY\" style=\"margin-bottom: 0in; line-height: 0.27in\">\r\n<strong><font color=\"#000000\"><font face=\"Arial, serif\"><font size=\"2\"><span style=\"font-weight: normal\">It\r\nis your responsibility to familiarize yourself with the laws of the\r\njurisdiction in which your tour takes place. If you disregard or are\r\nin violation of these laws, you will be removed from the tour and may\r\nbe subject to prosecution by local or federal authorities.  In such\r\nan event, you will be responsible for any and all costs incurred in\r\nconnection with your unlawful activities.  You will not be entitled\r\nto a refund of the tour.  Tourzan reserves the right to recover from\r\nyou any costs incurred as a result of your unlawful activities. </span></font></font></font></strong>\r\n</p><p class=\"western\" align=\"JUSTIFY\" style=\"margin-bottom: 0in; line-height: 0.27in\">\r\n<br>\r\n</p><p class=\"western\" align=\"JUSTIFY\" style=\"margin-bottom: 0in; line-height: 0.27in\">\r\n<strong><font color=\"#000000\"><font face=\"Arial, serif\"><font size=\"2\">USE\r\nRESTRICTIONS</font></font></font></strong><font color=\"#000000\"><font face=\"Arial, serif\"><font size=\"2\">.</font></font></font></p><p class=\"western\" align=\"JUSTIFY\" style=\"margin-bottom: 0in; line-height: 0.27in\">\r\n<font color=\"#000000\"><font face=\"Arial, serif\"><font size=\"2\">Your\r\npermission to use Tourzan is conditioned upon the following\r\nrestrictions: You agree that you will not under any circumstances:</font></font></font></p><ul>\r\n\t<li><p class=\"western\" align=\"JUSTIFY\" style=\"margin-bottom: 0in; line-height: 0.27in\">\r\n\t<font color=\"#000000\"><font face=\"Arial, serif\"><font size=\"2\">post\r\n\tany information that is abusive, threatening, obscene, defamatory,\r\n\tlibelous, or racially, sexually, religiously, or otherwise\r\n\tobjectionable and offensive;</font></font></font></p>\r\n\t</li><li><p class=\"western\" align=\"JUSTIFY\" style=\"margin-bottom: 0in; line-height: 0.27in\">\r\n\t<font color=\"#000000\"><font face=\"Arial, serif\"><font size=\"2\">use\r\n\tTourzan for any unlawful purpose or for the promotion of illegal\r\n\tactivities;</font></font></font></p>\r\n\t</li><li><p class=\"western\" align=\"JUSTIFY\" style=\"margin-bottom: 0in; line-height: 0.27in\">\r\n\t<font color=\"#000000\"><font face=\"Arial, serif\"><font size=\"2\">attempt\r\n\tto, or harass, abuse or harm another person or group;</font></font></font></p>\r\n\t</li><li><p class=\"western\" align=\"JUSTIFY\" style=\"margin-bottom: 0in; line-height: 0.27in\">\r\n\t<font color=\"#000000\"><font face=\"Arial, serif\"><font size=\"2\">use\r\n\tanother user\u2019s account without permission;</font></font></font></p>\r\n\t</li><li><p class=\"western\" align=\"JUSTIFY\" style=\"margin-bottom: 0in; line-height: 0.27in\">\r\n\t<font color=\"#000000\"><font face=\"Arial, serif\"><font size=\"2\">provide\r\n\tfalse or inaccurate information when registering an account;</font></font></font></p>\r\n\t</li><li><p class=\"western\" align=\"JUSTIFY\" style=\"margin-bottom: 0in; line-height: 0.27in\">\r\n\t<font color=\"#000000\"><font face=\"Arial, serif\"><font size=\"2\">interfere\r\n\tor attempt to interfere with the proper functioning of Tourzan;</font></font></font></p>\r\n\t</li><li><p class=\"western\" align=\"JUSTIFY\" style=\"margin-bottom: 0in; line-height: 0.27in\">\r\n\t<font color=\"#000000\"><font face=\"Arial, serif\"><font size=\"2\">make\r\n\tany automated use of the system, or take any action that we deem to\r\n\timpose or to potentially impose an unreasonable or\r\n\tdisproportionately large load on our servers or network\r\n\tinfrastructure;</font></font></font></p>\r\n\t</li><li><p class=\"western\" align=\"JUSTIFY\" style=\"margin-bottom: 0in; line-height: 0.27in\">\r\n\t<font color=\"#000000\"><font face=\"Arial, serif\"><font size=\"2\">bypass\r\n\tany robot exclusion headers or other measures we take to restrict\r\n\taccess to Tourzan or use any software, technology, or device to\r\n\tscrape, spider, or crawl Tourzan or harvest or manipulate data; or</font></font></font></p>\r\n\t</li><li><p class=\"western\" align=\"JUSTIFY\" style=\"margin-bottom: 0in; line-height: 0.27in\">\r\n\t<font color=\"#000000\"><font face=\"Arial, serif\"><font size=\"2\">publish\r\n\tor link to malicious content intended to damage or disrupt another\r\n\tuser\u2019s browser or computer.</font></font></font></p>\r\n</li></ul><p class=\"western\" align=\"JUSTIFY\" style=\"margin-bottom: 0in; line-height: 0.27in\">\r\n<br>\r\n</p><p class=\"western\" align=\"JUSTIFY\" style=\"margin-bottom: 0in; line-height: 0.27in\">\r\n<strong><font color=\"#000000\"><font face=\"Arial, serif\"><font size=\"2\">POSTING\r\nRESTRICTIONS</font></font></font></strong><font color=\"#000000\"><font face=\"Arial, serif\"><font size=\"2\">.</font></font></font></p><p class=\"western\" align=\"JUSTIFY\" style=\"margin-bottom: 0in; line-height: 0.27in\">\r\n<font color=\"#000000\"><font face=\"Arial, serif\"><font size=\"2\">When you\r\ncreate your own personalized account, you may be able to provide\r\n(\u201cUser Content\u201d). &nbsp;You are solely responsible for the User\r\nContent that you post, upload, link to or otherwise make available\r\nvia Tourzan. &nbsp;You agree that we are only acting as a passive\r\nconduit for your online distribution and publication of your User\r\nContent. &nbsp;Saber, however, reserves the right to remove any User\r\nContent from Tourzan at its discretion.</font></font></font></p><p class=\"western\" align=\"JUSTIFY\" style=\"margin-bottom: 0in; line-height: 0.27in\">\r\n<br>\r\n</p><p class=\"western\" align=\"JUSTIFY\" style=\"margin-bottom: 0in; line-height: 0.27in\">\r\n<font color=\"#000000\"><font face=\"Arial, serif\"><font size=\"2\">The\r\nfollowing rules pertain to User Content. By transmitting and\r\nsubmitting any User Content while using Tourzan, you agree as\r\nfollows:</font></font></font></p><ul>\r\n\t<li><p class=\"western\" align=\"JUSTIFY\" style=\"margin-bottom: 0in; line-height: 0.27in\">\r\n\t<font color=\"#000000\"><font face=\"Arial, serif\"><font size=\"2\">You are\r\n\tsolely responsible for your account and the activity that occurs\r\n\twhile signed in to or while using your account;</font></font></font></p>\r\n\t</li><li><p class=\"western\" align=\"JUSTIFY\" style=\"margin-bottom: 0in; line-height: 0.27in\">\r\n\t<font color=\"#000000\"><font face=\"Arial, serif\"><font size=\"2\">You\r\n\twill not post information that is malicious, false or inaccurate;</font></font></font></p>\r\n\t</li><li><p class=\"western\" align=\"JUSTIFY\" style=\"margin-bottom: 0in; line-height: 0.27in\">\r\n\t<font color=\"#000000\"><font face=\"Arial, serif\"><font size=\"2\">You\r\n\twill not submit content that is copyrighted or subject to third\r\n\tparty proprietary rights, including privacy, publicity, trade\r\n\tsecret, etc., unless you are the owner of such rights or have\r\n\tappropriate permission from their rightful owner to specifically\r\n\tsubmit such content; and</font></font></font></p>\r\n\t</li><li><p class=\"western\" align=\"JUSTIFY\" style=\"margin-bottom: 0in; line-height: 0.27in\">\r\n\t<font color=\"#000000\"><font face=\"Arial, serif\"><font size=\"2\">You\r\n\thereby affirm we have the right to determine whether any of your\r\n\tUser Content submissions are appropriate and comply with these\r\n\tterms, remove any and/or all of your submissions, and terminate your\r\n\taccount with or without prior notice.</font></font></font></p>\r\n</li></ul><p class=\"western\" align=\"JUSTIFY\" style=\"margin-bottom: 0in; line-height: 0.27in\">\r\n<br>\r\n</p><p class=\"western\" align=\"JUSTIFY\" style=\"margin-bottom: 0in; line-height: 0.27in\">\r\n<font color=\"#000000\"><font face=\"Arial, serif\"><font size=\"2\">You\r\nunderstand and agree that any liability, loss or damage that occurs\r\nas a result of the use of any User Content that you make available or\r\naccess through your use of Tourzan is solely your responsibility.\r\n&nbsp;Saber is not responsible for any public display or misuse of\r\nyour User Content. &nbsp;Saber does not, and cannot, pre-screen or\r\nmonitor all User Content. &nbsp;However, at our discretion, we, or\r\ntechnology we employ, may monitor and/or record your interactions\r\nwith Tourzan.</font></font></font></p><p class=\"western\" align=\"JUSTIFY\" style=\"margin-bottom: 0in; line-height: 0.27in\">\r\n<br>\r\n</p><p class=\"western\" align=\"JUSTIFY\" style=\"margin-bottom: 0in; line-height: 0.27in\">\r\n<strong><font color=\"#000000\"><font face=\"Arial, serif\"><font size=\"2\">ONLINE\r\nCONTENT DISCLAIMER</font></font></font></strong></p><p class=\"western\" align=\"JUSTIFY\" style=\"margin-bottom: 0in; line-height: 0.27in\">\r\n<font color=\"#000000\"><font face=\"Arial, serif\"><font size=\"2\">Opinions,\r\nadvice, statements, offers, or other information or content made\r\navailable through Tourzan, but not directly by Saber, are those of\r\ntheir respective authors, and should not necessarily be relied upon.\r\n&nbsp;Such authors are solely responsible for such content. &nbsp;Saber\r\ndoes not guarantee the accuracy, completeness, or usefulness of any\r\ninformation on Tourzan and neither does Saber adopt nor endorse, nor\r\nis Saber responsible for, the accuracy or reliability of any opinion,\r\nadvice, or statement made by parties other than Saber. &nbsp;Saber\r\ntakes no responsibility and assumes no liability for any User Content\r\nthat you or any other user or third party posts or sends over\r\nTourzan. &nbsp;Under no circumstances will Saber be responsible for\r\nany loss or damage resulting from anyone\u2019s reliance on information\r\nor other content posted on Tourzan, or transmitted to users.</font></font></font></p><p class=\"western\" align=\"JUSTIFY\" style=\"margin-bottom: 0in; line-height: 0.27in\"><a name=\"_GoBack\"></a>\r\n<br>\r\n</p><p class=\"western\" align=\"JUSTIFY\" style=\"margin-bottom: 0in; line-height: 0.27in\">\r\n<font color=\"#000000\"><font face=\"Arial, serif\"><font size=\"2\">Though\r\nSaber strives to enforce these Terms of Use, you may be exposed to\r\nUser Content that is inaccurate or objectionable. &nbsp;Saber\r\nreserves the right, but has no obligation, to monitor the materials\r\nposted in the public areas of Tourzan or to limit or deny a user\u2019s\r\naccess to Tourzan or take other appropriate action if a user violates\r\nthese Terms of Use or engages in any activity that violates the\r\nrights of any person or entity or which we deem unlawful, offensive,\r\nabusive, harmful or malicious. &nbsp; Saber shall have the right to\r\nremove any such material that in its sole opinion violates, or is\r\nalleged to violate, the law or this agreement or which might be\r\noffensive, or that might violate the rights, harm, or threaten the\r\nsafety of users or others. &nbsp;Unauthorized use may result in\r\ncriminal and/or civil prosecution under Federal, State and local law.\r\n&nbsp;If you become aware of misuse of our Tourzan, please contact us\r\nat </font></font></font><a href=\"mailto:contactus@tourzan.com\"><font face=\"Arial, serif\"><font size=\"2\">contactus@tourzan.com</font></font></a><font color=\"#000000\"><font face=\"Arial, serif\"><font size=\"2\">.\r\n</font></font></font>\r\n</p><p class=\"western\" align=\"JUSTIFY\" style=\"margin-bottom: 0in; line-height: 0.27in\">\r\n<br>\r\n</p><p class=\"western\" align=\"JUSTIFY\" style=\"margin-bottom: 0in; line-height: 0.27in\">\r\n<strong><font color=\"#000000\"><font face=\"Arial, serif\"><font size=\"2\">LINKS\r\nTO OTHER SITES AND/OR MATERIALS</font></font></font></strong></p><p class=\"western\" align=\"JUSTIFY\" style=\"margin-bottom: 0in; line-height: 0.27in\">\r\n<font color=\"#000000\"><font face=\"Arial, serif\"><font size=\"2\">As part\r\nof Tourzan, Saber may provide you with convenient links to third\r\nparty website(s) (\u201cThird Party Sites\u201d) as well as content or\r\nitems belonging to or originating from third parties (the \u201cThird\r\nParty Applications, Software or Content\u201d). &nbsp;These links are\r\nprovided as a courtesy to Tourzan subscribers. &nbsp;Saber has no\r\ncontrol over Third Party Sites and Third Party Applications, Software\r\nor Content or the promotions, materials, information, goods or\r\nTourzans available on these Third Party Sites or Third Party\r\nApplications, Software or Content. &nbsp;Such Third Party Sites and\r\nThird Party Applications, Software or Content are not investigated,\r\nmonitored or checked for accuracy, appropriateness, or completeness\r\nby Saber, and Saber is not responsible for any Third Party Sites\r\naccessed through Tourzan or any Third Party applications, Software or\r\nContent posted on, available through or installed from Tourzan,\r\nincluding the content, accuracy, offensiveness, opinions,\r\nreliability, privacy practices or other policies of or contained in\r\nthe Third Party Sites or the Third Party Applications, Software or\r\nContent. &nbsp;Inclusion of, linking to or permitting the use or\r\ninstallation of any Third Party Site or any Third Party Applications,\r\nSoftware or Content does not imply approval or endorsement thereof by\r\nSaber. &nbsp;If you decide to leave Tourzan and access the Third\r\nParty Sites or to use or install any Third Party Applications,\r\nSoftware or Content, you do so at your own risk and you should be\r\naware that our terms and policies no longer govern. &nbsp;You should\r\nreview applicable terms and policies, including privacy and data\r\ngathering practices, of any site to which you navigate from Tourzan\r\nor relating to any Applications you use or install from the site.</font></font></font></p><p class=\"western\" align=\"JUSTIFY\" style=\"margin-bottom: 0in; line-height: 0.27in\">\r\n<br>\r\n</p><p class=\"western\" align=\"JUSTIFY\" style=\"margin-bottom: 0in; line-height: 0.27in\">\r\n<strong><font color=\"#000000\"><font face=\"Arial, serif\"><font size=\"2\">COPYRIGHT\r\nCOMPLAINTS AND COPYRIGHT AGENT</font></font></font></strong></p><p class=\"western\" align=\"JUSTIFY\" style=\"margin-bottom: 0in; line-height: 0.27in\">\r\n<strong><font color=\"#000000\"><font face=\"Arial, serif\"><font size=\"2\">(a)\r\nTermination of Repeat Infringer Accounts</font></font></font></strong><font color=\"#000000\"><font face=\"Arial, serif\"><font size=\"2\">.\r\n&nbsp;Saber respects the intellectual property rights of others and\r\nrequests that the users do the same. &nbsp;Pursuant to 17 U.S.C.\r\n512(i) of the United States Copyright Act, Saber has adopted and\r\nimplemented a policy that provides for the termination in appropriate\r\ncircumstances of users of Tourzan who are repeat infringers. &nbsp;Saber\r\nmay terminate access for participants or users who are found\r\nrepeatedly to provide or post protected third party content without\r\nnecessary rights and permissions.</font></font></font></p><p class=\"western\" align=\"JUSTIFY\" style=\"margin-bottom: 0in; line-height: 0.27in\">\r\n<strong><font color=\"#000000\"><font face=\"Arial, serif\"><font size=\"2\">(b)\r\nDMCA Take-Down Notices</font></font></font></strong><font color=\"#000000\"><font face=\"Arial, serif\"><font size=\"2\">.\r\n&nbsp;If you are a copyright owner or an agent thereof and believe,\r\nin good faith, that any materials provided on Tourzan infringe upon\r\nyour copyrights, you may submit a notification pursuant to the\r\nDigital Millennium Copyright Act (</font></font></font><em><font color=\"#000000\"><font face=\"Arial, serif\"><font size=\"2\">see</font></font></font></em><font color=\"#000000\"><font face=\"Arial, serif\"><font size=\"2\">\r\n17 U.S.C 512) (\u201cDMCA\u201d) by sending the following information in\r\nwriting to Saber\u2019s designated copyright agent at [Insert Address]:</font></font></font></p><p class=\"western\" align=\"JUSTIFY\" style=\"margin-bottom: 0in; line-height: 0.27in\">\r\n<font color=\"#000000\">&nbsp;</font></p><ol>\r\n\t<li><p class=\"western\" align=\"JUSTIFY\" style=\"margin-bottom: 0in; line-height: 0.27in\">\r\n\t<font color=\"#000000\"><font face=\"Arial, serif\"><font size=\"2\">The\r\n\tdate of your notification; </font></font></font>\r\n\t</p>\r\n\t</li><li><p class=\"western\" align=\"JUSTIFY\" style=\"margin-bottom: 0in; line-height: 0.27in\">\r\n\t<font color=\"#000000\"><font face=\"Arial, serif\"><font size=\"2\">A\r\n\tphysical or electronic signature of a person authorized to act on\r\n\tbehalf of the owner of an exclusive right that is allegedly\r\n\tinfringed; </font></font></font>\r\n\t</p>\r\n\t</li><li><p class=\"western\" align=\"JUSTIFY\" style=\"margin-bottom: 0in; line-height: 0.27in\">\r\n\t<font color=\"#000000\"><font face=\"Arial, serif\"><font size=\"2\">A\r\n\tdescription of the copyrighted work claimed to have been infringed,\r\n\tor, if multiple copyrighted works at a single online site are\r\n\tcovered by a single notification, a representative list of such\r\n\tworks at that site; </font></font></font>\r\n\t</p>\r\n\t</li><li><p class=\"western\" align=\"JUSTIFY\" style=\"margin-bottom: 0in; line-height: 0.27in\">\r\n\t<font color=\"#000000\"><font face=\"Arial, serif\"><font size=\"2\">A\r\n\tdescription of the material that is claimed to be infringing or to\r\n\tbe the subject of infringing activity and information sufficient to\r\n\tenable us to locate such work; </font></font></font>\r\n\t</p>\r\n\t</li><li><p class=\"western\" align=\"JUSTIFY\" style=\"margin-bottom: 0in; line-height: 0.27in\">\r\n\t<font color=\"#000000\"><font face=\"Arial, serif\"><font size=\"2\">Information\r\n\treasonably sufficient to permit Tourzan provider to contact you,\r\n\tsuch as an address, telephone number, and/or email address; </font></font></font>\r\n\t</p>\r\n\t</li><li><p class=\"western\" align=\"JUSTIFY\" style=\"margin-bottom: 0in; line-height: 0.27in\">\r\n\t<font color=\"#000000\"><font face=\"Arial, serif\"><font size=\"2\">A\r\n\tstatement that you have a good faith belief that use of the material\r\n\tin the manner complained of is not authorized by the copyright\r\n\towner, its agent, or the law; and </font></font></font>\r\n\t</p>\r\n\t</li><li><p class=\"western\" align=\"JUSTIFY\" style=\"margin-bottom: 0in; line-height: 0.27in\">\r\n\t<font color=\"#000000\"><font face=\"Arial, serif\"><font size=\"2\">A\r\n\tstatement that the information in the notification is accurate, and\r\n\tunder penalty of perjury, that you are authorized to act on behalf\r\n\tof the owner of an exclusive right that is allegedly infringed. </font></font></font>\r\n\t</p>\r\n</li></ol><p class=\"western\" align=\"JUSTIFY\" style=\"margin-bottom: 0in; line-height: 0.27in\">\r\n<strong><font color=\"#000000\"><font face=\"Arial, serif\"><font size=\"2\">(c)\r\nCounter-Notices</font></font></font></strong><font color=\"#000000\"><font face=\"Arial, serif\"><font size=\"2\">.\r\nIf you believe that your User Content that has been removed from\r\nTourzan is not infringing, or that you have the authorization from\r\nthe copyright owner, the copyright owner's agent, or pursuant to the\r\nlaw, to post and use the content in your User Content, you may send a\r\ncounter-notice containing the following information to our copyright\r\nagent using the contact information set forth above:</font></font></font></p><ol>\r\n\t<li><p class=\"western\" align=\"JUSTIFY\" style=\"margin-bottom: 0in; line-height: 0.27in\">\r\n\t<font color=\"#000000\"><font face=\"Arial, serif\"><font size=\"2\">Your\r\n\tphysical or electronic signature; </font></font></font>\r\n\t</p>\r\n\t</li><li><p class=\"western\" align=\"JUSTIFY\" style=\"margin-bottom: 0in; line-height: 0.27in\">\r\n\t<font color=\"#000000\"><font face=\"Arial, serif\"><font size=\"2\">A\r\n\tdescription of the content that has been removed and the location at\r\n\twhich the content appeared before it was removed; </font></font></font>\r\n\t</p>\r\n\t</li><li><p class=\"western\" align=\"JUSTIFY\" style=\"margin-bottom: 0in; line-height: 0.27in\">\r\n\t<font color=\"#000000\"><font face=\"Arial, serif\"><font size=\"2\">A\r\n\tstatement that you have a good faith belief that the content was\r\n\tremoved as a result of mistake or a misidentification of the\r\n\tcontent; and </font></font></font>\r\n\t</p>\r\n\t</li><li><p class=\"western\" align=\"JUSTIFY\" style=\"margin-bottom: 0in; line-height: 0.27in\">\r\n\t<font color=\"#000000\"><font face=\"Arial, serif\"><font size=\"2\">Your\r\n\tname, address, telephone number, and email address, a statement that\r\n\tyou consent to the jurisdiction of the federal court in the State of\r\n\tWashington and a statement that you will accept Tourzan of process\r\n\tfrom the person who provided notification of the alleged\r\n\tinfringement. </font></font></font>\r\n\t</p>\r\n</li></ol><p class=\"western\" align=\"JUSTIFY\" style=\"margin-bottom: 0in; line-height: 0.27in\">\r\n<font color=\"#000000\"><font face=\"Arial, serif\"><font size=\"2\">If a\r\ncounter-notice is received by Saber copyright agent, Saber may send a\r\ncopy of the counter-notice to the original complaining party\r\ninforming such person that it may reinstate the removed content in 10\r\nbusiness days. &nbsp;Unless the copyright owner files an action\r\nseeking a court order against the content provider, member or user,\r\nthe removed content may (in Saber\u2019s discretion) be reinstated on\r\nTourzan in 10 to 14 business days or more after receipt of the\r\ncounter-notice.</font></font></font></p><p class=\"western\" align=\"JUSTIFY\" style=\"margin-bottom: 0in; line-height: 0.27in\">\r\n<br>\r\n</p><p class=\"western\" align=\"JUSTIFY\" style=\"margin-bottom: 0in; line-height: 0.27in\">\r\n<strong><font color=\"#000000\"><font face=\"Arial, serif\"><font size=\"2\">LICENSE\r\nGRANT</font></font></font></strong></p><p class=\"western\" align=\"JUSTIFY\" style=\"margin-bottom: 0in; line-height: 0.27in\">\r\n<font color=\"#000000\"><font face=\"Arial, serif\"><font size=\"2\">By\r\nposting any User Content via Tourzan, you expressly grant, and you\r\nrepresent and warrant that you have a right to grant, to Saber a\r\nroyalty-free, sublicensable, transferable, perpetual, irrevocable,\r\nnon-exclusive, worldwide license to use, reproduce, modify, publish,\r\nlist information regarding, edit, translate, distribute, publicly\r\nperform, publicly display, and make derivative works of all such User\r\nContent and your name, voice, and/or likeness as contained in your\r\nUser Content, if applicable, in whole or in part, and in any form,\r\nmedia or technology, whether now known or hereafter developed, for\r\nuse in connection with Tourzan.</font></font></font></p><p class=\"western\" align=\"JUSTIFY\" style=\"margin-bottom: 0in; line-height: 0.27in\">\r\n<br>\r\n</p><p class=\"western\" align=\"JUSTIFY\" style=\"margin-bottom: 0in; line-height: 0.27in\">\r\n<strong><font color=\"#000000\"><font face=\"Arial, serif\"><font size=\"2\">INTELLECTUAL\r\nPROPERTY</font></font></font></strong></p><p class=\"western\" align=\"JUSTIFY\" style=\"margin-bottom: 0in; line-height: 0.27in\">\r\n<font color=\"#000000\"><font face=\"Arial, serif\"><font size=\"2\">You\r\nacknowledge and agree that we and our licensors retain ownership of\r\nall intellectual property rights of any kind related to Tourzan,\r\nincluding applicable copyrights, trademarks and other proprietary\r\nrights. &nbsp;Other product and company names that are mentioned on\r\nTourzan may be trademarks of their respective owners. We reserve all\r\nrights that are not expressly granted to you under this Agreement.</font></font></font></p><p class=\"western\" align=\"JUSTIFY\" style=\"margin-bottom: 0in; line-height: 0.27in\">\r\n<br>\r\n</p><p class=\"western\" align=\"JUSTIFY\" style=\"margin-bottom: 0in; line-height: 0.27in\">\r\n<strong><font color=\"#000000\"><font face=\"Arial, serif\"><font size=\"2\">EMAIL\r\nMAY NOT BE USED TO PROVIDE NOTICE </font></font></font></strong>\r\n</p><p class=\"western\" align=\"JUSTIFY\" style=\"margin-bottom: 0in; line-height: 0.27in\">\r\n<font color=\"#000000\"><font face=\"Arial, serif\"><font size=\"2\">Communications\r\nmade through Tourzan\u2019s e-mail and messaging system, will not\r\nconstitute legal notice to Saber or any of its officers, employees,\r\nagents or representatives in any situation where notice to Saber is\r\nrequired by contract or any law or regulation.</font></font></font></p><p class=\"western\" align=\"JUSTIFY\" style=\"margin-bottom: 0in; line-height: 0.27in\">\r\n<br>\r\n</p><p class=\"western\" align=\"JUSTIFY\" style=\"margin-bottom: 0in; line-height: 0.27in\">\r\n<strong><font color=\"#000000\"><font face=\"Arial, serif\"><font size=\"2\">USER\r\nCONSENT TO RECEIVE COMMUNICATIONS IN ELECTRONIC FORM</font></font></font></strong></p><p class=\"western\" align=\"JUSTIFY\" style=\"margin-bottom: 0in; line-height: 0.27in\">\r\n<font color=\"#000000\"><font face=\"Arial, serif\"><font size=\"2\">For\r\ncontractual purposes, you (a) consent to receive communications from\r\nSaber in an electronic form via the email address you have submitted;\r\nand (b) agree that all Terms of Use, agreements, notices,\r\ndisclosures, and other communications that Saber provides to you\r\nelectronically satisfy any legal requirement that such communications\r\nwould satisfy if it were in writing. &nbsp;The foregoing does not\r\naffect your non-waivable rights.</font></font></font></p><p class=\"western\" align=\"JUSTIFY\" style=\"margin-bottom: 0in; line-height: 0.27in\">\r\n<font color=\"#000000\"><font face=\"Arial, serif\"><font size=\"2\">We may\r\nalso use your email address, to send you other messages, including\r\ninformation about Saber and special offers. You may opt out of such\r\nemail by changing your account settings or sending an email to\r\n</font></font></font><a href=\"mailto:contactus@tourzan.com\"><font face=\"Arial, serif\"><font size=\"2\">contactus@tourzan.com</font></font></a><font color=\"#000000\"><font face=\"Arial, serif\"><font size=\"2\">\r\nor mail to the following postal address:</font></font></font></p><p class=\"western\" align=\"JUSTIFY\" style=\"margin-bottom: 0in; line-height: 0.27in\">\r\n<br>\r\n</p><p class=\"western\" align=\"JUSTIFY\" style=\"margin-bottom: 0in; line-height: 0.27in\">\r\n<font color=\"#000000\"><font face=\"Arial, serif\"><font size=\"2\">Customer\r\nSupport</font></font></font></p><p class=\"western\" align=\"JUSTIFY\" style=\"margin-bottom: 0in; line-height: 0.27in\">\r\n<font color=\"#000000\"><font face=\"Arial, serif\"><font size=\"2\">[Address]</font></font></font></p><p class=\"western\" align=\"JUSTIFY\" style=\"margin-bottom: 0in; line-height: 0.27in\">\r\n<font color=\"#000000\"><font face=\"Arial, serif\"><font size=\"2\">Opting\r\nout may prevent you from receiving messages regarding Saber or\r\nspecial offers.</font></font></font></p><p class=\"western\" align=\"JUSTIFY\" style=\"margin-bottom: 0in; line-height: 0.27in\">\r\n<br>\r\n</p><p class=\"western\" align=\"JUSTIFY\" style=\"margin-bottom: 0in; line-height: 0.27in\">\r\n<font color=\"#000000\"><font face=\"Arial, serif\"><font size=\"2\"><b>ACCEPTANCE\r\nOF RISK</b></font></font></font></p><p class=\"western\" align=\"JUSTIFY\" style=\"margin-bottom: 0in; line-height: 0.27in\">\r\n<font face=\"Arial, serif\"><font size=\"2\">You acknowledge that all\r\ntravel involves an element of risk and that some tours offered on\r\nTourzan may be adventurous in nature and may involve a significant\r\namount of personal risk. You hereby assume all such risk and you,\r\nyour estate, your family, heirs and assigns hereby release Tourzan\r\nfrom all claims and causes of action whatsoever arising from any\r\ninjury, death or other damages, both pecuniary and non-pecuniary, to\r\nyou that may occur as a result of your participation in the tours\r\noffered on Tourzan.</font></font></p><p class=\"western\" align=\"JUSTIFY\" style=\"margin-bottom: 0in; line-height: 0.27in\">\r\n<br>\r\n</p><p class=\"western\" align=\"JUSTIFY\" style=\"margin-bottom: 0in; line-height: 0.27in\">\r\n<font face=\"Arial, serif\"><font size=\"2\"><b>HEALTH AND TRAVEL INSURANCE</b></font></font></p><p class=\"western\" align=\"JUSTIFY\" style=\"margin-bottom: 0in; line-height: 0.27in\">\r\n<font face=\"Arial, serif\"><font size=\"2\">You are strongly encouraged to\r\nobtain suitable medical, health, and/or travel insurance prior to\r\nbooking a tour.  Saber is not responsible to you or any other tour\r\nparticipant for any costs incurred on a tour related to medical\r\ntreatment or medical evacuation or transport.  Saber is also not\r\nresponsible to you or any tour participant for any costs related to\r\ndamaged, lost, or stolen baggage, money, or goods.</font></font></p><p class=\"western\" align=\"JUSTIFY\" style=\"margin-bottom: 0in; line-height: 0.27in\">\r\n<br>\r\n</p><p class=\"western\" align=\"JUSTIFY\" style=\"margin-bottom: 0in; line-height: 0.27in\">\r\n<strong><font color=\"#000000\"><font face=\"Arial, serif\"><font size=\"2\">WARRANTY\r\nDISCLAIMER</font></font></font></strong></p><p class=\"western\" align=\"JUSTIFY\" style=\"margin-bottom: 0in; line-height: 0.27in\">\r\n<font color=\"#000000\"><font face=\"Arial, serif\"><font size=\"2\">TOURZAN\r\nIS PROVIDED \u201cAS IS,\u201d WITHOUT WARRANTY OF ANY KIND. WITHOUT\r\nLIMITING THE FOREGOING, SABER EXPRESSLY DISCLAIMS ALL WARRANTIES,\r\nWHETHER EXPRESS, IMPLIED OR STATUTORY, REGARDING TOURZAN INCLUDING\r\nWITHOUT LIMITATION ANY WARRANTY OF MERCHANTABILITY, FITNESS FOR A\r\nPARTICULAR PURPOSE, TITLE, SECURITY, ACCURACY AND NON-INFRINGEMENT.\r\nWITHOUT LIMITING THE FOREGOING, SABER MAKES NO WARRANTY OR\r\nREPRESENTATION THAT ACCESS TO OR OPERATION OF TOURZAN WILL BE\r\nUNINTERRUPTED OR ERROR FREE. YOU ASSUME FULL RESPONSIBILITY AND RISK\r\nOF LOSS RESULTING FROM YOUR DOWNLOADING AND/OR USE OF FILES,\r\nINFORMATION, CONTENT OR OTHER MATERIAL OBTAINED FROM TOURZAN. SOME\r\nJURISDICTIONS LIMIT OR DO NOT PERMIT DISCLAIMERS OF WARRANTY, SO THIS\r\nPROVISION MAY NOT APPLY TO YOU.</font></font></font></p><p class=\"western\" align=\"JUSTIFY\" style=\"margin-bottom: 0in; line-height: 0.27in\">\r\n<br>\r\n</p><p class=\"western\" align=\"JUSTIFY\" style=\"margin-bottom: 0in; line-height: 0.27in\">\r\n<strong><font color=\"#000000\"><font face=\"Arial, serif\"><font size=\"2\">LIMITATION\r\nOF DAMAGES AND RELEASE</font></font></font></strong></p><p class=\"western\" align=\"JUSTIFY\" style=\"margin-bottom: 0in; line-height: 0.27in\">\r\n<font color=\"#000000\"><font face=\"Arial, serif\"><font size=\"2\">TO THE\r\nEXTENT PERMITTED BY APPLICABLE LAW, IN NO EVENT SHALL SABER, ITS\r\nAFFILIATES, DIRECTORS, OR EMPLOYEES, OR ITS LICENSORS OR PARTNERS, BE\r\nLIABLE TO YOU FOR ANY LOSS OF PROFITS, USE, &nbsp;OR DATA, OR FOR ANY\r\nINCIDENTAL, INDIRECT, SPECIAL, CONSEQUENTIAL OR EXEMPLARY DAMAGES,\r\nHOWEVER ARISING, THAT RESULT FROM (A) THE USE, DISCLOSURE, OR DISPLAY\r\nOF YOUR USER CONTENT; (B) YOUR USE OR INABILITY TO USE TOURZAN; (C)\r\nTOURZAN GENERALLY OR THE SOFTWARE OR SYSTEMS THAT MAKE TOURZAN\r\nAVAILABLE; OR (D) ANY OTHER INTERACTIONS WITH SABER OR ANY OTHER USER\r\nOF TOURZAN, WHETHER BASED ON WARRANTY, CONTRACT, TORT (INCLUDING\r\nNEGLIGENCE) OR ANY OTHER LEGAL THEORY, AND WHETHER OR NOT SABER HAS\r\nBEEN INFORMED OF THE POSSIBILITY OF SUCH DAMAGE, AND EVEN IF A REMEDY\r\nSET FORTH HEREIN IS FOUND TO HAVE FAILED OF ITS ESSENTIAL PURPOSE.\r\n&nbsp;SOME JURISDICTIONS LIMIT OR DO NOT PERMIT DISCLAIMERS OF\r\nLIABILITY, SO THIS PROVISION MAY NOT APPLY TO YOU.</font></font></font></p><p class=\"western\" align=\"JUSTIFY\" style=\"margin-bottom: 0in; line-height: 0.27in\">\r\n<br>\r\n</p><p class=\"western\" align=\"JUSTIFY\" style=\"margin-bottom: 0in; line-height: 0.27in\">\r\n<font color=\"#000000\"><font face=\"Arial, serif\"><font size=\"2\">If you\r\nhave a dispute with another user, tour participant, or Guide, you\r\nrelease us (and our officers, directors, agents, subsidiaries, joint\r\nventures and employees) from all claims, demands and damages (actual\r\nand consequential) of every kind and nature, known and unknown,\r\narising out of or in any way connected with such disputes. &nbsp;If\r\nyou are a California resident, you waive California Civil Code \u00a71542,\r\nwhich says: \u201cA general release does not extend to claims which the\r\ncreditor does not know or suspect to exist in his favor at the time\r\nof executing the release, which if known by him must have materially\r\naffected his settlement with the debtor.\u201d</font></font></font></p><p class=\"western\" align=\"JUSTIFY\" style=\"margin-bottom: 0in; line-height: 0.27in\">\r\n<br>\r\n</p><p class=\"western\" align=\"JUSTIFY\" style=\"margin-bottom: 0in; line-height: 0.27in\">\r\n<strong><font color=\"#000000\"><font face=\"Arial, serif\"><font size=\"2\">TERM\r\nOF AGREEMENT</font></font></font></strong></p><p class=\"western\" align=\"JUSTIFY\" style=\"margin-bottom: 0in; line-height: 0.27in\">\r\n<font color=\"#000000\"><font face=\"Arial, serif\"><font size=\"2\">This\r\nAgreement will become effective immediately upon your use of Tourzan\r\nand shall remain effective unless terminated by either party as\r\nprovided here. Either party may terminate this Agreement by providing\r\nthe other with written or email notice of such termination which\r\nshall be effective immediately upon delivery of such notice to the\r\nother party. Furthermore, Tourzan may terminate this Agreement\r\nimmediately for any breach by you of this Agreement or any applicable\r\npolicy of Tourzan as posted on Tourzan from time to time. In the\r\nevent of termination or expiration, the following sections shall\r\nsurvive: License Grant, Intellectual Property, Acceptance of Risk,\r\nWarranty Disclaimer, Limitation of Damages and Release, Term of\r\nAgreement; and General Terms.  </font></font></font>\r\n</p><p class=\"western\" align=\"JUSTIFY\" style=\"margin-bottom: 0in; line-height: 0.27in\">\r\n<font color=\"#000000\"><font face=\"Arial, serif\"><font size=\"2\"><br>Should\r\nyou violate the terms of this Agreement, Saber reserves the right,\r\nwithout prejudice to any other rights or remedies available to\r\nTourzan, to terminate your use of Tourzan immediately at its sole\r\ndiscretion.</font></font></font></p><p class=\"western\" align=\"JUSTIFY\" style=\"margin-bottom: 0in; line-height: 0.27in\">\r\n<br>\r\n</p><p class=\"western\" align=\"JUSTIFY\" style=\"margin-bottom: 0in; line-height: 0.27in\">\r\n<strong><font color=\"#000000\"><font face=\"Arial, serif\"><font size=\"2\">MODIFICATION\r\nOF TERMS OF USE</font></font></font></strong></p><p class=\"western\" align=\"JUSTIFY\" style=\"margin-bottom: 0in; line-height: 0.27in\">\r\n<font color=\"#000000\"><font face=\"Arial, serif\"><font size=\"2\">We can\r\namend these Terms of Use at any time and will update these Terms of\r\nUse in the event of any such amendments. &nbsp;It is your sole\r\nresponsibility to check Tourzan from time to time to view any such\r\nchanges in the Agreement. &nbsp;If you continue to use Tourzan, you\r\nsignify your agreement to our revisions to these Terms of Use.\r\n&nbsp;However, we will notify you of material changes to the terms by\r\nposting a notice on our homepage and/or sending an email to the email\r\naddress you provided to us upon registration. &nbsp;For this\r\nadditional reason, you should keep your contact and profile\r\ninformation current. &nbsp;</font></font></font></p><p class=\"western\" align=\"JUSTIFY\" style=\"margin-bottom: 0in; line-height: 0.27in\">\r\n<br>\r\n</p><p class=\"western\" align=\"JUSTIFY\" style=\"margin-bottom: 0in; line-height: 0.27in\">\r\n<strong><font color=\"#000000\"><font face=\"Arial, serif\"><font size=\"2\">GENERAL\r\nTERMS</font></font></font></strong></p><p class=\"western\" align=\"JUSTIFY\" style=\"margin-bottom: 0in; line-height: 0.27in\">\r\n<font color=\"#000000\"><font face=\"Arial, serif\"><font size=\"2\">If any\r\npart of this Agreement is held invalid or unenforceable, the\r\nremaining portions will remain in full force and effect. Any failure\r\non the part of Saber to enforce any provision of this Agreement will\r\nnot be considered a waiver of our right to enforce such provision.\r\n&nbsp;Our rights under this Agreement will survive any termination of\r\nthis Agreement.</font></font></font></p><p class=\"western\" align=\"JUSTIFY\" style=\"margin-bottom: 0in; line-height: 0.27in\">\r\n<br>\r\n</p><p class=\"western\" align=\"JUSTIFY\" style=\"margin-bottom: 0in; line-height: 0.27in\">\r\n<font color=\"#000000\"><font face=\"Arial, serif\"><font size=\"2\">You\r\nagree that any cause of action related to or arising out of your\r\nrelationship with Saber must commence within ONE year after the cause\r\nof action accrues. &nbsp;Otherwise, such cause of action is\r\npermanently barred.</font></font></font></p><p class=\"western\" align=\"JUSTIFY\" style=\"margin-bottom: 0in; line-height: 0.27in\">\r\n<br>\r\n</p><p class=\"western\" align=\"JUSTIFY\" style=\"margin-bottom: 0in; line-height: 0.27in\">\r\n<font color=\"#000000\"><font face=\"Arial, serif\"><font size=\"2\">These\r\nTerms of Use and your use of Tourzan are governed by the federal laws\r\nof the United States of America and the laws of the State of\r\nWashington, without regard to conflict of law provisions.</font></font></font></p><p class=\"western\" align=\"JUSTIFY\" style=\"margin-bottom: 0in; line-height: 0.27in\">\r\n<br>\r\n</p><p class=\"western\" align=\"JUSTIFY\" style=\"margin-bottom: 0in; line-height: 0.27in\">\r\n<font color=\"#000000\"><font face=\"Arial, serif\"><font size=\"2\">Saber\r\nmay assign or delegate these Terms of Tourzan and/or Saber\u2019s\r\nPrivacy Policy, in whole or in part, to any person or entity at any\r\ntime with or without your consent. You may not assign or delegate any\r\nrights or obligations under the Terms of Tourzan or Privacy Policy\r\nwithout Saber\u2019s prior written consent, and any unauthorized\r\nassignment and delegation by you is void.</font></font></font></p><p class=\"western\" align=\"JUSTIFY\" style=\"margin-bottom: 0in; line-height: 0.27in\">\r\n<br>\r\n</p><p class=\"western\" align=\"JUSTIFY\" style=\"margin-bottom: 0in; line-height: 0.27in\">\r\n<font face=\"Arial, serif\"><font size=\"2\">Nothing in this Agreement\r\nshall be construed as making either party the partner, joint venture,\r\nagent, legal representative, employer, contractor or employee of the\r\nother. Neither party shall have, or hold itself out to any third\r\nparty as having, any authority to make any statements,\r\nrepresentations or commitments of any kind, or to take any action,\r\nthat shall be binding on the other, except as provided for herein or\r\nauthorized in writing by the party to be bound.</font></font></p><p class=\"western\" align=\"JUSTIFY\" style=\"margin-bottom: 0in; line-height: 0.27in\">\r\n<br>\r\n</p><p class=\"western\" align=\"JUSTIFY\" style=\"margin-bottom: 0in; line-height: 0.27in\">\r\n<font color=\"#000000\"><font face=\"Arial, serif\"><font size=\"2\">YOU\r\nACKNOWLEDGE THAT YOU HAVE READ THESE TERMS OF USE, UNDERSTAND THE\r\nTERMS OF USE, AND WILL BE BOUND BY THESE TERMS AND CONDITIONS. YOU\r\nFURTHER ACKNOWLEDGE THAT THESE TERMS OF USE TOGETHER WITH THE PRIVACY\r\nPOLICY AT [INSERT LINK TO PRIVACY POLICY] REPRESENT THE COMPLETE AND\r\nEXCLUSIVE STATEMENT OF THE AGREEMENT BETWEEN US AND THAT IT\r\nSUPERSEDES ANY PROPOSAL OR PRIOR AGREEMENT ORAL OR WRITTEN, AND ANY\r\nOTHER COMMUNICATIONS BETWEEN US RELATING TO THE SUBJECT MATTER OF\r\nTHIS AGREEMENT.</font></font></font></p><p align=\"CENTER\" style=\"margin-bottom: 0in\">\r\n\r\n\r\n\r\n\r\n\r\n\r\n\r\n\r\n\r\n\r\n\r\n\r\n\r\n\r\n\r\n\r\n\r\n\r\n\r\n\r\n\r\n\r\n\r\n\r\n\r\n\r\n\r\n\r\n\r\n\r\n\r\n\r\n\r\n\r\n\r\n\r\n\r\n\r\n\r\n\r\n\r\n\r\n\r\n\r\n\r\n\r\n\r\n\r\n\r\n\r\n\r\n\r\n\r\n\r\n\r\n\r\n\r\n\r\n\r\n\r\n\r\n\r\n\r\n\r\n\r\n\r\n\r\n\r\n\r\n\r\n\r\n\r\n\r\n\r\n\r\n\r\n\r\n\r\n\r\n\r\n\r\n\r\n\r\n\r\n\r\n\r\n\r\n\r\n\r\n\r\n\r\n\r\n\r\n\r\n\r\n\r\n\r\n\r\n\r\n\r\n\r\n\r\n\r\n\r\n\r\n\r\n\r\n\r\n\r\n\r\n\r\n\r\n\r\n\r\n</p><p class=\"western\" align=\"JUSTIFY\" style=\"margin-bottom: 0in; line-height: 0.27in\">\r\n<br>\r\n</p><p align=\"CENTER\" style=\"margin-bottom: 0in\"><font face=\"Arial, serif\"><b><br></b></font></p><p align=\"CENTER\" style=\"margin-bottom: 0in\"><font face=\"Arial, serif\"><b><br></b></font></p><p align=\"CENTER\" style=\"margin-bottom: 0in\"><font face=\"Arial, serif\"><b>Tourzan\r\nTerms and Conditions for Tour Guides</b></font></p><p style=\"margin-bottom: 0in\"><br>\r\n</p><p style=\"margin-bottom: 0in\"><font face=\"Arial, serif\"><font style=\"font-size: 11pt\">The\r\nterms of this Agreement apply to all Guides providing tour guide\r\nservices on the Saber Applications, Inc. (\u201cSaber\u201d, \u201cus,\u201d\r\n\u201cwe\u201d) Tourzan Platform. Your use of the Tourzan Platform\r\n(regardless of whether your access or use is intended) is subject to\r\nthe terms of this Agreement. Please read this Agreement carefully\r\nbefore you start to use the Tourzan Platform. When you register you\r\nwill be asked to confirm that you have read and you agree to this\r\nAgreement. By using the Tourzan Platform, whether or not you use any\r\nof the services, you indicate that you accept this Agreement and\r\nagree to abide by it. If you do not accept the terms of this\r\nAgreement, please refrain from using the Tourzan Platform.</font></font></p><p style=\"margin-bottom: 0in\"><br>\r\n</p><p style=\"margin-bottom: 0in\"><font face=\"Arial, serif\"><font style=\"font-size: 11pt\">We\r\nmay modify this Agreement from time to time and such modification\r\nwill be effective as soon as we have posted it on the Tourzan\r\nPlatform. You agree to be bound to any changes to this Agreement upon\r\nyour use of the Tourzan Platform after any such modification is\r\nposted. Some of these provisions may also be superseded by provisions\r\nor notices published elsewhere on the Tourzan Platform. It is your\r\nresponsibility to review the Agreement regularly to ensure that you\r\nare aware of the latest terms and conditions.</font></font></p><p style=\"margin-bottom: 0in\"><br>\r\n</p><p style=\"margin-bottom: 0in\"><br>\r\n</p><ol>\r\n\t<li><p style=\"margin-bottom: 0in\"><font face=\"Arial, serif\"><font style=\"font-size: 11pt\"><b>Definitions\r\n\tand interpretation. </b></font></font><font face=\"Arial, serif\"><font style=\"font-size: 11pt\">\r\n\tIn this Agreement the following terms and conditions have the\r\n\tfollowing meanings:</font></font></p>\r\n\t<ol type=\"a\">\r\n\t\t<li><p style=\"margin-bottom: 0in\"><font face=\"Arial, serif\"><font style=\"font-size: 11pt\"><b>Agreement</b></font></font><font face=\"Arial, serif\"><font style=\"font-size: 11pt\">.\tThese\r\n\t\tterms and conditions and the Privacy Policy.</font></font></p>\r\n\t\t</li><li><p style=\"margin-bottom: 0in\"><font face=\"Arial, serif\"><font style=\"font-size: 11pt\"><b>App</b></font></font><font face=\"Arial, serif\"><font style=\"font-size: 11pt\">.\r\n\t\t The Tourzan mobile application.</font></font></p>\r\n\t\t</li><li><p style=\"margin-bottom: 0in\"><font face=\"Arial, serif\"><font style=\"font-size: 11pt\"><b>Consumer</b></font></font><font face=\"Arial, serif\"><font style=\"font-size: 11pt\">.\tA\r\n\t\tperson who browses or utilizes the Tourzan Platform.</font></font></p>\r\n\t\t</li><li><p style=\"margin-bottom: 0in\"><font face=\"Arial, serif\"><font style=\"font-size: 11pt\"><b>Consumer\r\n\t\tComments</b></font></font><font face=\"Arial, serif\"><font style=\"font-size: 11pt\">.\r\n\t\t Any comments made or opinions given by a Consumer in relation to a\r\n\t\tGuide or Tour.</font></font></p>\r\n\t\t</li><li><p style=\"margin-bottom: 0in\"><font face=\"Arial, serif\"><font style=\"font-size: 11pt\"><b>Consumer\r\n\t\tInformation</b></font></font><font face=\"Arial, serif\"><font style=\"font-size: 11pt\">.\r\n\t\t The information provided by the Consumer in the Tour Request\r\n\t\tincluding contact details, number of Participants, ages of\r\n\t\tParticipant(s), any relevant health and dietary issues of\r\n\t\tParticipant(s) and any additional information required by a Guide.</font></font></p>\r\n\t\t</li><li><p style=\"margin-bottom: 0in\"><font face=\"Arial, serif\"><font style=\"font-size: 11pt\"><b>Content</b></font></font><font face=\"Arial, serif\"><font style=\"font-size: 11pt\">.\r\n\t\t The text, files, images, photographs, video, graphic materials,\r\n\t\tsounds, musical works, works of authorship or any other materials.</font></font></p>\r\n\t\t</li><li><p style=\"margin-bottom: 0in\"><font face=\"Arial, serif\"><font style=\"font-size: 11pt\"><b>Guide</b></font></font><font face=\"Arial, serif\"><font style=\"font-size: 11pt\">.\r\n\t\tA person who has registered on the Tourzan Platform to provide tour\r\n\t\tguide services. </font></font>\r\n\t\t</p>\r\n\t\t</li><li><p style=\"margin-bottom: 0in\"><font face=\"Arial, serif\"><font style=\"font-size: 11pt\"><b>Guide\r\n\t\tContent</b></font></font><font face=\"Arial, serif\"><font style=\"font-size: 11pt\">.\r\n\t\tContent describing the Guide, their Tours, the Tour Information,\r\n\t\tservices or terms, or those of its staff and content submitted and\r\n\t\tuploaded by Guides (including articles and blogs) which is\r\n\t\tavailable on the Tourzan Platform.</font></font></p>\r\n\t\t</li><li><p style=\"margin-bottom: 0in\"><font face=\"Arial, serif\"><font style=\"font-size: 11pt\"><b>Participant</b></font></font><font face=\"Arial, serif\"><font style=\"font-size: 11pt\">.\tA\r\n\t\tConsumer who takes part in a Tour.</font></font></p>\r\n\t\t</li><li><p style=\"margin-bottom: 0in\"><font face=\"Arial, serif\"><font style=\"font-size: 11pt\"><b>Privacy\r\n\t\tPolicy</b></font></font><font face=\"Arial, serif\"><font style=\"font-size: 11pt\">.\r\n\t\t Saber\u2019s privacy policy set out on the Website and App.</font></font></p>\r\n\t\t</li><li><p style=\"margin-bottom: 0in\"><font face=\"Arial, serif\"><font style=\"font-size: 11pt\"><b>Prohibited\r\n\t\tContent</b></font></font><font face=\"Arial, serif\"><font style=\"font-size: 11pt\">.\r\n\t\t Content uploaded by a User that does not comply with this\r\n\t\tAgreement or is defamatory, offensive, discriminatory, infringes\r\n\t\tany intellectual property rights of any other person, or is in any\r\n\t\tway illegal.</font></font></p>\r\n\t\t</li><li><p style=\"margin-bottom: 0in\"><font face=\"Arial, serif\"><font style=\"font-size: 11pt\"><b>Suggested\r\n\t\tTour Price</b></font></font><font face=\"Arial, serif\"><font style=\"font-size: 11pt\">.\r\n\t\t The price set by a Guide for a particular Tour.  </font></font>\r\n\t\t</p>\r\n\t\t</li><li><p style=\"margin-bottom: 0in\"><font face=\"Arial, serif\"><font style=\"font-size: 11pt\"><b>Total\r\n\t\tTour Price</b></font></font><font face=\"Arial, serif\"><font style=\"font-size: 11pt\">.\r\n\t\t The Total Tour Price for each Tour shall include the Tour Price\r\n\t\tand the Tourzan Fee.  (For example, if a Guide sets a Tour Price at\r\n\t\t$100.00, the Tourzan Fee will be $113.00, for a Total Tour Price of\r\n\t\t$113.00.)</font></font></p>\r\n\t\t</li><li><p style=\"margin-bottom: 0in\"><font face=\"Arial, serif\"><font style=\"font-size: 11pt\"><b>Tour</b></font></font><font face=\"Arial, serif\"><font style=\"font-size: 11pt\">.\r\n\t\t A tour provided by a Guide booked and arranged through the Tourzan\r\n\t\tPlatform.</font></font></p>\r\n\t\t</li><li><p style=\"margin-bottom: 0in\"><font face=\"Arial, serif\"><font style=\"font-size: 11pt\"><b>Tour\r\n\t\tInformation</b></font></font><font face=\"Arial, serif\"><font style=\"font-size: 11pt\">.\r\n\t\t The information to be provided by the Guide relating to the Tour\r\n\t\tincluding at the minimum the following information: (1) pick-up\r\n\t\tlocation (2) the Tour Price; (3) the Tour capacity; and (4) an\r\n\t\titinerary or brief description of the Tour.</font></font></p>\r\n\t\t</li><li><p style=\"margin-bottom: 0in\"><font face=\"Arial, serif\"><font style=\"font-size: 11pt\"><b>Tourzan\r\n\t\tFee</b></font></font><font face=\"Arial, serif\"><font style=\"font-size: 11pt\">.\r\n\t\t A fee equal to thirteen percent (13%) of the Suggested Tour Price.</font></font></p>\r\n\t\t</li><li><p style=\"margin-bottom: 0in\"><font face=\"Arial, serif\"><font style=\"font-size: 11pt\"><b>Tourzan\r\n\t\tPlatform</b></font></font><font face=\"Arial, serif\"><font style=\"font-size: 11pt\">.\r\n\t\t The Tourzan Website, App, services, and technology platform that\r\n\t\tprovides a marketplace where tourists and visitors who seek tour\r\n\t\tguide services and excursions can be matched with local tour\r\n\t\tguides.</font></font></p>\r\n\t\t</li><li><p style=\"margin-bottom: 0in\"><font face=\"Arial, serif\"><font style=\"font-size: 11pt\"><b>User,</b></font></font><font face=\"Arial, serif\"><font style=\"font-size: 11pt\">\r\n\t\t</font></font><font face=\"Arial, serif\"><font style=\"font-size: 11pt\"><b>you\r\n\t\tor your</b></font></font><font face=\"Arial, serif\"><font style=\"font-size: 11pt\">.\tEither\r\n\t\ta Consumer or a Guide who accesses and uses the Tourzan Platform as\r\n\t\tthe case may be.</font></font></p>\r\n\t\t</li><li><p style=\"margin-bottom: 0in\"><font face=\"Arial, serif\"><font style=\"font-size: 11pt\"><b>Website</b></font></font><font face=\"Arial, serif\"><font style=\"font-size: 11pt\">.\r\n\t\twww.tourzan.com</font></font></p>\r\n\t</li></ol>\r\n</li></ol><p style=\"margin-bottom: 0in\"><br>\r\n</p><p style=\"margin-left: 1in; margin-bottom: 0in\"><br>\r\n</p><ol start=\"2\">\r\n\t<li><p style=\"margin-bottom: 0in\"><font face=\"Arial, serif\"><font style=\"font-size: 11pt\"><b>The\r\n\tTourzan Platform. </b></font></font>\r\n\t</p>\r\n\t<ol type=\"a\">\r\n\t\t<li><p style=\"margin-bottom: 0in\"><font face=\"Arial, serif\"><font style=\"font-size: 11pt\">We\r\n\t\tprovide the Tourzan Platform through the Website and the App. The\r\n\t\tTourzan Platform is provided to assist Guides to procure customers\r\n\t\tfor Tours. All tours by Guides are crafted and performed by Guides.\r\n\t\t The Tourzan Platform does not create Tours, lead or organize\r\n\t\tTours, or provide equipment, facilities, or transportation for\r\n\t\tTours.</font></font></p>\r\n\t\t</li><li><p style=\"margin-bottom: 0in\"><font face=\"Arial, serif\"><font style=\"font-size: 11pt\">In\r\n\t\torder to facilitate the Tourzan Platform, and subject to this\r\n\t\tAgreement, we will use our best efforts to make your Guide Content\r\n\t\tavailable on the Tourzan Platform and provide Users with a search\r\n\t\tfacility under which they can identify a suitable Guide or Tour\r\n\t\tusing the information included in the Guide Content of all Guides\r\n\t\twho use the Tourzan Platform.</font></font></p>\r\n\t\t</li><li><p style=\"margin-bottom: 0in\"><font face=\"Arial, serif\"><font style=\"font-size: 11pt\">You\r\n\t\tmust ensure that the information included in your Guide Content is\r\n\t\taccurate, up to date and not misleading and you hereby indemnify us\r\n\t\tin full for any breach of this obligation.</font></font></p>\r\n\t</li></ol>\r\n</li></ol><p style=\"margin-left: 1in; margin-bottom: 0in\"><br>\r\n</p><ol start=\"3\">\r\n\t<li><p style=\"margin-bottom: 0in\"><font face=\"Arial, serif\"><font style=\"font-size: 11pt\"><b>Booking\r\n\tTours. </b></font></font>\r\n\t</p>\r\n\t<ol type=\"a\">\r\n\t\t<li><p style=\"margin-bottom: 0in\"><font face=\"Arial, serif\"><font style=\"font-size: 11pt\">Once\r\n\t\ta Consumer has booked a Tour via Tourzan, you will receive a notice\r\n\t\tfrom Tourzan confirming the sale of the Tour and the contact\r\n\t\tinformation for the Consumer.  </font></font>\r\n\t\t</p>\r\n\t\t</li><li><p style=\"margin-bottom: 0in\"><font face=\"Arial, serif\"><font style=\"font-size: 11pt\">After\r\n\t\tyou have received confirmation of the sale of the Tour and the\r\n\t\tcorresponding Consumer contact information, it is your\r\n\t\tresponsibility to contact the Consumer and all Participants to\r\n\t\tcoordinate and finalize the Tour details.  </font></font>\r\n\t\t</p>\r\n\t</li></ol>\r\n</li></ol><p style=\"margin-left: 0.5in; margin-bottom: 0in\"><br>\r\n</p><ol start=\"4\">\r\n\t<li><p style=\"margin-bottom: 0in\"><font face=\"Arial, serif\"><font style=\"font-size: 11pt\"><b>Your\r\n\tservices and use of information.</b></font></font></p>\r\n\t<ol type=\"a\">\r\n\t\t<li><p style=\"margin-bottom: 0in\"><font face=\"Arial, serif\"><font style=\"font-size: 11pt\">You\r\n\t\tmust provide Consumers with a high standard of care consistent with\r\n\t\tstandard industry practice and utmost professionalism including,\r\n\t\twithout limitation, responding promptly to any Consumer question\r\n\t\tand treating them courteously and with respect.</font></font></p>\r\n\t\t</li><li><p style=\"margin-bottom: 0in\"><font face=\"Arial, serif\"><font style=\"font-size: 11pt\">You\r\n\t\tundertake to us that your tour services will be provided with all\r\n\t\treasonable skill and care.</font></font></p>\r\n\t\t</li><li><p style=\"margin-bottom: 0in\"><font face=\"Arial, serif\"><font style=\"font-size: 11pt\">Any\r\n\t\tpersonally identifiable information gathered about a Consumer or\r\n\t\tParticipant obtained from the Tourzan Platform must be used only to\r\n\t\tcontact the Consumer in question and for no other purpose\r\n\t\twhatsoever. You must not send unsolicited bulk email, instant\r\n\t\tmessages or other unsolicited communications of any kind utilizing\r\n\t\tinformation obtained through the Tourzan Platform without the prior\r\n\t\texplicit consent of the Consumer concerned.</font></font></p>\r\n\t\t</li><li><p style=\"margin-bottom: 0in\"><font face=\"Arial, serif\"><font style=\"font-size: 11pt\">You\r\n\t\tmust not retain any Consumer Information on your files for longer\r\n\t\tthan 7 days after the end of the Tour. Any such information must be\r\n\t\tpromptly deleted.</font></font></p>\r\n\t</li></ol>\r\n</li></ol><p style=\"margin-left: 1in; margin-bottom: 0in\"><br>\r\n</p><ol start=\"5\">\r\n\t<li><p style=\"margin-bottom: 0in\"><font face=\"Arial, serif\"><font style=\"font-size: 11pt\"><b>Consumer\r\n\tComments.</b></font></font></p>\r\n\t<ol type=\"a\">\r\n\t\t<li><p style=\"margin-bottom: 0in\"><font face=\"Arial, serif\"><font style=\"font-size: 11pt\">As\r\n\t\tpart of the Tourzan Platform, Consumers who have participated in\r\n\t\ttours may submit reviews and comments about their experiences.\t</font></font></p>\r\n\t\t</li><li><p style=\"margin-bottom: 0in\"><font face=\"Arial, serif\"><font style=\"font-size: 11pt\">We\r\n\t\tare not responsible, or liable to you, or any other party, for the\r\n\t\tcontent or accuracy of any Consumer Comments posted by any User. We\r\n\t\tdo not review, moderate or control the Consumer Comments posted to\r\n\t\tthe Website.</font></font></p>\r\n\t\t</li><li><p style=\"margin-bottom: 0in\"><font face=\"Arial, serif\"><font style=\"font-size: 11pt\">While\r\n\t\twe will seek to remove any Prohibited Content or any Content that\r\n\t\twe consider, in our absolute discretion, may be Prohibited Content\r\n\t\tas soon as we are made aware of it, or any Consumer Comments which\r\n\t\tmay be inaccurate, offensive, indecent or objectionable, we do not\r\n\t\tassume any responsibility for monitoring Consumer Comments for\r\n\t\tProhibited Content. Please contact us at <a href=\"mailto:contactus@tourzan.com\">contactus@tourzan.com</a>\r\n\t\tif you wish to discuss the removal of Consumer Comments.</font></font></p>\r\n\t</li></ol>\r\n</li></ol><p style=\"margin-left: 1in; margin-bottom: 0in\"><br>\r\n</p><ol start=\"6\">\r\n\t<li><p style=\"margin-bottom: 0in\"><font face=\"Arial, serif\"><font style=\"font-size: 11pt\"><b>Guide\r\n\tContent.</b></font></font></p>\r\n\t<ol type=\"a\">\r\n\t\t<li><p style=\"margin-bottom: 0in\"><font face=\"Arial, serif\"><font style=\"font-size: 11pt\">Any\r\n\t\tGuide Content you upload to the Tourzan Platform is\r\n\t\tnon-confidential and you grant us a non-exclusive, worldwide,\r\n\t\tperpetual, irrevocable, royalty-free license to use, copy,\r\n\t\tdistribute and disclose Guide Content to third parties for any\r\n\t\tpurpose.</font></font></p>\r\n\t\t</li><li><p style=\"margin-bottom: 0in\"><font face=\"Arial, serif\"><font style=\"font-size: 11pt\">You\r\n\t\tmust ensure that your Guide Content is not inaccurate, misleading\r\n\t\tand does not contain Prohibited Content and you will indemnify us\r\n\t\tfor any breach of this obligation.</font></font></p>\r\n\t\t</li><li><p style=\"margin-bottom: 0in\"><font face=\"Arial, serif\"><font style=\"font-size: 11pt\">We\r\n\t\tdo not review or control the Guide Content posted to the Tourzan\r\n\t\tPlatform but we do reserve the right to edit, remove or decline any\r\n\t\tContent, including Guide Content, whether or not it contains\r\n\t\tProhibited Material, at our sole discretion and without notice to\r\n\t\tyou.</font></font></p>\r\n\t\t</li><li><p style=\"margin-bottom: 0in\"><font face=\"Arial, serif\"><font style=\"font-size: 11pt\">We\r\n\t\treserve the right to investigate and take appropriate action\r\n\t\tagainst anyone who, in our sole opinion, is in breach of this\r\n\t\tAgreement, and in particular, provides Prohibited Content. Such\r\n\t\taction includes, but is not limited to, reporting the Prohibited\r\n\t\tContent and your details to the appropriate law enforcement\r\n\t\tagencies, removing any Content and suspending or terminating your\r\n\t\tregistration and access to the Tourzan Platform.</font></font></p>\r\n\t\t</li><li><p style=\"margin-bottom: 0in\"><font face=\"Arial, serif\"><font style=\"font-size: 11pt\">Please\r\n\t\tcontact us via email via email at <a href=\"mailto:contactus@tourzan.com\">contactus@tourzan.com</a>\r\n\t\tif you wish to discuss the removal of any Guide Content.</font></font></p>\r\n\t</li></ol>\r\n</li></ol><p style=\"margin-left: 1in; margin-bottom: 0in\"><br>\r\n</p><ol start=\"7\">\r\n\t<li><p style=\"margin-bottom: 0in\"><font face=\"Arial, serif\"><font style=\"font-size: 11pt\"><b>Privacy\r\n\tand personal data.</b></font></font></p>\r\n\t<ol type=\"a\">\r\n\t\t<li><p style=\"margin-bottom: 0in\"><font face=\"Arial, serif\"><font style=\"font-size: 11pt\">We\r\n\t\tprocess information about you in accordance with our Privacy\r\n\t\tPolicy. By using the Tourzan Platform, you consent to such\r\n\t\tprocessing and you warrant that all data provided by you is\r\n\t\taccurate.</font></font></p>\r\n\t\t</li><li><p style=\"margin-bottom: 0in\"><font face=\"Arial, serif\"><font style=\"font-size: 11pt\">You\r\n\t\tacknowledge that when you provide a Tour you will receive the\r\n\t\tConsumer's personal information and you warrant that you will\r\n\t\tprocess such information only in accordance with applicable data\r\n\t\tprotection laws. </font></font>\r\n\t\t</p>\r\n\t</li></ol>\r\n</li></ol><p style=\"margin-left: 0.5in; margin-bottom: 0in\"><br>\r\n</p><ol start=\"8\">\r\n\t<li><p style=\"margin-bottom: 0in\"><font face=\"Arial, serif\"><font style=\"font-size: 11pt\"><b>Our\r\n\tfees and refunds.</b></font></font></p>\r\n\t<ol type=\"a\">\r\n\t\t<li><p style=\"margin-bottom: 0in\"><font face=\"Arial, serif\"><font style=\"font-size: 11pt\">We\r\n\t\tdo not charge you a fee for you to upload Guide Content to the\r\n\t\tTourzan Platform.</font></font></p>\r\n\t\t</li><li><p style=\"margin-bottom: 0in\"><font face=\"Arial, serif\"><font style=\"font-size: 11pt\">Once\r\n\t\ta Consumer has purchased a Tour, the funds from the purchase will\r\n\t\tremain in escrow for thirty (30) from the completion of the Tour,\r\n\t\tfollowing which they will be distributed via EFT to you and Saber,\r\n\t\tsubject to our refund policy below.</font></font></p>\r\n\t\t</li><li><p style=\"margin-bottom: 0in\"><font face=\"Arial, serif\"><font style=\"font-size: 11pt\">The\r\n\t\tGuide will receive eighty-seven percent (87%) of the Suggested Tour\r\n\t\tPrice for Guide\u2019s services (\u201cGuide\u2019s Payment\u201d).  Saber will\r\n\t\treceive the Total Tour Price less the Guide\u2019s Payment.  </font></font>\r\n\t\t</p>\r\n\t\t</li><li><p style=\"margin-bottom: 0in\"><font face=\"Arial, serif\"><font style=\"font-size: 11pt\">If\r\n\t\ta Consumer requests a refund for a purchased Tour, Saber will\r\n\t\tinvestigate the refund request, including by making further\r\n\t\tinquiries of the Consumer, the Participants, and the Guide, and\r\n\t\twill determine in Saber\u2019s sole discretion whether a refund will\r\n\t\tbe issued.</font></font></p>\r\n\t\t</li><li><p style=\"margin-bottom: 0in\"><font face=\"Arial, serif\"><font style=\"font-size: 11pt\">Valid\r\n\t\tgrounds for issuance of refunds may include failure to provide the\r\n\t\tTour as scheduled, poor quality of the Tour, and in appropriate\r\n\t\tbehavior by the Guide.  </font></font>\r\n\t\t</p>\r\n\t\t</li><li><p style=\"margin-bottom: 0in\"><font face=\"Arial, serif\"><font style=\"font-size: 11pt\">All\r\n\t\trefund requests must be made within thirty (30) days of the\r\n\t\tcompletion of the Tour.</font></font></p>\r\n\t\t</li><li><p style=\"margin-bottom: 0in\"><font face=\"Arial, serif\"><font style=\"font-size: 11pt\">Guides\r\n\t\tare responsible for payment of their own taxes in connection with\r\n\t\tfunds received from the Tourzan Platform.</font></font></p>\r\n\t</li></ol>\r\n</li></ol><p style=\"margin-left: 1in; margin-bottom: 0in\"><br>\r\n</p><ol start=\"9\">\r\n\t<li><p style=\"margin-bottom: 0in\"><font face=\"Arial, serif\"><font style=\"font-size: 11pt\"><b>Your\r\n\tprices.</b></font></font></p>\r\n\t<ol type=\"a\">\r\n\t\t<li><p style=\"margin-bottom: 0in\"><font face=\"Arial, serif\"><font style=\"font-size: 11pt\">You\r\n\t\tare responsible for ensuring that the Tour Price advertised for\r\n\t\tyour services or the Tour on the Tourzan Platform is accurate and\r\n\t\tup to date. You cannot vary the Tour Price within 48 hours before\r\n\t\tthe stated Tour start time, or once the Tour has been purchased.</font></font></p>\r\n\t</li></ol>\r\n</li></ol><p style=\"margin-left: 1in; margin-bottom: 0in\"><br>\r\n</p><ol start=\"10\">\r\n\t<li><p style=\"margin-bottom: 0in\"><font face=\"Arial, serif\"><font style=\"font-size: 11pt\"><b>Warranties\r\n\tgiven by the Guide.</b></font></font></p>\r\n\t<ol type=\"a\">\r\n\t\t<li><p style=\"margin-bottom: 0in\"><font face=\"Arial, serif\"><font style=\"font-size: 11pt\">You\r\n\t\tare a qualified tour guide and, if applicable, that you have\r\n\t\tregistered with the governing tourist guide body in the relevant\r\n\t\tregion or area in which you operate;</font></font></p>\r\n\t\t</li><li><p style=\"margin-bottom: 0in\"><font face=\"Arial, serif\"><font style=\"font-size: 11pt\">you\r\n\t\thave obtained all relevant licenses (including all professional and\r\n\t\trecreational licenses) and permits required to provide the services\r\n\t\toffered under your Tours;</font></font></p>\r\n\t\t</li><li><p style=\"margin-bottom: 0in\"><font face=\"Arial, serif\"><font style=\"font-size: 11pt\">all\r\n\t\tthe registration information submitted by you is correct, true\r\n\t\tcomplete and accurate and will be kept up to date;</font></font></p>\r\n\t\t</li><li><p style=\"margin-bottom: 0in\"><font face=\"Arial, serif\"><font style=\"font-size: 11pt\">you\r\n\t\town, or have the necessary consents and permissions to use the\r\n\t\tGuide Content (including any personal data) used in your profile in\r\n\t\tthe manner contemplated by the Tourzan Platform and the Agreement;</font></font></p>\r\n\t\t</li><li><p style=\"margin-bottom: 0in\"><font face=\"Arial, serif\"><font style=\"font-size: 11pt\">you\r\n\t\tare solely responsible for any material or information that you\r\n\t\ttransmit to Consumers and for your dealings with Consumers;</font></font></p>\r\n\t\t</li><li><p style=\"margin-bottom: 0in\"><font face=\"Arial, serif\"><font style=\"font-size: 11pt\">you\r\n\t\twill not allow any other person to use your account;</font></font></p>\r\n\t\t</li><li><p style=\"margin-bottom: 0in\"><font face=\"Arial, serif\"><font style=\"font-size: 11pt\">you\r\n\t\tare not involved in any criminal activity or wanted in connection\r\n\t\twith any such activity whether now or in the past; </font></font>\r\n\t\t</p>\r\n\t\t</li><li><p style=\"margin-bottom: 0in\"><font face=\"Arial, serif\"><font style=\"font-size: 11pt\">you\r\n\t\thave and will maintain current and accurate payment information for\r\n\t\tpayment of purchased Tours; and</font></font></p>\r\n\t\t</li><li><p style=\"margin-bottom: 0in\"><font face=\"Arial, serif\"><font style=\"font-size: 11pt\">you\r\n\t\thave and will maintain insurance for the proposed Tour services\r\n\t\toffered by you as required by law.</font></font></p>\r\n\t</li></ol>\r\n</li></ol><p style=\"margin-left: 0.25in; margin-bottom: 0in\"><br>\r\n</p><ol start=\"11\">\r\n\t<li><p style=\"margin-bottom: 0in\"><font face=\"Arial, serif\"><font style=\"font-size: 11pt\"><b>Background\r\n\tChecks.  </b></font></font><font face=\"Arial, serif\"><font style=\"font-size: 11pt\">Though\r\n\tat this time Saber does not require background checks of its Guides,\r\n\twe reserve the right to request these checks in the future.  If you\r\n\trefuse, or if you fail a background check, you may not provide Tours\r\n\tvia the Tourzan Platform.</font></font></p>\r\n</li></ol><p style=\"margin-left: 0.25in; margin-bottom: 0in\"><br>\r\n</p><ol start=\"12\">\r\n\t<li><p style=\"margin-bottom: 0in\"><font face=\"Arial, serif\"><font style=\"font-size: 11pt\"><b>Guide\r\n\tis an Independent Contractor.</b></font></font></p>\r\n\t<ol type=\"a\">\r\n\t\t<li><p style=\"margin-bottom: 0in\"><font face=\"Arial, serif\"><font style=\"font-size: 11pt\">The\r\n\t\tGuide is an independent contractor. Nothing contained in this\r\n\t\tAgreement creates a partnership, joint venture, employer/employee,\r\n\t\tprincipal-and-agent, or any similar relationship between the\r\n\t\tparties.</font></font></p>\r\n\t\t</li><li><p style=\"margin-bottom: 0in\"><font face=\"Arial, serif\"><font style=\"font-size: 11pt\">The\r\n\t\tGuide has no authority to, and shall not, act as agent for or on\r\n\t\tbehalf of Saber or represent or bind it in any manner.</font></font></p>\r\n\t\t</li><li><p style=\"margin-bottom: 0in\"><font face=\"Arial, serif\"><font style=\"font-size: 11pt\">The\r\n\t\tGuide will not be entitled to any of the benefits afforded to Saber\r\n\t\temployees.</font></font></p>\r\n\t\t</li><li><p style=\"margin-bottom: 0in\"><font face=\"Arial, serif\"><font style=\"font-size: 11pt\">In\r\n\t\tthe event the Guide is an entity, Guide acknowledges and agrees\r\n\t\tthat Saber is in no way responsible for, or owes any obligations\r\n\t\tto, Guide\u2019s employees, contractors, agents, or affiliates.  This\r\n\t\tAgreement is solely between the Guide and Saber.  </font></font>\r\n\t\t</p>\r\n\t</li></ol>\r\n</li></ol><p style=\"margin-left: 0.25in; margin-bottom: 0in\"><br>\r\n</p><ol start=\"13\">\r\n\t<li><p style=\"margin-bottom: 0in\"><font face=\"Arial, serif\"><font style=\"font-size: 11pt\"><b>Release.\r\n\t </b></font></font><font face=\"Arial, serif\"><font style=\"font-size: 11pt\">If\r\n\tyou have a dispute with a Consumer, you release us (and our\r\n\tdirectors, officers, employees, agents and sub-contractors) from all\r\n\tliabilities, costs, expenses, damages or loss (including any direct\r\n\tor indirect consequential losses, loss of profit, loss of reputation\r\n\tand all interest, penalties and legal and other reasonable\r\n\tprofessional costs and expenses) suffered or incurred by us arising\r\n\tout of or in connection in any way with such dispute. Any such\r\n\tdispute is a matter between you and the Consumer in question.</font></font></p>\r\n</li></ol><p style=\"margin-left: 0.25in; margin-bottom: 0in\"><br>\r\n</p><ol start=\"14\">\r\n\t<li><p style=\"margin-bottom: 0in\"><font face=\"Arial, serif\"><font style=\"font-size: 11pt\"><b>The\r\n\tTourzan Platform.</b></font></font></p>\r\n\t<ol type=\"a\">\r\n\t\t<li><p style=\"margin-bottom: 0in\"><font face=\"Arial, serif\"><font style=\"font-size: 11pt\">Access\r\n\t\tto the Tourzan Platform is permitted on a temporary basis, and we\r\n\t\treserve the right to withdraw or amend the services we provide\r\n\t\twithout notice. If the need arises, we may restrict or suspend\r\n\t\taccess to the Tourzan Platform, or close it indefinitely.</font></font></p>\r\n\t\t</li><li><p style=\"margin-bottom: 0in\"><font face=\"Arial, serif\"><font style=\"font-size: 11pt\">You\r\n\t\tare responsible for making all arrangements necessary for you to\r\n\t\thave access to the Tourzan Platform. You are also responsible for\r\n\t\tensuring that all persons who access the Tourzan Platform through\r\n\t\tyour account are aware of these terms, and that they comply with\r\n\t\tthem.</font></font></p>\r\n\t\t</li><li><p style=\"margin-bottom: 0in\"><font face=\"Arial, serif\"><font style=\"font-size: 11pt\">We\r\n\t\tdo not guarantee uninterrupted availability of the Tourzan\r\n\t\tPlatform, but we will make reasonable efforts to minimize any\r\n\t\tperiods during which the Tourzan Platform is not available.</font></font></p>\r\n\t</li></ol>\r\n</li></ol><p style=\"margin-left: 1in; margin-bottom: 0in\"><br>\r\n</p><ol start=\"15\">\r\n\t<li><p style=\"margin-bottom: 0in\"><font face=\"Arial, serif\"><font style=\"font-size: 11pt\"><b>Registration.</b></font></font></p>\r\n\t<ol type=\"a\">\r\n\t\t<li><p style=\"margin-bottom: 0in\"><font face=\"Arial, serif\"><font style=\"font-size: 11pt\">In\r\n\t\torder to upload Guide Content to the Tourzan Platform you must\r\n\t\tfirst register on the Tourzan Platform as a Guide.</font></font></p>\r\n\t\t</li><li><p style=\"margin-bottom: 0in\"><font face=\"Arial, serif\"><font style=\"font-size: 11pt\">You\r\n\t\tare solely responsible for your profile and any activity on it, and\r\n\t\tmust keep your profile password secure. As soon as you become aware\r\n\t\tof any unauthorized use of your profile or password, you must\r\n\t\tnotify us promptly.</font></font></p>\r\n\t\t</li><li><p style=\"margin-bottom: 0in\"><font face=\"Arial, serif\"><font style=\"font-size: 11pt\">We\r\n\t\tare not liable for any losses caused by any unauthorized use of\r\n\t\tyour profile.</font></font></p>\r\n\t\t</li><li><p style=\"margin-bottom: 0in\"><font face=\"Arial, serif\"><font style=\"font-size: 11pt\">We\r\n\t\thave the right to disable any user identification code or password,\r\n\t\twhether chosen by you or allocated by us, at any time, if in our\r\n\t\topinion you have failed to comply with any of the provisions of\r\n\t\tthis Agreement.</font></font></p>\r\n\t</li></ol>\r\n</li></ol><p style=\"margin-left: 0.5in; margin-bottom: 0in\"><br>\r\n</p><ol start=\"16\">\r\n\t<li><p style=\"margin-bottom: 0in\"><font face=\"Arial, serif\"><font style=\"font-size: 11pt\"><b>Term.</b></font></font></p>\r\n\t<ol type=\"a\">\r\n\t\t<li><p style=\"margin-bottom: 0in\"><font face=\"Arial, serif\"><font style=\"font-size: 11pt\">This\r\n\t\tAgreement remains in full force and effect while you are using the\r\n\t\tServices or have any Guide Content uploaded to the Tourzan\r\n\t\tPlatform. You may terminate your registration at any time by giving\r\n\t\tus written notice.</font></font></p>\r\n\t\t</li><li><p style=\"margin-bottom: 0in\"><font face=\"Arial, serif\"><font style=\"font-size: 11pt\">We\r\n\t\tmay suspend or terminate your registration at any time, without\r\n\t\twarning in any circumstances whatsoever, including:</font></font></p>\r\n\t\t<ol type=\"i\">\r\n\t\t\t<li><p style=\"margin-bottom: 0in\"><font face=\"Arial, serif\"><font style=\"font-size: 11pt\">if\r\n\t\t\tyou provide false or misleading information, or post Prohibited\r\n\t\t\tContent; and/or</font></font></p>\r\n\t\t\t</li><li><p style=\"margin-bottom: 0in\"><font face=\"Arial, serif\"><font style=\"font-size: 11pt\">if\r\n\t\t\twe receive complaint(s) from Consumer regarding you or your Tours;\r\n\t\t\tand/or</font></font></p>\r\n\t\t\t</li><li><p style=\"margin-bottom: 0in\"><font face=\"Arial, serif\"><font style=\"font-size: 11pt\">we\r\n\t\t\tsee evidence of repeated misuse of our services; and/or</font></font></p>\r\n\t\t\t</li><li><p style=\"margin-bottom: 0in\"><font face=\"Arial, serif\"><font style=\"font-size: 11pt\">you\r\n\t\t\tbreach any term of this Agreement.</font></font></p>\r\n\t\t</li></ol>\r\n\t</li></ol>\r\n</li></ol><p style=\"margin-left: 0.85in; margin-bottom: 0in\"><br>\r\n</p><ol start=\"17\">\r\n\t<li><p style=\"margin-bottom: 0in\"><font face=\"Arial, serif\"><font style=\"font-size: 11pt\"><b>Viruses,\r\n\thacking and other offences.  </b></font></font><font face=\"Arial, serif\"><font style=\"font-size: 11pt\">You\r\n\tmust not: </font></font>\r\n\t</p>\r\n\t<ol type=\"a\">\r\n\t\t<li><p style=\"margin-bottom: 0in\"><font face=\"Arial, serif\"><font style=\"font-size: 11pt\">misuse\r\n\t\tthe Tourzan Platform by knowingly introducing viruses, trojans,\r\n\t\tworms, or other material which is malicious or technologically\r\n\t\tharmful;</font></font></p>\r\n\t\t</li><li><p style=\"margin-bottom: 0in\"><font face=\"Arial, serif\"><font style=\"font-size: 11pt\">attempt\r\n\t\tto gain unauthorized access to the Tourzan Platform, the server on\r\n\t\twhich the Tourzan Platform is stored or any server, computer,\r\n\t\tdevice, or database connected to the Tourzan Platform;</font></font></p>\r\n\t\t</li><li><p style=\"margin-bottom: 0in\"><font face=\"Arial, serif\"><font style=\"font-size: 11pt\">attack\r\n\t\tthe Tourzan Platform via a denial of service attack or a\r\n\t\tdistributed denial of service attack;</font></font></p>\r\n\t\t</li><li><p style=\"margin-bottom: 0in\"><font face=\"Arial, serif\"><font style=\"font-size: 11pt\">stalk\r\n\t\tor harass any other User of the Tourzan Platform or services or\r\n\t\tcollect or store any personally identifiable information about any\r\n\t\tother User other than for the purposes of providing a Tour;</font></font></p>\r\n\t\t</li><li><p style=\"margin-bottom: 0in\"><font face=\"Arial, serif\"><font style=\"font-size: 11pt\">impersonate\r\n\t\tany person or entity, or falsely or otherwise misrepresent yourself\r\n\t\tor your affiliation with any person or entity; and/or</font></font></p>\r\n\t\t</li><li><p style=\"margin-bottom: 0in\"><font face=\"Arial, serif\"><font style=\"font-size: 11pt\">bring\r\n\t\tthe Tourzan Platform into disrepute.</font></font></p>\r\n\t</li></ol>\r\n</li></ol><p style=\"margin-left: 1in; margin-bottom: 0in\"><br>\r\n</p><ol start=\"18\">\r\n\t<li><p style=\"margin-bottom: 0in\"><font face=\"Arial, serif\"><font style=\"font-size: 11pt\"><b>Linking.</b></font></font></p>\r\n\t<ol type=\"a\">\r\n\t\t<li><p style=\"margin-bottom: 0in\"><font face=\"Arial, serif\"><font style=\"font-size: 11pt\">You\r\n\t\tmay link to the Website, provided you do so in a way that is fair\r\n\t\tand legal and does not damage our reputation or take advantage of\r\n\t\tit, but you must not establish a link in such a way as to suggest\r\n\t\tany form of association, approval or endorsement on our part where\r\n\t\tnone exists. This does not prevent you from linking to any websites\r\n\t\twhich advertise any other tours provided solely by you and at all\r\n\t\ttimes in accordance with this Agreement.</font></font></p>\r\n\t\t</li><li><p style=\"margin-bottom: 0in\"><font face=\"Arial, serif\"><font style=\"font-size: 11pt\">You\r\n\t\tmust not establish a link from any website that is not owned by\r\n\t\tyou.</font></font></p>\r\n\t\t</li><li><p style=\"margin-bottom: 0in\"><font face=\"Arial, serif\"><font style=\"font-size: 11pt\">From\r\n\t\ttime to time, the Tourzan Platform may also include links to other\r\n\t\twebsites. These links are provided for your convenience and/or to\r\n\t\tprovide further information. They do not signify that we endorse\r\n\t\tthese websites. We have no responsibility for the content of the\r\n\t\tlinked websites, nor for any loss or damage that may arise from\r\n\t\tyour use of them.</font></font></p>\r\n\t</li></ol>\r\n</li></ol><p style=\"margin-left: 1in; margin-bottom: 0in\"><br>\r\n</p><ol start=\"19\">\r\n\t<li><p style=\"margin-bottom: 0in\"><font face=\"Arial, serif\"><font style=\"font-size: 11pt\"><b>Limitation\r\n\tof liability.</b></font></font></p>\r\n\t<ol type=\"a\">\r\n\t\t<li><p style=\"margin-bottom: 0in\"><font face=\"Arial, serif\"><font style=\"font-size: 11pt\">The\r\n\t\tmaterial displayed on the Tourzan Platform and services are\r\n\t\tprovided as seen without any representation or endorsement being\r\n\t\tmade.</font></font></p>\r\n\t\t</li><li><p style=\"margin-bottom: 0in\"><font face=\"Arial, serif\"><font style=\"font-size: 11pt\">All\r\n\t\tconditions, warranties and other terms which might otherwise be\r\n\t\timplied by statute, common law or the law of equity are excluded.</font></font></p>\r\n\t\t</li><li><p style=\"margin-bottom: 0in\"><font face=\"Arial, serif\"><font style=\"font-size: 11pt\">To\r\n\t\tthe extent permitted by law, we hereby expressly exclude any\r\n\t\tliability for, or resulting from:</font></font></p>\r\n\t\t<ol type=\"i\">\r\n\t\t\t<li><p style=\"margin-bottom: 0in\"><font face=\"Arial, serif\"><font style=\"font-size: 11pt\">interruption\r\n\t\t\tor cessation or inability to use the Tourzan Platform,</font></font></p>\r\n\t\t\t</li><li><p style=\"margin-bottom: 0in\"><font face=\"Arial, serif\"><font style=\"font-size: 11pt\">any\r\n\t\t\twebsites linked to the Tourzan Platform;</font></font></p>\r\n\t\t\t</li><li><p style=\"margin-bottom: 0in\"><font face=\"Arial, serif\"><font style=\"font-size: 11pt\">any\r\n\t\t\tadvice provided by any Guides and any Content;</font></font></p>\r\n\t\t\t</li><li><p style=\"margin-bottom: 0in\"><font face=\"Arial, serif\"><font style=\"font-size: 11pt\">any\r\n\t\t\tConsumer Comments posted on the Tourzan Platform;</font></font></p>\r\n\t\t\t</li><li><p style=\"margin-bottom: 0in\"><font face=\"Arial, serif\"><font style=\"font-size: 11pt\">loss\r\n\t\t\tof income or revenue or contracts;</font></font></p>\r\n\t\t\t</li><li><p style=\"margin-bottom: 0in\"><font face=\"Arial, serif\"><font style=\"font-size: 11pt\">loss\r\n\t\t\tof business;</font></font></p>\r\n\t\t\t</li><li><p style=\"margin-bottom: 0in\"><font face=\"Arial, serif\"><font style=\"font-size: 11pt\">loss\r\n\t\t\tof profits (whether considered to be a direct or indirect loss);</font></font></p>\r\n\t\t\t</li><li><p style=\"margin-bottom: 0in\"><font face=\"Arial, serif\"><font style=\"font-size: 11pt\">loss\r\n\t\t\tof anticipated savings</font></font></p>\r\n\t\t\t</li><li><p style=\"margin-bottom: 0in\"><font face=\"Arial, serif\"><font style=\"font-size: 11pt\">loss\r\n\t\t\tof data;</font></font></p>\r\n\t\t\t</li><li><p style=\"margin-bottom: 0in\"><font face=\"Arial, serif\"><font style=\"font-size: 11pt\">corruption\r\n\t\t\tof data;</font></font></p>\r\n\t\t\t</li><li><p style=\"margin-bottom: 0in\"><font face=\"Arial, serif\"><font style=\"font-size: 11pt\">loss\r\n\t\t\tof goodwill;</font></font></p>\r\n\t\t\t</li><li><p style=\"margin-bottom: 0in\"><font face=\"Arial, serif\"><font style=\"font-size: 11pt\">wasted\r\n\t\t\tmanagement or office time;</font></font></p>\r\n\t\t\t</li><li><p style=\"margin-bottom: 0in\"><font face=\"Arial, serif\"><font style=\"font-size: 11pt\">unauthorized\r\n\t\t\taccess to or use of our secure servers and/or any and all personal\r\n\t\t\tinformation and/or financial information stored therein;</font></font></p>\r\n\t\t\t</li><li><p style=\"margin-bottom: 0in\"><font face=\"Arial, serif\"><font style=\"font-size: 11pt\">viruses,\r\n\t\t\ttrojans, worms, or other material which is malicious or\r\n\t\t\ttechnologically harmful which may be transmitted to or through the\r\n\t\t\tTourzan Platform by any third party;</font></font></p>\r\n\t\t\t</li><li><p style=\"margin-bottom: 0in\"><font face=\"Arial, serif\"><font style=\"font-size: 11pt\">errors\r\n\t\t\tor omissions in any Content; and/or</font></font></p>\r\n\t\t\t</li><li><p style=\"margin-bottom: 0in\"><font face=\"Arial, serif\"><font style=\"font-size: 11pt\">for\r\n\t\t\tany loss or damage of any kind, however arising and whether caused\r\n\t\t\tby tort (including negligence), breach of contract or otherwise,\r\n\t\t\teven if foreseeable.</font></font></p>\r\n\t\t\t</li><li><p style=\"margin-bottom: 0in\"><font face=\"Arial, serif\"><font style=\"font-size: 11pt\">Nothing\r\n\t\t\tin this Agreement excludes or limits our liability for death or\r\n\t\t\tpersonal injury directly caused by our negligence or for\r\n\t\t\tfraudulent misrepresentation.</font></font></p>\r\n\t\t\t</li><li><p style=\"margin-bottom: 0in\"><font face=\"Arial, serif\"><font style=\"font-size: 11pt\">Our\r\n\t\t\ttotal liability in contract, tort (including negligence or breach\r\n\t\t\tof statutory duty), misrepresentation, restitution or otherwise,\r\n\t\t\tarising as a result of our breach of this Agreement or our\r\n\t\t\tnegligence will be limited to the Tourzan Fee paid to us in the\r\n\t\t\tthree months immediately preceding such breach.</font></font></p>\r\n\t\t</li></ol>\r\n\t</li></ol>\r\n</li></ol><p style=\"margin-left: 0.75in; margin-bottom: 0in\"><br>\r\n</p><ol start=\"20\">\r\n\t<li><p style=\"margin-bottom: 0in\"><font face=\"Arial, serif\"><font style=\"font-size: 11pt\"><b>Indemnity.</b></font></font></p>\r\n\t<ol type=\"a\">\r\n\t\t<li><p style=\"margin-bottom: 0in\"><font face=\"Arial, serif\"><font style=\"font-size: 11pt\">You\r\n\t\tagree to indemnify and hold us, our operators, owners, affiliates,\r\n\t\tsubsidiaries and/or licensors harmless to the fullest extent\r\n\t\tpermitted by law from and against any and all claims, damages,\r\n\t\tobligations, losses, liabilities and costs (including reasonable\r\n\t\tlegal expenses) arising from:</font></font></p>\r\n\t\t</li><li><p style=\"margin-bottom: 0in\"><font face=\"Arial, serif\"><font style=\"font-size: 11pt\">your\r\n\t\tuse and access of the Tourzan Platform and the services;</font></font></p>\r\n\t\t</li><li><p style=\"margin-bottom: 0in\"><font face=\"Arial, serif\"><font style=\"font-size: 11pt\">your\r\n\t\tbreach of this Agreement;</font></font></p>\r\n\t\t</li><li><p style=\"margin-bottom: 0in\"><font face=\"Arial, serif\"><font style=\"font-size: 11pt\">your\r\n\t\tbreach of any third party right;</font></font></p>\r\n\t\t</li><li><p style=\"margin-bottom: 0in\"><font face=\"Arial, serif\"><font style=\"font-size: 11pt\">any\r\n\t\tunauthorized use of your profile;</font></font></p>\r\n\t\t</li><li><p style=\"margin-bottom: 0in\"><font face=\"Arial, serif\"><font style=\"font-size: 11pt\">any\r\n\t\tclaim that any of your Guide Content caused damage to any third\r\n\t\tparty; </font></font>\r\n\t\t</p>\r\n\t\t</li><li><p style=\"margin-bottom: 0in\"><font face=\"Arial, serif\"><font style=\"font-size: 11pt\">and\r\n\t\tany personal injury or damage suffered by a Consumer or Participant\r\n\t\ton or in connection with a Tour.</font></font></p>\r\n\t</li></ol>\r\n</li></ol><p style=\"margin-left: 0.5in; margin-bottom: 0in\"><br>\r\n</p><ol start=\"21\">\r\n\t<li><p style=\"margin-bottom: 0in\"><font face=\"Arial, serif\"><font style=\"font-size: 11pt\"><b>Intellectual\r\n\tProperty.</b></font></font></p>\r\n\t<ol type=\"a\">\r\n\t\t<li><p style=\"margin-bottom: 0in\"><font face=\"Arial, serif\"><font style=\"font-size: 11pt\">The\r\n\t\tformat and content of the Tourzan Platform is protected by\r\n\t\tcopyright laws and treaties all around the world and we reserve all\r\n\t\trights in relation to its copyright and any other registered or\r\n\t\tunregistered intellectual property rights whether owned or licensed\r\n\t\tto Saber which appear on the Tourzan Platform.</font></font></p>\r\n\t\t</li><li><p style=\"margin-bottom: 0in\"><font face=\"Arial, serif\"><font style=\"font-size: 11pt\">Where\r\n\t\tany User-generated content is posted and/or uploaded to the Tourzan\r\n\t\tPlatform, the User expressly assigns all copyright and other\r\n\t\tintellectual property rights to Saber (and Users waive all moral\r\n\t\trights to such content).</font></font></p>\r\n\t\t</li><li><p style=\"margin-bottom: 0in\"><font face=\"Arial, serif\"><font style=\"font-size: 11pt\">Guide\r\n\t\tContent and any other Content provided by a Guide will be\r\n\t\tconsidered non confidential and you grant Saber a nonexclusive,\r\n\t\tworldwide, perpetual, irrevocable, royalty-free license to display,\r\n\t\tuse, copy, distribute and disclose to third parties any such\r\n\t\tmaterial for any purpose.</font></font></p>\r\n\t</li></ol>\r\n</li></ol><p style=\"margin-left: 0.5in; margin-bottom: 0in\"><br>\r\n</p><p>\r\n\r\n\r\n\r\n\r\n\r\n\r\n\r\n\r\n\r\n\r\n\r\n\r\n\r\n\r\n\r\n\r\n\r\n\r\n\r\n\r\n\r\n\r\n\r\n\r\n\r\n\r\n\r\n\r\n\r\n\r\n\r\n\r\n\r\n\r\n\r\n\r\n\r\n\r\n\r\n\r\n\r\n\r\n\r\n\r\n\r\n\r\n\r\n\r\n\r\n</p><ol start=\"22\">\r\n\t<li><p style=\"margin-bottom: 0in\"><font face=\"Arial, serif\"><font style=\"font-size: 11pt\"><b>General.</b></font></font></p>\r\n\t<ol type=\"a\">\r\n\t\t<li><p style=\"margin-bottom: 0in\"><font face=\"Arial, serif\"><font style=\"font-size: 11pt\">We\r\n\t\treserve the right to assign our benefits or subcontract all or any\r\n\t\tof our obligations under this Agreement.</font></font></p>\r\n\t\t</li><li><p style=\"margin-bottom: 0in\"><font face=\"Arial, serif\"><font style=\"font-size: 11pt\">Neither\r\n\t\tparty is liable to the other for failure to perform any obligation\r\n\t\tunder this Agreement to the extent that the failure is caused by\r\n\t\tany factor beyond the reasonable control of the parties.</font></font></p>\r\n\t\t</li><li><p style=\"margin-bottom: 0in\"><font face=\"Arial, serif\"><font style=\"font-size: 11pt\">If\r\n\t\tyou wish to contact us in writing, or if any clause in this\r\n\t\tAgreement requires you to give us notice in writing, you can send\r\n\t\tthis to us by email at <a href=\"mailto:contactus@tourzan.com\">contactus@tourzan.com</a>.\r\n\t\tWe will confirm receipt of this by contacting you in writing,\r\n\t\tnormally by email.</font></font></p>\r\n\t\t</li><li><p style=\"margin-bottom: 0in\"><font face=\"Arial, serif\"><font style=\"font-size: 11pt\">This\r\n\t\tAgreement constitutes the entire Agreement and supersedes all other\r\n\t\tagreements or arrangements, whether written or oral, express or\r\n\t\timplied, between us. Each of the parties agrees that in entering\r\n\t\tinto this Agreement it does not rely on and will have no remedy in\r\n\t\trespect of any statement, representation, warranty or understanding\r\n\t\tof any person, whether party to this Agreement or not, other than\r\n\t\tas expressly repeated in this Agreement.</font></font></p>\r\n\t\t</li><li><p style=\"margin-bottom: 0in\"><font face=\"Arial, serif\"><font style=\"font-size: 11pt\">Neither\r\n\t\tparty will be affected by any delay or failure in exercising or any\r\n\t\tpartial exercising of its rights under this Agreement unless it has\r\n\t\tsigned an express written waiver or release.</font></font></p>\r\n\t\t</li><li><p style=\"margin-bottom: 0in\"><font face=\"Arial, serif\"><font style=\"font-size: 11pt\">If\r\n\t\tany provision of this Agreement is or becomes illegal, invalid or\r\n\t\tunenforceable under the law of any jurisdiction, that will not\r\n\t\taffect or impair (i) the legality, validity or enforceability in\r\n\t\tthat jurisdiction of any other provision of this Agreement or (ii)\r\n\t\tthe legality, validity or enforceability under the law of any other\r\n\t\tjurisdiction of that or any other provision of this Agreement.</font></font></p>\r\n\t\t</li><li><p style=\"margin-bottom: 0in\"><font face=\"Arial, serif\"><font style=\"font-size: 11pt\">We\r\n\t\tmake no representations that the Tourzan Platform is appropriate or\r\n\t\tavailable for use outside of the United States. If you access the\r\n\t\tTourzan Platform from any other jurisdiction you do so out of your\r\n\t\town volition and you are responsible for compliance with the\r\n\t\tapplicable laws.</font></font></p>\r\n\t\t</li><li><p style=\"margin-bottom: 0in\"><font face=\"Arial, serif\"><font style=\"font-size: 11pt\">This\r\n\t\tAgreement is to be governed by and construed in accordance with the\r\n\t\tlaws of the United States. The courts of Washington State in King\r\n\t\tCounty will have exclusive jurisdiction to settle any dispute or\r\n\t\tclaim in connection with this Agreement.</font></font></p>\r\n\t</li></ol>\r\n</li></ol>", "is_active": true, "created": "2017-05-22T21:33:03.042Z", "updated": "2017-05-25T04:28:01.784Z"}}, {"model": "website_management.pagecontent", "pk": 2, "fields": {"name": "About", "text": "<p>Some text for about us page<br></p>", "is_active": true, "created": "2017-05-22T21:33:38.049Z", "updated": "2017-05-22T21:33:38.049Z"}}, {"model": "website_management.pagecontent", "pk": 3, "fields": {"name": "Privacy policy", "text": "<div class=\"row\">\r\n            <div class=\"col-md-8\">\r\n                <p class=\"western\" align=\"CENTER\" style=\"line-height: 0.27in\"><strong><font color=\"#000000\"><font face=\"Arial, serif\"><font size=\"2\">TOURZAN\r\nPRIVACY POLICY</font></font></font></strong></p><p class=\"western\" align=\"JUSTIFY\" style=\"line-height: 0.27in\"><font color=\"#000000\"><font face=\"Arial, serif\"><font size=\"2\">Saber\r\nApplications, Inc. (\u201cSaber\u201d) is committed to maintaining robust\r\nprivacy protections for its Tourzan users. &nbsp;Our Privacy Policy\r\n(\u201cPrivacy Policy\u201d) is designed to help you understand how we\r\ncollect, use and safeguard the information you provide to us and to\r\nassist you in making informed decisions when using Tourzan. &nbsp;</font></font></font></p><p class=\"western\" align=\"JUSTIFY\" style=\"line-height: 0.27in\"><font color=\"#000000\"><font face=\"Arial, serif\"><font size=\"2\">For\r\npurposes of this Agreement, \u201cTourzan\u201d refers to Saber\u2019s Tourzan\r\nplatform, an online marketplace where tourists and visitors can be\r\nmatched with local tour guides.  Tourzan can be accessed via our\r\nwebsite at </font></font></font><a href=\"http://www.tourzan.com\"><font face=\"Arial, serif\"><font size=\"2\">www.tourzan.com</font></font></a><font color=\"#000000\"><font face=\"Arial, serif\"><font size=\"2\">\r\nor through our Tourzan mobile application. &nbsp;The terms \u201cwe,\u201d\r\n\u201cus,\u201d and \u201cour\u201d refer to Saber. \u201cYou\u201d refers to you, as a\r\nuser of Tourzan.  By accepting our Privacy Policy and Terms of Use\r\n(found here: </font></font></font><a href=\"http://www.tourzan.com/_____\"><font face=\"Arial, serif\"><font size=\"2\">www.tourzan.com/_____</font></font></a><font color=\"#000000\"><font face=\"Arial, serif\"><font size=\"2\">),\r\nyou consent to our collection, storage, use and disclosure of the\r\ndata, activities, and transactions described in this Privacy Policy.</font></font></font></p><p class=\"western\" align=\"JUSTIFY\" style=\"line-height: 0.27in\"><strong><font color=\"#000000\"><font face=\"Arial, serif\"><font size=\"2\">INFORMATION\r\nWE COLLECT</font></font></font></strong></p><p class=\"western\" align=\"JUSTIFY\" style=\"line-height: 0.27in\"><font color=\"#000000\"><font face=\"Arial, serif\"><font size=\"2\">We\r\ncollect \u201cNon-Personal Information\u201d and \u201cPersonal Information.\u201d\r\n&nbsp;Non-Personal Information includes information that cannot be\r\nused to personally identify you, such as anonymous usage data,\r\ngeneral demographic information we may collect, referring/exit pages\r\nand URLs, platform types, preferences you submit and preferences that\r\nare generated based on the data you submit and number of clicks.\r\n&nbsp;Personal Information may include information which you submit\r\nto us through registration with Tourzan, such as your name, email\r\naddress, postal address, phone number, and/or debit/credit card\r\ninformation.</font></font></font></p><p class=\"western\" align=\"JUSTIFY\" style=\"line-height: 0.27in\"><em><font color=\"#000000\"><font face=\"Arial, serif\"><font size=\"2\"><b>Account\r\nInformation.</b></font></font></font></em></p><p class=\"western\" align=\"JUSTIFY\" style=\"line-height: 0.27in\"><font color=\"#000000\"><font face=\"Arial, serif\"><font size=\"2\">You\r\ndo not need to submit any Personal Information to view the tours and\r\nguides listed on Tourzan.  However, you will need to create an\r\naccount to purchase a tour.  After you create an account, we may use\r\nyour personal information to help us provide the best user experience\r\nfor you on the Tourzan platform.  This includes sending confirmation\r\nemails for booked tours, forwarding tour reservations to guides,\r\nprocessing tour payments, using your search preferences and\r\nparameters to suggest tours, and providing you special with offers.</font></font></font></p><p class=\"western\" align=\"JUSTIFY\" style=\"line-height: 0.27in\"><font color=\"#000000\"><font face=\"Arial, serif\"><font size=\"2\"><span style=\"background: #c0c0c0\">[OPTIONAL:\r\nWe will also collect contact information of your friends, if you\r\nchoose to connect your contacts and address book information with\r\nSaber and your login credentials to your social media accounts (e.g.\r\nFacebook or Twitter).  You represent and warrant you have the\r\nauthority to provide Saber with this contact information.]</span></font></font></font></p><p class=\"western\" align=\"JUSTIFY\" style=\"line-height: 0.27in\"><font face=\"Arial, serif\"><font size=\"2\"><i><b>Cookies.</b></i></font></font></p><p class=\"western\" align=\"JUSTIFY\" style=\"line-height: 0.27in\"><font face=\"Arial, serif\"><font size=\"2\">Saber\r\nuses cookies and other similar technologies, such as mobile\r\napplication and other device identifiers, on Tourzan. We may also\r\nallow our business partners to use their cookies and other tracking\r\ntechnologies on Tourzan. As a result, when you access or use Tourzan,\r\nyou will provide or make available certain information to us and to\r\nour business partners.</font></font></p><p class=\"western\" align=\"JUSTIFY\" style=\"line-height: 0.27in\"><font face=\"Arial, serif\"><font size=\"2\">While\r\nyou may disable the usage of cookies through your browser settings,\r\nwe do not change our practices in response to a \u201cDo Not Track\u201d\r\nsignal in the HTTP header from your browser or mobile application. We\r\ntrack your activities if you click on advertisements for Tourzan\r\nservices on third party platforms such as search engines and social\r\nnetworks, and may use analytics to track what you do in response to\r\nthose advertisements.</font></font></p><p class=\"western\" align=\"JUSTIFY\" style=\"line-height: 0.27in\"><font face=\"Arial, serif\"><font size=\"2\">We\r\nmay, either directly or through third parties we engage to provide\r\nservices to us, also continue to track your behavior on our Tourzan\r\nfor purposes of our own customer support, analytics, research,\r\nproduct development, fraud prevention, risk assessment, regulatory\r\ncompliance, investigation, as well as to enable you to use and access\r\nTourzan and pay for your activities on Tourzan. We may also, either\r\ndirectly or through third parties we engage to provide services to\r\nus, track your behavior on Tourzan to market and advertise our\r\nservices to you on Tourzan and third party websites. Third parties\r\nthat use cookies and other tracking technologies to deliver targeted\r\nadvertisements on Tourzan and/or third party websites may offer you a\r\nway to prevent such targeted advertisements by opting-out at the\r\nwebsites of industry groups such as the Network Advertising\r\nInitiative and/or the Digital Advertising Alliance. You may also be\r\nable to control advertising cookies provided by publishers, for\r\nexample Google\u2019s Ad Preference Manager. Please note that even if\r\nyou choose to opt-out of receiving targeted advertising, you may\r\nstill receive advertising on or about Tourzan \u2013 it just will not be\r\ntailored to your interests. In addition, if you disable cookies, you\r\nmay lose some of the features and functionality of using our Tourzan,\r\nas cookies are necessary to track and enhance your use and access.</font></font></p><p class=\"western\" align=\"JUSTIFY\" style=\"line-height: 0.27in\"><font face=\"Arial, serif\"><font size=\"2\">Third\r\nparties may not collect information about users\u2019 online activities\r\non Tourzan except as described in this policy.</font></font></p><p class=\"western\" align=\"JUSTIFY\" style=\"line-height: 0.27in\"><font face=\"Arial, serif\"><font size=\"2\"><i><b>Children.</b></i></font></font></p><p class=\"western\" align=\"JUSTIFY\" style=\"line-height: 0.27in\"><font face=\"Arial, serif\"><font size=\"2\">We\r\ndo not knowingly collect, keep, or maintain Personal Information from\r\nchildren under the age of 13.  If you become aware that your under 13\r\nchild has created an account with Tourzan, please notify us at\r\n<a href=\"mailto:contactus@tourzan.com\">contactus@tourzan.com</a> to\r\nhave the account terminated and the associated data deleted.</font></font></p><p class=\"western\" align=\"JUSTIFY\" style=\"line-height: 0.27in\"><strong><font color=\"#000000\"><font face=\"Arial, serif\"><font size=\"2\">HOW\r\nWE USE AND SHARE INFORMATION</font></font></font></strong></p><p class=\"western\" align=\"JUSTIFY\" style=\"line-height: 0.27in\"><em><font color=\"#000000\"><font face=\"Arial, serif\"><font size=\"2\"><b>Personal\r\nInformation.</b></font></font></font></em></p><p class=\"western\" align=\"JUSTIFY\" style=\"line-height: 0.27in\"><font color=\"#000000\"><font face=\"Arial, serif\"><font size=\"2\">Except\r\nas otherwise stated in this Privacy Policy, we do not sell, trade,\r\nrent or otherwise share for marketing purposes your Personal\r\nInformation with third parties without your consent. We do share\r\nPersonal Information with vendors who are performing services for\r\nSaber, such as the servers for our email communications who are\r\nprovided access to user\u2019s email address for purposes of sending\r\nemails from us. &nbsp;Those vendors use your Personal Information\r\nonly at our direction and in accordance with our Privacy Policy.</font></font></font></p><p class=\"western\" align=\"JUSTIFY\" style=\"line-height: 0.27in\"><font face=\"Arial, serif\"><font size=\"2\">By\r\npurchasing, or registering or making reservations for, services\r\noffered or sponsored by third parties on Tourzan, or electing to\r\nreceive communications (such as emails or material by mail) or\r\nelecting to participate in contests, sweepstakes or other programs\r\n(such as discount or rewards programs), offered or sponsored by third\r\nparties on the Tourzan, you consent to our providing your personal\r\ninformation to those third parties. Those third parties may use your\r\npersonal information in accordance with their own privacy policies.\r\nYou will need to contact those third parties to instruct them\r\ndirectly regarding your preferences for the use of your personal\r\ninformation by them. Additionally, you agree that we may use and\r\ndisclose all such information so submitted to such third parties in\r\nthe same manner in which we are entitled to use and disclose any\r\nother information you submit to us.</font></font></p><p class=\"western\" align=\"JUSTIFY\" style=\"line-height: 0.27in\"><font face=\"Arial, serif\"><font size=\"2\">Any\r\nthird party with whom We are allowed to share Your personal\r\ninformation is authorized to use Your personal information in\r\naccordance with Our contractual arrangements with such third parties\r\nand in accordance with their own privacy policies, over which We have\r\nno control, and You agree that We are not responsible or liable for\r\nany of their actions or omissions. Those who contact You will need to\r\nbe instructed directly by You regarding Your preferences for the use\r\nof Your personal information by them.</font></font></p><p class=\"western\" align=\"JUSTIFY\" style=\"line-height: 0.27in\"><font color=\"#000000\"><font face=\"Arial, serif\"><font size=\"2\">In\r\nthe event we undergo a business transaction such as a merger,\r\nacquisition by another company, or sale of all or a portion of our\r\nassets, your Personal Information may be among the assets\r\ntransferred. &nbsp;You acknowledge and consent that such transfers\r\nmay occur and are permitted by this Privacy Policy, and that any\r\nacquirer of our assets may continue to process your Personal\r\nInformation as set forth in this Privacy Policy. &nbsp;We may also\r\ndisclose personal information when we determine that such disclosure\r\nis necessary to comply with applicable law, to cooperate with law\r\nenforcement or to protect the interests or safety of Tourzan or other\r\nvisitors to Tourzan. We also may disclose your personal information\r\nto our subsidiary and parent companies and businesses, and other\r\naffiliated legal entities and businesses with whom we are under\r\ncommon corporate control. </font></font></font>\r\n</p><p class=\"western\" align=\"JUSTIFY\" style=\"line-height: 0.27in\"><font color=\"#000000\"><font face=\"Arial, serif\"><font size=\"2\">If\r\nour information practices change at any time in the future, we will\r\npost the policy changes to Tourzan so that you may opt out of the new\r\ninformation practices. &nbsp;We suggest that you check Tourzan\r\nperiodically if you are concerned about how your information is used.</font></font></font></p><p class=\"western\" align=\"JUSTIFY\" style=\"line-height: 0.27in\"><em><font color=\"#000000\"><font face=\"Arial, serif\"><font size=\"2\"><b>Non-Personal\r\nInformation.</b></font></font></font></em></p><p class=\"western\" align=\"JUSTIFY\" style=\"line-height: 0.27in\"><font color=\"#000000\"><font face=\"Arial, serif\"><font size=\"2\">In\r\ngeneral, we use Non-Personal Information to help us improve Tourzan\r\nand customize the user experience. &nbsp;We also aggregate\r\nNon-Personal Information in order to track trends and analyze use\r\npatterns on Tourzan. &nbsp;This Privacy Policy does not limit in any\r\nway our use or disclosure of Non-Personal Information and we reserve\r\nthe right to use and disclose such Non-Personal Information to our\r\npartners, advertisers and other third parties at our discretion.</font></font></font></p><p class=\"western\" align=\"JUSTIFY\" style=\"line-height: 0.27in\"><strong><font color=\"#000000\"><font face=\"Arial, serif\"><font size=\"2\">HOW\r\nWE PROTECT INFORMATION</font></font></font></strong></p><p class=\"western\" align=\"JUSTIFY\" style=\"line-height: 0.27in\"><font color=\"#000000\"><font face=\"Arial, serif\"><font size=\"2\">We\r\nimplement security measures designed to protect your information from\r\nunauthorized access. &nbsp;Your account is protected by your account\r\npassword and we urge you to take steps to keep your personal\r\ninformation safe by (i) not disclosing your password and (ii) by\r\nlogging out of your account after each use. &nbsp;We further protect\r\nyour information from potential security breaches by implementing\r\ncertain technological security measures including encryption,\r\nfirewalls and secure socket layer technology. &nbsp;However, these\r\nmeasures do not guarantee that your information will not be accessed,\r\ndisclosed, altered or destroyed by breach of such firewalls and\r\nsecure server software. &nbsp;By using Tourzan, you acknowledge that\r\nyou understand and agree to assume these risks.</font></font></font></p><p class=\"western\" align=\"JUSTIFY\" style=\"line-height: 0.27in\"><font color=\"#000000\"><font face=\"Arial, serif\"><font size=\"2\">Your\r\ninformation may be transferred to and maintained on computer networks\r\nwhich may be located outside of the state, province, country or other\r\ngovernmental jurisdiction in which you reside, and the country or\r\njurisdiction in which these computer networks are located may not\r\nhave privacy laws as protective as the laws in your country or\r\njurisdiction.</font></font></font></p><p class=\"western\" align=\"JUSTIFY\" style=\"line-height: 0.27in\"><strong><font color=\"#000000\"><font face=\"Arial, serif\"><font size=\"2\">YOUR\r\nRIGHTS REGARDING THE USE OF YOUR PERSONAL INFORMATION</font></font></font></strong></p><p class=\"western\" align=\"JUSTIFY\" style=\"line-height: 0.27in\"><font color=\"#000000\"><font face=\"Arial, serif\"><font size=\"2\">You\r\nhave the right at any time to prevent us from contacting you for\r\nmarketing purposes. &nbsp;When we send a promotional communication to\r\na user, the user can opt out of further promotional communications by\r\nfollowing the unsubscribe instructions provided in each promotional\r\ne-mail. &nbsp;You can also indicate that you do not wish to receive\r\nmarketing communications from us in the \u201cSettings\u201d section of\r\nTourzan. &nbsp;Please note that notwithstanding the promotional\r\npreferences you indicate by either unsubscribing or opting out, we\r\nmay continue to send you administrative emails including, for\r\nexample, periodic updates to our Privacy Policy.</font></font></font></p><p class=\"western\" align=\"JUSTIFY\" style=\"line-height: 0.27in\"><strong><font color=\"#000000\"><font face=\"Arial, serif\"><font size=\"2\">INFORMATION\r\nRETENTION</font></font></font></strong></p><p class=\"western\" align=\"JUSTIFY\" style=\"line-height: 0.27in\"><strong><font color=\"#000000\"><font face=\"Arial, serif\"><font size=\"2\"><span style=\"font-weight: normal\">To\r\npreserve the integrity of our databases, we retain information\r\nsubmitted by users for an indefinite length of time. Saber\r\nunderstands your submissions as consent to store all your information\r\nin one place for this indefinite length of time, if we so wish. If\r\nrequired by law, as is the case to comply with the Children's Online\r\nPrivacy Protection Act (COPPA), we will nullify member information by\r\nerasing it from our database. We will also respond to written member\r\nrequests to nullify account information. Also, by using Tourzan, you\r\ndo hereby represent and warrant that you understand and agree that\r\nall information submitted by you through Tourzan or otherwise to\r\nSaber becomes the property of Saber and may be used in the sole\r\ndiscretion of Saber in accordance with this Privacy Policy and the\r\nTerms of Use.</span></font></font></font></strong></p><p class=\"western\" align=\"JUSTIFY\" style=\"line-height: 0.27in\"><strong><font color=\"#000000\"><font face=\"Arial, serif\"><font size=\"2\">LINKS\r\nTO OTHER WEBSITES</font></font></font></strong></p><p class=\"western\" align=\"JUSTIFY\" style=\"line-height: 0.27in\"><font color=\"#000000\"><font face=\"Arial, serif\"><font size=\"2\">As\r\npart of Tourzan, we may provide links to or compatibility with other\r\nwebsites or applications. &nbsp;However, we are not responsible for\r\nthe privacy practices employed by those websites or the information\r\nor content they contain. &nbsp;This Privacy Policy applies solely to\r\ninformation collected by us through Tourzan. &nbsp;Therefore, this\r\nPrivacy Policy does not apply to your use of a third party website\r\naccessed by selecting a link on Tourzan. &nbsp;We encourage our users\r\nto read the privacy statements of other websites before proceeding to\r\nuse them.</font></font></font></p><p class=\"western\" align=\"JUSTIFY\" style=\"line-height: 0.27in\"><strong><font color=\"#000000\"><font face=\"Arial, serif\"><font size=\"2\">CHANGES\r\nTO OUR PRIVACY POLICY</font></font></font></strong></p><p class=\"western\" align=\"JUSTIFY\" style=\"line-height: 0.27in\"><font color=\"#000000\"><font face=\"Arial, serif\"><font size=\"2\">Saber\r\nreserves the right to change this policy and our Terms of Use at any\r\ntime. &nbsp;We will notify you of significant changes to our Privacy\r\nPolicy by sending a notice to the primary email address specified in\r\nyour account or by placing a prominent notice on Tourzan.\r\n&nbsp;Significant changes will go into effect 30 days following such\r\nnotification. &nbsp;Non-material changes or clarifications will take\r\neffect immediately. You should periodically check Tourzan and this\r\nprivacy page for updates.</font></font></font></p><p class=\"western\" align=\"JUSTIFY\" style=\"line-height: 0.27in\"><strong><font color=\"#000000\"><font face=\"Arial, serif\"><font size=\"2\">CONTACT\r\nUS</font></font></font></strong></p><p class=\"western\" align=\"JUSTIFY\" style=\"line-height: 0.27in\"><font color=\"#000000\"><font face=\"Arial, serif\"><font size=\"2\">If\r\nyou have any questions regarding this Privacy Policy or the practices\r\nof this Site, please contact us by sending an email to\r\n</font></font></font><a href=\"mailto:contactus@tourzan.com\"><font face=\"Arial, serif\"><font size=\"2\">contactus@tourzan.com</font></font></a><font color=\"#000000\"><font face=\"Arial, serif\"><font size=\"2\">.\r\n</font></font></font>\r\n</p><p class=\"text-bigger\">\r\n\r\n\r\n\r\n\r\n\r\n\r\n\r\n\r\n\r\n\r\n\r\n\r\n\r\n\r\n\r\n\r\n\r\n\r\n\r\n\r\n\r\n\r\n\r\n\r\n\r\n\r\n\r\n\r\n\r\n\r\n\r\n\r\n\r\n\r\n\r\n\r\n</p><p class=\"western\" align=\"JUSTIFY\" style=\"line-height: 0.27in\"><strong><font color=\"#000000\"><font face=\"Arial, serif\"><font size=\"2\">Last\r\nUpdated: </font></font></font></strong><font color=\"#000000\"><font face=\"Arial, serif\"><font size=\"2\">This\r\nPrivacy Policy was last updated on July 26, 2016.</font></font></font></p></div></div>", "is_active": true, "created": "2017-05-22T21:34:06.314Z", "updated": "2017-05-25T04:28:16.371Z"}}, {"model": "emails.emailmessagetype", "pk": 1, "fields": {"name": "Order info", "created": "2017-05-26T17:37:30.634Z", "updated": "2017-05-26T17:37:30.634Z"}}, {"model": "emails.emailmessagetype", "pk": 2, "fields": {"name": "Chat info", "created": "2017-05-26T17:37:39.707Z", "updated": "2017-05-26T17:37:39.707Z"}}, {"model": "payments.cardtype", "pk": 1, "fields": {"name": "Visa", "logo": "cards/visa-straight-32px.png", "created": "2017-06-18T21:51:03.538Z", "updated": "2017-06-18T21:53:15.855Z"}}, {"model": "payments.payment", "pk": 1, "fields": {"order": 62, "payment_method": 1, "uuid": "k6a0dfb6", "amount": "28.25", "currency": 1, "dt_paid": "2017-06-25T19:10:27Z", "created": "2017-06-25T14:43:16.209Z", "updated": "2017-06-25T19:10:30.092Z"}}, {"model": "payments.payment", "pk": 2, "fields": {"order": 60, "payment_method": 1, "uuid": "4xbp6q4c", "amount": "11.30", "currency": 1, "dt_paid": "2017-06-25T19:10:14Z", "created": "2017-06-25T17:52:10.664Z", "updated": "2017-06-25T19:10:19.139Z"}}, {"model": "payments.payment", "pk": 3, "fields": {"order": 63, "payment_method": 1, "uuid": "6t7bmnc8", "amount": "11.30", "currency": 1, "dt_paid": "2017-06-25T19:10:02Z", "created": "2017-06-25T18:00:09.425Z", "updated": "2017-06-25T19:10:05.322Z"}}, {"model": "payments.payment", "pk": 4, "fields": {"order": 64, "payment_method": 1, "uuid": "r0depbed", "amount": "113.00", "currency": 1, "dt_paid": "2017-06-25T19:09:47Z", "created": "2017-06-25T18:20:21.474Z", "updated": "2017-06-25T19:09:56.435Z"}}, {"model": "payments.payment", "pk": 5, "fields": {"order": 65, "payment_method": 1, "uuid": "qs96qs6s", "amount": "22.60", "currency": 1, "dt_paid": "2017-06-25T19:07:39.445Z", "created": "2017-06-25T19:00:16.658Z", "updated": "2017-06-25T19:07:40.523Z"}}, {"model": "payments.payment", "pk": 6, "fields": {"order": 66, "payment_method": 1, "uuid": "beqrq286", "amount": "28.25", "currency": 1, "dt_paid": null, "created": "2017-06-25T19:36:41.966Z", "updated": "2017-06-25T19:36:41.966Z"}}, {"model": "payments.payment", "pk": 7, "fields": {"order": 67, "payment_method": 1, "uuid": "0zzmzjsh", "amount": "113.00", "currency": 1, "dt_paid": null, "created": "2017-06-25T19:43:37.357Z", "updated": "2017-06-25T19:43:37.357Z"}}, {"model": "payments.payment", "pk": 8, "fields": {"order": 69, "payment_method": 1, "uuid": "jz84h48n", "amount": "47.46", "currency": 1, "dt_paid": null, "created": "2017-06-25T22:44:18.952Z", "updated": "2017-06-25T22:44:18.952Z"}}, {"model": "payments.payment", "pk": 9, "fields": {"order": 70, "payment_method": 1, "uuid": "5c2eb6kb", "amount": "53.11", "currency": 1, "dt_paid": null, "created": "2017-06-26T07:57:08.435Z", "updated": "2017-06-26T07:57:08.435Z"}}, {"model": "payments.payment", "pk": 10, "fields": {"order": 73, "payment_method": 10, "uuid": "c7yt5k2a", "amount": "90.40", "currency": 1, "dt_paid": null, "created": "2017-07-27T09:11:08.973Z", "updated": "2017-07-27T09:11:08.973Z"}}, {"model": "blog.blogcategory", "pk": 1, "fields": {"name": "General", "slug": "general", "is_active": true, "created": "2017-07-12T19:44:29.482Z", "updated": "2017-07-12T22:44:17.856Z"}}, {"model": "blog.blogcategory", "pk": 2, "fields": {"name": "News", "slug": "news", "is_active": true, "created": "2017-07-12T19:55:34.618Z", "updated": "2017-07-12T19:55:34.618Z"}}, {"model": "blog.blogtag", "pk": 1, "fields": {"name": "hyperloop", "slug": "hyperloop", "is_active": true, "created": "2017-07-12T20:02:41.909Z", "updated": "2017-07-12T20:02:41.909Z"}}, {"model": "blog.blogtag", "pk": 2, "fields": {"name": "elonmask", "slug": "elonmask", "is_active": true, "created": "2017-07-12T20:03:11.152Z", "updated": "2017-07-12T20:03:11.152Z"}}, {"model": "blog.blogposttag", "pk": 1, "fields": {"blog_post": 1, "tag": 1, "is_active": true, "created": "2017-07-12T20:23:21.614Z", "updated": "2017-07-12T20:23:21.614Z"}}, {"model": "blog.blogposttag", "pk": 2, "fields": {"blog_post": 1, "tag": 2, "is_active": true, "created": "2017-07-12T20:23:21.619Z", "updated": "2017-07-12T20:23:21.619Z"}}, {"model": "socialaccount.socialapp", "pk": 1, "fields": {"provider": "facebook", "name": "facebook", "client_id": "270199630127123", "secret": "ff0962236d58dac9d2d26e79731ab148", "key": "", "sites": [1]}}, {"model": "socialaccount.socialapp", "pk": 2, "fields": {"provider": "google", "name": "google", "client_id": "726015803314-l25nukrou0h2oi6glbvgjv72ivki8e1f.apps.googleusercontent.com", "secret": "20X3KK9Qh53uuoBAGtwVtOw3", "key": "", "sites": [1]}}, {"model": "socialaccount.socialtoken", "pk": 12, "fields": {"app": 1, "account": 13, "token": "EAAD1vsD44BMBAFxEZBoXYoWNcDwZAaS4X1Io8h7KZB0QiA6tDpAUavSVRLp7FxflGsHUARZAffqSR7XSwldWXSDm7JmgKLZCzxzPHyRIMHhRw0xZCQc314ZChc1idMCMA8zMSf1SKofZA5utdn8ZBTy6mZBemQBdnc5GsVc6XQN8FUfZCPEtMI155cW", "token_secret": "", "expires_at": null}}, {"model": "socialaccount.socialtoken", "pk": 13, "fields": {"app": 2, "account": 14, "token": "ya29.GluNBIECrEcOApgzxtAxCIWk76Mzi-pzhVjZCY-MjGqp0PqSfqYpLJcuDiwKWZWGYfvAw20nB1BFXl7ufXSWxvaK3vybvrTJlEmoW8MPMLhRVZacaWOuiFtNlPr-", "token_secret": "", "expires_at": "2017-07-20T17:56:16.663Z"}}, {"model": "auth.permission", "pk": 1, "fields": {"name": "Can add log entry", "content_type": 1, "codename": "add_logentry"}}, {"model": "auth.permission", "pk": 2, "fields": {"name": "Can change log entry", "content_type": 1, "codename": "change_logentry"}}, {"model": "auth.permission", "pk": 3, "fields": {"name": "Can delete log entry", "content_type": 1, "codename": "delete_logentry"}}, {"model": "auth.permission", "pk": 4, "fields": {"name": "Can add permission", "content_type": 2, "codename": "add_permission"}}, {"model": "auth.permission", "pk": 5, "fields": {"name": "Can change permission", "content_type": 2, "codename": "change_permission"}}, {"model": "auth.permission", "pk": 6, "fields": {"name": "Can delete permission", "content_type": 2, "codename": "delete_permission"}}, {"model": "auth.permission", "pk": 7, "fields": {"name": "Can add user", "content_type": 3, "codename": "add_user"}}, {"model": "auth.permission", "pk": 8, "fields": {"name": "Can change user", "content_type": 3, "codename": "change_user"}}, {"model": "auth.permission", "pk": 9, "fields": {"name": "Can delete user", "content_type": 3, "codename": "delete_user"}}, {"model": "auth.permission", "pk": 10, "fields": {"name": "Can add group", "content_type": 4, "codename": "add_group"}}, {"model": "auth.permission", "pk": 11, "fields": {"name": "Can change group", "content_type": 4, "codename": "change_group"}}, {"model": "auth.permission", "pk": 12, "fields": {"name": "Can delete group", "content_type": 4, "codename": "delete_group"}}, {"model": "auth.permission", "pk": 13, "fields": {"name": "Can add content type", "content_type": 5, "codename": "add_contenttype"}}, {"model": "auth.permission", "pk": 14, "fields": {"name": "Can change content type", "content_type": 5, "codename": "change_contenttype"}}, {"model": "auth.permission", "pk": 15, "fields": {"name": "Can delete content type", "content_type": 5, "codename": "delete_contenttype"}}, {"model": "auth.permission", "pk": 16, "fields": {"name": "Can add session", "content_type": 6, "codename": "add_session"}}, {"model": "auth.permission", "pk": 17, "fields": {"name": "Can change session", "content_type": 6, "codename": "change_session"}}, {"model": "auth.permission", "pk": 18, "fields": {"name": "Can delete session", "content_type": 6, "codename": "delete_session"}}, {"model": "auth.permission", "pk": 19, "fields": {"name": "Can add city", "content_type": 7, "codename": "add_city"}}, {"model": "auth.permission", "pk": 20, "fields": {"name": "Can change city", "content_type": 7, "codename": "change_city"}}, {"model": "auth.permission", "pk": 21, "fields": {"name": "Can delete city", "content_type": 7, "codename": "delete_city"}}, {"model": "auth.permission", "pk": 22, "fields": {"name": "Can add currency", "content_type": 8, "codename": "add_currency"}}, {"model": "auth.permission", "pk": 23, "fields": {"name": "Can change currency", "content_type": 8, "codename": "change_currency"}}, {"model": "auth.permission", "pk": 24, "fields": {"name": "Can delete currency", "content_type": 8, "codename": "delete_currency"}}, {"model": "auth.permission", "pk": 25, "fields": {"name": "Can add location type", "content_type": 9, "codename": "add_locationtype"}}, {"model": "auth.permission", "pk": 26, "fields": {"name": "Can change location type", "content_type": 9, "codename": "change_locationtype"}}, {"model": "auth.permission", "pk": 27, "fields": {"name": "Can delete location type", "content_type": 9, "codename": "delete_locationtype"}}, {"model": "auth.permission", "pk": 28, "fields": {"name": "Can add location", "content_type": 10, "codename": "add_location"}}, {"model": "auth.permission", "pk": 29, "fields": {"name": "Can change location", "content_type": 10, "codename": "change_location"}}, {"model": "auth.permission", "pk": 30, "fields": {"name": "Can delete location", "content_type": 10, "codename": "delete_location"}}, {"model": "auth.permission", "pk": 31, "fields": {"name": "Can add tour", "content_type": 11, "codename": "add_tour"}}, {"model": "auth.permission", "pk": 32, "fields": {"name": "Can change tour", "content_type": 11, "codename": "change_tour"}}, {"model": "auth.permission", "pk": 33, "fields": {"name": "Can delete tour", "content_type": 11, "codename": "delete_tour"}}, {"model": "auth.permission", "pk": 34, "fields": {"name": "Can add order", "content_type": 12, "codename": "add_order"}}, {"model": "auth.permission", "pk": 35, "fields": {"name": "Can change order", "content_type": 12, "codename": "change_order"}}, {"model": "auth.permission", "pk": 36, "fields": {"name": "Can delete order", "content_type": 12, "codename": "delete_order"}}, {"model": "auth.permission", "pk": 37, "fields": {"name": "Can add payment", "content_type": 13, "codename": "add_payment"}}, {"model": "auth.permission", "pk": 38, "fields": {"name": "Can change payment", "content_type": 13, "codename": "change_payment"}}, {"model": "auth.permission", "pk": 39, "fields": {"name": "Can delete payment", "content_type": 13, "codename": "delete_payment"}}, {"model": "auth.permission", "pk": 40, "fields": {"name": "Can add order status", "content_type": 14, "codename": "add_orderstatus"}}, {"model": "auth.permission", "pk": 41, "fields": {"name": "Can change order status", "content_type": 14, "codename": "change_orderstatus"}}, {"model": "auth.permission", "pk": 42, "fields": {"name": "Can delete order status", "content_type": 14, "codename": "delete_orderstatus"}}, {"model": "auth.permission", "pk": 43, "fields": {"name": "Can add chat", "content_type": 15, "codename": "add_chat"}}, {"model": "auth.permission", "pk": 44, "fields": {"name": "Can change chat", "content_type": 15, "codename": "change_chat"}}, {"model": "auth.permission", "pk": 45, "fields": {"name": "Can delete chat", "content_type": 15, "codename": "delete_chat"}}, {"model": "auth.permission", "pk": 58, "fields": {"name": "Can add payment type", "content_type": 20, "codename": "add_paymenttype"}}, {"model": "auth.permission", "pk": 59, "fields": {"name": "Can change payment type", "content_type": 20, "codename": "change_paymenttype"}}, {"model": "auth.permission", "pk": 60, "fields": {"name": "Can delete payment type", "content_type": 20, "codename": "delete_paymenttype"}}, {"model": "auth.permission", "pk": 70, "fields": {"name": "Can add tour image", "content_type": 24, "codename": "add_tourimage"}}, {"model": "auth.permission", "pk": 71, "fields": {"name": "Can change tour image", "content_type": 24, "codename": "change_tourimage"}}, {"model": "auth.permission", "pk": 72, "fields": {"name": "Can delete tour image", "content_type": 24, "codename": "delete_tourimage"}}, {"model": "auth.permission", "pk": 73, "fields": {"name": "Can add site", "content_type": 25, "codename": "add_site"}}, {"model": "auth.permission", "pk": 74, "fields": {"name": "Can change site", "content_type": 25, "codename": "change_site"}}, {"model": "auth.permission", "pk": 75, "fields": {"name": "Can delete site", "content_type": 25, "codename": "delete_site"}}, {"model": "auth.permission", "pk": 76, "fields": {"name": "Can add email confirmation", "content_type": 26, "codename": "add_emailconfirmation"}}, {"model": "auth.permission", "pk": 77, "fields": {"name": "Can change email confirmation", "content_type": 26, "codename": "change_emailconfirmation"}}, {"model": "auth.permission", "pk": 78, "fields": {"name": "Can delete email confirmation", "content_type": 26, "codename": "delete_emailconfirmation"}}, {"model": "auth.permission", "pk": 79, "fields": {"name": "Can add email address", "content_type": 27, "codename": "add_emailaddress"}}, {"model": "auth.permission", "pk": 80, "fields": {"name": "Can change email address", "content_type": 27, "codename": "change_emailaddress"}}, {"model": "auth.permission", "pk": 81, "fields": {"name": "Can delete email address", "content_type": 27, "codename": "delete_emailaddress"}}, {"model": "auth.permission", "pk": 82, "fields": {"name": "Can add social application", "content_type": 28, "codename": "add_socialapp"}}, {"model": "auth.permission", "pk": 83, "fields": {"name": "Can change social application", "content_type": 28, "codename": "change_socialapp"}}, {"model": "auth.permission", "pk": 84, "fields": {"name": "Can delete social application", "content_type": 28, "codename": "delete_socialapp"}}, {"model": "auth.permission", "pk": 85, "fields": {"name": "Can add social account", "content_type": 29, "codename": "add_socialaccount"}}, {"model": "auth.permission", "pk": 86, "fields": {"name": "Can change social account", "content_type": 29, "codename": "change_socialaccount"}}, {"model": "auth.permission", "pk": 87, "fields": {"name": "Can delete social account", "content_type": 29, "codename": "delete_socialaccount"}}, {"model": "auth.permission", "pk": 88, "fields": {"name": "Can add social application token", "content_type": 30, "codename": "add_socialtoken"}}, {"model": "auth.permission", "pk": 89, "fields": {"name": "Can change social application token", "content_type": 30, "codename": "change_socialtoken"}}, {"model": "auth.permission", "pk": 90, "fields": {"name": "Can delete social application token", "content_type": 30, "codename": "delete_socialtoken"}}, {"model": "auth.permission", "pk": 91, "fields": {"name": "Can add chat message", "content_type": 31, "codename": "add_chatmessage"}}, {"model": "auth.permission", "pk": 92, "fields": {"name": "Can change chat message", "content_type": 31, "codename": "change_chatmessage"}}, {"model": "auth.permission", "pk": 93, "fields": {"name": "Can delete chat message", "content_type": 31, "codename": "delete_chatmessage"}}, {"model": "auth.permission", "pk": 94, "fields": {"name": "Can add interest", "content_type": 32, "codename": "add_interest"}}, {"model": "auth.permission", "pk": 95, "fields": {"name": "Can change interest", "content_type": 32, "codename": "change_interest"}}, {"model": "auth.permission", "pk": 96, "fields": {"name": "Can delete interest", "content_type": 32, "codename": "delete_interest"}}, {"model": "auth.permission", "pk": 97, "fields": {"name": "Can add user interest", "content_type": 33, "codename": "add_userinterest"}}, {"model": "auth.permission", "pk": 98, "fields": {"name": "Can change user interest", "content_type": 33, "codename": "change_userinterest"}}, {"model": "auth.permission", "pk": 99, "fields": {"name": "Can delete user interest", "content_type": 33, "codename": "delete_userinterest"}}, {"model": "auth.permission", "pk": 103, "fields": {"name": "Can add guide profile", "content_type": 34, "codename": "add_guideprofile"}}, {"model": "auth.permission", "pk": 104, "fields": {"name": "Can change guide profile", "content_type": 34, "codename": "change_guideprofile"}}, {"model": "auth.permission", "pk": 105, "fields": {"name": "Can delete guide profile", "content_type": 34, "codename": "delete_guideprofile"}}, {"model": "auth.permission", "pk": 106, "fields": {"name": "Can add guide service", "content_type": 35, "codename": "add_guideservice"}}, {"model": "auth.permission", "pk": 107, "fields": {"name": "Can change guide service", "content_type": 35, "codename": "change_guideservice"}}, {"model": "auth.permission", "pk": 108, "fields": {"name": "Can delete guide service", "content_type": 35, "codename": "delete_guideservice"}}, {"model": "auth.permission", "pk": 109, "fields": {"name": "Can add service", "content_type": 36, "codename": "add_service"}}, {"model": "auth.permission", "pk": 110, "fields": {"name": "Can change service", "content_type": 36, "codename": "change_service"}}, {"model": "auth.permission", "pk": 111, "fields": {"name": "Can delete service", "content_type": 36, "codename": "delete_service"}}, {"model": "auth.permission", "pk": 112, "fields": {"name": "Can add tourist profile", "content_type": 37, "codename": "add_touristprofile"}}, {"model": "auth.permission", "pk": 113, "fields": {"name": "Can change tourist profile", "content_type": 37, "codename": "change_touristprofile"}}, {"model": "auth.permission", "pk": 114, "fields": {"name": "Can delete tourist profile", "content_type": 37, "codename": "delete_touristprofile"}}, {"model": "auth.permission", "pk": 115, "fields": {"name": "Can add review", "content_type": 38, "codename": "add_review"}}, {"model": "auth.permission", "pk": 116, "fields": {"name": "Can change review", "content_type": 38, "codename": "change_review"}}, {"model": "auth.permission", "pk": 117, "fields": {"name": "Can delete review", "content_type": 38, "codename": "delete_review"}}, {"model": "auth.permission", "pk": 118, "fields": {"name": "Can add language level", "content_type": 39, "codename": "add_languagelevel"}}, {"model": "auth.permission", "pk": 119, "fields": {"name": "Can change language level", "content_type": 39, "codename": "change_languagelevel"}}, {"model": "auth.permission", "pk": 120, "fields": {"name": "Can delete language level", "content_type": 39, "codename": "delete_languagelevel"}}, {"model": "auth.permission", "pk": 121, "fields": {"name": "Can add user language", "content_type": 40, "codename": "add_userlanguage"}}, {"model": "auth.permission", "pk": 122, "fields": {"name": "Can change user language", "content_type": 40, "codename": "change_userlanguage"}}, {"model": "auth.permission", "pk": 123, "fields": {"name": "Can delete user language", "content_type": 40, "codename": "delete_userlanguage"}}, {"model": "auth.permission", "pk": 124, "fields": {"name": "Can add page content", "content_type": 41, "codename": "add_pagecontent"}}, {"model": "auth.permission", "pk": 125, "fields": {"name": "Can change page content", "content_type": 41, "codename": "change_pagecontent"}}, {"model": "auth.permission", "pk": 126, "fields": {"name": "Can delete page content", "content_type": 41, "codename": "delete_pagecontent"}}, {"model": "auth.permission", "pk": 127, "fields": {"name": "Can add attachment", "content_type": 42, "codename": "add_attachment"}}, {"model": "auth.permission", "pk": 128, "fields": {"name": "Can change attachment", "content_type": 42, "codename": "change_attachment"}}, {"model": "auth.permission", "pk": 129, "fields": {"name": "Can delete attachment", "content_type": 42, "codename": "delete_attachment"}}, {"model": "auth.permission", "pk": 130, "fields": {"name": "Can add service in order", "content_type": 43, "codename": "add_serviceinorder"}}, {"model": "auth.permission", "pk": 131, "fields": {"name": "Can change service in order", "content_type": 43, "codename": "change_serviceinorder"}}, {"model": "auth.permission", "pk": 132, "fields": {"name": "Can delete service in order", "content_type": 43, "codename": "delete_serviceinorder"}}, {"model": "auth.permission", "pk": 133, "fields": {"name": "Can add email message", "content_type": 44, "codename": "add_emailmessage"}}, {"model": "auth.permission", "pk": 134, "fields": {"name": "Can change email message", "content_type": 44, "codename": "change_emailmessage"}}, {"model": "auth.permission", "pk": 135, "fields": {"name": "Can delete email message", "content_type": 44, "codename": "delete_emailmessage"}}, {"model": "auth.permission", "pk": 136, "fields": {"name": "Can add email message type", "content_type": 45, "codename": "add_emailmessagetype"}}, {"model": "auth.permission", "pk": 137, "fields": {"name": "Can change email message type", "content_type": 45, "codename": "change_emailmessagetype"}}, {"model": "auth.permission", "pk": 138, "fields": {"name": "Can delete email message type", "content_type": 45, "codename": "delete_emailmessagetype"}}, {"model": "auth.permission", "pk": 139, "fields": {"name": "Can add tourist travel photos", "content_type": 46, "codename": "add_touristtravelphotos"}}, {"model": "auth.permission", "pk": 140, "fields": {"name": "Can change tourist travel photos", "content_type": 46, "codename": "change_touristtravelphotos"}}, {"model": "auth.permission", "pk": 141, "fields": {"name": "Can delete tourist travel photos", "content_type": 46, "codename": "delete_touristtravelphotos"}}, {"model": "auth.permission", "pk": 142, "fields": {"name": "Can add tourist travel photo", "content_type": 46, "codename": "add_touristtravelphoto"}}, {"model": "auth.permission", "pk": 143, "fields": {"name": "Can change tourist travel photo", "content_type": 46, "codename": "change_touristtravelphoto"}}, {"model": "auth.permission", "pk": 144, "fields": {"name": "Can delete tourist travel photo", "content_type": 46, "codename": "delete_touristtravelphoto"}}, {"model": "auth.permission", "pk": 145, "fields": {"name": "Can add Token", "content_type": 47, "codename": "add_token"}}, {"model": "auth.permission", "pk": 146, "fields": {"name": "Can change Token", "content_type": 47, "codename": "change_token"}}, {"model": "auth.permission", "pk": 147, "fields": {"name": "Can delete Token", "content_type": 47, "codename": "delete_token"}}, {"model": "auth.permission", "pk": 148, "fields": {"name": "Can add payment method", "content_type": 48, "codename": "add_paymentmethod"}}, {"model": "auth.permission", "pk": 149, "fields": {"name": "Can change payment method", "content_type": 48, "codename": "change_paymentmethod"}}, {"model": "auth.permission", "pk": 150, "fields": {"name": "Can delete payment method", "content_type": 48, "codename": "delete_paymentmethod"}}, {"model": "auth.permission", "pk": 151, "fields": {"name": "Can add payment customer", "content_type": 49, "codename": "add_paymentcustomer"}}, {"model": "auth.permission", "pk": 152, "fields": {"name": "Can change payment customer", "content_type": 49, "codename": "change_paymentcustomer"}}, {"model": "auth.permission", "pk": 153, "fields": {"name": "Can delete payment customer", "content_type": 49, "codename": "delete_paymentcustomer"}}, {"model": "auth.permission", "pk": 154, "fields": {"name": "Can add payment customer", "content_type": 50, "codename": "add_paymentcustomer"}}, {"model": "auth.permission", "pk": 155, "fields": {"name": "Can change payment customer", "content_type": 50, "codename": "change_paymentcustomer"}}, {"model": "auth.permission", "pk": 156, "fields": {"name": "Can delete payment customer", "content_type": 50, "codename": "delete_paymentcustomer"}}, {"model": "auth.permission", "pk": 157, "fields": {"name": "Can add payment method", "content_type": 51, "codename": "add_paymentmethod"}}, {"model": "auth.permission", "pk": 158, "fields": {"name": "Can change payment method", "content_type": 51, "codename": "change_paymentmethod"}}, {"model": "auth.permission", "pk": 159, "fields": {"name": "Can delete payment method", "content_type": 51, "codename": "delete_paymentmethod"}}, {"model": "auth.permission", "pk": 160, "fields": {"name": "Can add card type", "content_type": 52, "codename": "add_cardtype"}}, {"model": "auth.permission", "pk": 161, "fields": {"name": "Can change card type", "content_type": 52, "codename": "change_cardtype"}}, {"model": "auth.permission", "pk": 162, "fields": {"name": "Can delete card type", "content_type": 52, "codename": "delete_cardtype"}}, {"model": "auth.permission", "pk": 163, "fields": {"name": "Can add payment", "content_type": 53, "codename": "add_payment"}}, {"model": "auth.permission", "pk": 164, "fields": {"name": "Can change payment", "content_type": 53, "codename": "change_payment"}}, {"model": "auth.permission", "pk": 165, "fields": {"name": "Can delete payment", "content_type": 53, "codename": "delete_payment"}}, {"model": "auth.permission", "pk": 166, "fields": {"name": "Can add payment status", "content_type": 54, "codename": "add_paymentstatus"}}, {"model": "auth.permission", "pk": 167, "fields": {"name": "Can change payment status", "content_type": 54, "codename": "change_paymentstatus"}}, {"model": "auth.permission", "pk": 168, "fields": {"name": "Can delete payment status", "content_type": 54, "codename": "delete_paymentstatus"}}, {"model": "auth.permission", "pk": 169, "fields": {"name": "Can add BlogPost", "content_type": 55, "codename": "add_blogpost"}}, {"model": "auth.permission", "pk": 170, "fields": {"name": "Can change BlogPost", "content_type": 55, "codename": "change_blogpost"}}, {"model": "auth.permission", "pk": 171, "fields": {"name": "Can delete BlogPost", "content_type": 55, "codename": "delete_blogpost"}}, {"model": "auth.permission", "pk": 172, "fields": {"name": "Can add BlogCategory", "content_type": 56, "codename": "add_blogcategory"}}, {"model": "auth.permission", "pk": 173, "fields": {"name": "Can change BlogCategory", "content_type": 56, "codename": "change_blogcategory"}}, {"model": "auth.permission", "pk": 174, "fields": {"name": "Can delete BlogCategory", "content_type": 56, "codename": "delete_blogcategory"}}, {"model": "auth.permission", "pk": 175, "fields": {"name": "Can add BlogTag", "content_type": 57, "codename": "add_blogtag"}}, {"model": "auth.permission", "pk": 176, "fields": {"name": "Can change BlogTag", "content_type": 57, "codename": "change_blogtag"}}, {"model": "auth.permission", "pk": 177, "fields": {"name": "Can delete BlogTag", "content_type": 57, "codename": "delete_blogtag"}}, {"model": "auth.permission", "pk": 178, "fields": {"name": "Can add BlogPostTag", "content_type": 58, "codename": "add_blogposttag"}}, {"model": "auth.permission", "pk": 179, "fields": {"name": "Can change BlogPostTag", "content_type": 58, "codename": "change_blogposttag"}}, {"model": "auth.permission", "pk": 180, "fields": {"name": "Can delete BlogPostTag", "content_type": 58, "codename": "delete_blogposttag"}}, {"model": "auth.permission", "pk": 181, "fields": {"name": "Can add general profile", "content_type": 59, "codename": "add_generalprofile"}}, {"model": "auth.permission", "pk": 182, "fields": {"name": "Can change general profile", "content_type": 59, "codename": "change_generalprofile"}}, {"model": "auth.permission", "pk": 183, "fields": {"name": "Can delete general profile", "content_type": 59, "codename": "delete_generalprofile"}}, {"model": "auth.permission", "pk": 184, "fields": {"name": "Can add document type", "content_type": 60, "codename": "add_documenttype"}}, {"model": "auth.permission", "pk": 185, "fields": {"name": "Can change document type", "content_type": 60, "codename": "change_documenttype"}}, {"model": "auth.permission", "pk": 186, "fields": {"name": "Can delete document type", "content_type": 60, "codename": "delete_documenttype"}}, {"model": "auth.permission", "pk": 187, "fields": {"name": "Can add general profile scan", "content_type": 61, "codename": "add_generalprofilescan"}}, {"model": "auth.permission", "pk": 188, "fields": {"name": "Can change general profile scan", "content_type": 61, "codename": "change_generalprofilescan"}}, {"model": "auth.permission", "pk": 189, "fields": {"name": "Can delete general profile scan", "content_type": 61, "codename": "delete_generalprofilescan"}}, {"model": "auth.permission", "pk": 190, "fields": {"name": "Can add scan status", "content_type": 62, "codename": "add_scanstatus"}}, {"model": "auth.permission", "pk": 191, "fields": {"name": "Can change scan status", "content_type": 62, "codename": "change_scanstatus"}}, {"model": "auth.permission", "pk": 192, "fields": {"name": "Can delete scan status", "content_type": 62, "codename": "delete_scanstatus"}}, {"model": "auth.permission", "pk": 193, "fields": {"name": "Can add document scan", "content_type": 61, "codename": "add_documentscan"}}, {"model": "auth.permission", "pk": 194, "fields": {"name": "Can change document scan", "content_type": 61, "codename": "change_documentscan"}}, {"model": "auth.permission", "pk": 195, "fields": {"name": "Can delete document scan", "content_type": 61, "codename": "delete_documentscan"}}, {"model": "auth.permission", "pk": 196, "fields": {"name": "Can add sms sending history", "content_type": 63, "codename": "add_smssendinghistory"}}, {"model": "auth.permission", "pk": 197, "fields": {"name": "Can change sms sending history", "content_type": 63, "codename": "change_smssendinghistory"}}, {"model": "auth.permission", "pk": 198, "fields": {"name": "Can delete sms sending history", "content_type": 63, "codename": "delete_smssendinghistory"}}, {"model": "auth.permission", "pk": 199, "fields": {"name": "Can add contact us message", "content_type": 64, "codename": "add_contactusmessage"}}, {"model": "auth.permission", "pk": 200, "fields": {"name": "Can change contact us message", "content_type": 64, "codename": "change_contactusmessage"}}, {"model": "auth.permission", "pk": 201, "fields": {"name": "Can delete contact us message", "content_type": 64, "codename": "delete_contactusmessage"}}, {"model": "auth.user", "pk": 1, "fields": {"password": "argon2$argon2i$v=19$m=512,t=2,p=2$dkNDd0Z1a1lFZUYw$PyUMQ2p8DWNdi0xfH1m93w", "last_login": "2017-08-13T13:40:01.601Z", "is_superuser": true, "username": "admin", "first_name": "Alex", "last_name": "", "email": "aleks.terentyev+test@gmail.com", "is_staff": true, "is_active": true, "date_joined": "2017-03-09T16:18:51Z", "groups": [], "user_permissions": []}}, {"model": "auth.user", "pk": 6, "fields": {"password": "pbkdf2_sha256$30000$AbXyZ3nHeVEV$9obkGAyXMEkFI7rINvFfOzjsGRA1Uhc8FoCqS/Ks9oE=", "last_login": "2017-04-11T17:50:12.633Z", "is_superuser": false, "username": "enzo", "first_name": "enzoname", "last_name": "name", "email": "t@t.com", "is_staff": false, "is_active": true, "date_joined": "2017-04-08T21:06:04Z", "groups": [], "user_permissions": []}}, {"model": "auth.user", "pk": 7, "fields": {"password": "pbkdf2_sha256$30000$0XRdMA8h4Vle$kY7WrdV0zmW9tPS3VsaOOWXI2seu/OEdTL2/0xR5Gzw=", "last_login": "2017-04-22T18:00:57.156Z", "is_superuser": false, "username": "blaze", "first_name": "blazename", "last_name": "name", "email": "szablya@gmail.com", "is_staff": false, "is_active": true, "date_joined": "2017-04-08T21:06:33Z", "groups": [], "user_permissions": []}}, {"model": "auth.user", "pk": 9, "fields": {"password": "pbkdf2_sha256$36000$sZqc1nahVoaY$iv48sMBcBN40KeNQQQpo518GdDApShjTzGZmUaY4vic=", "last_login": "2017-05-07T22:23:04.623Z", "is_superuser": false, "username": "test1", "first_name": "", "last_name": "", "email": "", "is_staff": false, "is_active": true, "date_joined": "2017-05-07T22:22:24.236Z", "groups": [], "user_permissions": []}}, {"model": "auth.user", "pk": 11, "fields": {"password": "argon2$argon2i$v=19$m=512,t=2,p=2$ak8zaWpaaDNOOXFz$MpzhMtJQVJEaLkmFnBBYrA", "last_login": "2017-07-30T23:38:12.047Z", "is_superuser": false, "username": "user", "first_name": "", "last_name": "", "email": "codingmedved@gmail.com", "is_staff": false, "is_active": true, "date_joined": "2017-05-14T13:09:04.680Z", "groups": [], "user_permissions": []}}, {"model": "auth.user", "pk": 17, "fields": {"password": "pbkdf2_sha256$36000$xSqtnsOHYukm$NThxNPmIBy/iymT+t9XQyTTqZjzOp8MkTJGrKDv1L0o=", "last_login": "2017-07-20T16:06:37.563Z", "is_superuser": false, "username": "aleksandr", "first_name": "Aleksandr", "last_name": "Terentyev", "email": "aleks.terentyev@gmail.com", "is_staff": false, "is_active": true, "date_joined": "2017-05-22T20:28:45.094Z", "groups": [], "user_permissions": []}}, {"model": "auth.user", "pk": 18, "fields": {"password": "pbkdf2_sha256$36000$XZK0aXuCtzRs$wJ2ekZaSXg95BksvRNtEoXqid3tkHf8oWSkgbVkLW3Q=", "last_login": "2017-05-24T21:17:12.833Z", "is_superuser": false, "username": "Aleks", "first_name": "", "last_name": "", "email": "Aleks.Terentyev+23@gmail.com", "is_staff": false, "is_active": true, "date_joined": "2017-05-24T21:17:12.681Z", "groups": [], "user_permissions": []}}, {"model": "auth.user", "pk": 19, "fields": {"password": "pbkdf2_sha256$36000$TX8p2VS8TeLC$a0EWO3VThyvyaha70RHmLXKu5NGpcwV/ceDgpbLgojI=", "last_login": "2017-05-24T21:18:25.388Z", "is_superuser": false, "username": "Aleks12", "first_name": "", "last_name": "", "email": "Aleks.Terentyev+test123@gmail.com", "is_staff": false, "is_active": true, "date_joined": "2017-05-24T21:18:25.315Z", "groups": [], "user_permissions": []}}, {"model": "auth.user", "pk": 20, "fields": {"password": "pbkdf2_sha256$36000$7KM8FNX6bfIu$2opUYAMvICX4vCfVteyM+XXTCzWADVCR9pSvELizsYk=", "last_login": "2017-06-10T19:17:19.403Z", "is_superuser": false, "username": "test5", "first_name": "", "last_name": "", "email": "Alex.Terentyev+try5@gmail.com", "is_staff": false, "is_active": true, "date_joined": "2017-06-10T19:17:19.149Z", "groups": [], "user_permissions": []}}, {"model": "auth.user", "pk": 22, "fields": {"password": "argon2$argon2i$v=19$m=512,t=2,p=2$VEY5OWRpeEhqem9p$aHxkcjr2mI1fIGGFW6jcVw", "last_login": "2017-06-26T07:49:58.570Z", "is_superuser": false, "username": "test", "first_name": "", "last_name": "", "email": "test@test.com", "is_staff": false, "is_active": true, "date_joined": "2017-06-26T07:49:58.427Z", "groups": [], "user_permissions": []}}, {"model": "auth.user", "pk": 23, "fields": {"password": "pbkdf2_sha256$36000$nylDgZEnEWsg$FuoHdHtLayBtz72d+mFY7hURgEKarg3C3vvd17UqAvk=", "last_login": "2017-07-16T21:02:52.359Z", "is_superuser": false, "username": "dasdsa", "first_name": "", "last_name": "", "email": "codingmedved+try1707@gmail.com", "is_staff": false, "is_active": true, "date_joined": "2017-07-16T21:02:52.046Z", "groups": [], "user_permissions": []}}, {"model": "auth.user", "pk": 27, "fields": {"password": "pbkdf2_sha256$36000$AdL3o7h2RhZ0$Pvpjrz+tZ+RJdcUh4G0cuJ9H1JLjlRYowYf7xywEbWI=", "last_login": "2017-07-16T21:42:23.978Z", "is_superuser": false, "username": "user98", "first_name": "", "last_name": "", "email": "codingmedved+try98@gmail.com", "is_staff": false, "is_active": true, "date_joined": "2017-07-16T21:42:23.839Z", "groups": [], "user_permissions": []}}, {"model": "auth.user", "pk": 28, "fields": {"password": "pbkdf2_sha256$36000$TtI6KOO7I2g6$VY5f2s3ivFr4qYofoQYGBZijo0KKQrkqenoxK7MULCU=", "last_login": null, "is_superuser": false, "username": "user789", "first_name": "", "last_name": "", "email": "codingmedved+try1234@gmail.com", "is_staff": false, "is_active": true, "date_joined": "2017-07-17T00:33:39.916Z", "groups": [], "user_permissions": []}}, {"model": "auth.user", "pk": 29, "fields": {"password": "argon2$argon2i$v=19$m=512,t=2,p=2$YXBpYjdnQWpYUDQy$GgNQmfAuX8Dsn0+qGchP9Q", "last_login": "2017-07-27T08:34:26.161Z", "is_superuser": false, "username": "user1", "first_name": "", "last_name": "", "email": "", "is_staff": false, "is_active": true, "date_joined": "2017-07-19T10:08:57Z", "groups": [], "user_permissions": []}}, {"model": "chats.chat", "pk": 29, "fields": {"uuid": "95db7338-84b3-473c-9070-d30607578fd0", "guide": 17, "tourist": 1, "tour": null, "topic": "Chat with aleksandr", "created": "2017-06-24T22:14:22.365Z", "updated": "2017-06-24T22:14:22.365Z"}}, {"model": "chats.chat", "pk": 30, "fields": {"uuid": "37f25a67-36fc-440b-b0f4-9f97330943d8", "guide": 1, "tourist": 1, "tour": null, "topic": "Chat with admin", "created": "2017-06-25T19:43:34.529Z", "updated": "2017-06-25T19:43:34.529Z"}}, {"model": "chats.chat", "pk": 31, "fields": {"uuid": "a82e287c-f7a2-4aa5-bab5-22f191ada9e5", "guide": 17, "tourist": 22, "tour": null, "topic": "Chat with aleksandr", "created": "2017-06-26T07:57:07.014Z", "updated": "2017-06-26T07:57:07.014Z"}}, {"model": "chats.chat", "pk": 32, "fields": {"uuid": "7c7c6cbe-10b3-4a2b-8446-cf42de650c4e", "guide": 1, "tourist": 29, "tour": null, "topic": "Chat with admin", "created": "2017-07-27T09:11:07.579Z", "updated": "2017-07-27T09:11:07.579Z"}}, {"model": "chats.chatmessage", "pk": 68, "fields": {"uuid": "75830749-8223-4737-bc14-5fa2b40b60ac", "chat": 29, "message": "Hi dude!", "user": 1, "created": "2017-06-25T19:36:39.604Z", "updated": "2017-06-25T19:36:39.604Z"}}, {"model": "chats.chatmessage", "pk": 69, "fields": {"uuid": "d738b650-986b-4367-82ee-f2d3b80defe5", "chat": 30, "message": "bla bla", "user": 1, "created": "2017-06-25T19:43:34.529Z", "updated": "2017-06-25T19:43:34.529Z"}}, {"model": "chats.chatmessage", "pk": 70, "fields": {"uuid": "8b8ca523-5ad8-4c7a-8fca-a4897f67062e", "chat": 30, "message": "fdf", "user": 1, "created": "2017-06-25T19:43:41.969Z", "updated": "2017-06-25T19:43:41.969Z"}}, {"model": "chats.chatmessage", "pk": 71, "fields": {"uuid": "bc1e6cea-db78-46c3-b5a4-b7895a504aea", "chat": 29, "message": "df", "user": 1, "created": "2017-06-25T22:44:16.241Z", "updated": "2017-06-25T22:44:16.241Z"}}, {"model": "chats.chatmessage", "pk": 72, "fields": {"uuid": "4a2c9b6a-cec2-4a5c-a1e5-7c1f5a2a46e1", "chat": 31, "message": "woop!", "user": 22, "created": "2017-06-26T07:57:07.019Z", "updated": "2017-06-26T07:57:07.019Z"}}, {"model": "chats.chatmessage", "pk": 73, "fields": {"uuid": "ec539bca-cb25-4c3f-a38c-5e73aaf5ec63", "chat": 32, "message": "hi", "user": 29, "created": "2017-07-27T09:11:07.585Z", "updated": "2017-07-27T09:11:07.585Z"}}, {"model": "chats.chatmessage", "pk": 74, "fields": {"uuid": "41c69003-2f11-4698-8597-9cf6e59e4cee", "chat": 32, "message": "Hello there!", "user": 1, "created": "2017-07-27T09:11:35.907Z", "updated": "2017-07-27T09:11:35.907Z"}}, {"model": "users.userinterest", "pk": 150, "fields": {"user": 11, "interest": 15}}, {"model": "users.userinterest", "pk": 151, "fields": {"user": 11, "interest": 14}}, {"model": "users.userinterest", "pk": 168, "fields": {"user": 17, "interest": 15}}, {"model": "users.userinterest", "pk": 169, "fields": {"user": 19, "interest": 5}}, {"model": "users.userinterest", "pk": 204, "fields": {"user": 1, "interest": 5}}, {"model": "users.userinterest", "pk": 205, "fields": {"user": 1, "interest": 13}}, {"model": "users.userinterest", "pk": 206, "fields": {"user": 1, "interest": 14}}, {"model": "users.userlanguage", "pk": 31, "fields": {"user": 11, "language": "ru", "level": 1, "created": "2017-05-14T14:31:10.033Z", "updated": "2017-05-14T14:31:10.033Z"}}, {"model": "users.userlanguage", "pk": 32, "fields": {"user": 11, "language": "en", "level": 2, "created": "2017-05-14T14:31:10.033Z", "updated": "2017-05-14T14:31:10.033Z"}}, {"model": "users.userlanguage", "pk": 44, "fields": {"user": 17, "language": "ru", "level": 1, "created": "2017-05-22T20:43:33.426Z", "updated": "2017-05-22T20:43:33.426Z"}}, {"model": "users.userlanguage", "pk": 45, "fields": {"user": 17, "language": "en", "level": 2, "created": "2017-05-22T20:43:33.426Z", "updated": "2017-05-22T20:43:33.426Z"}}, {"model": "users.userlanguage", "pk": 64, "fields": {"user": 19, "language": "ru", "level": 1, "created": "2017-05-24T21:36:07.466Z", "updated": "2017-05-24T21:36:07.466Z"}}, {"model": "users.userlanguage", "pk": 65, "fields": {"user": 19, "language": "en", "level": 1, "created": "2017-05-24T21:36:07.466Z", "updated": "2017-05-24T21:36:07.466Z"}}, {"model": "users.userlanguage", "pk": 86, "fields": {"user": 1, "language": "uk", "level": 1, "created": "2017-07-30T21:15:23.799Z", "updated": "2017-07-30T21:15:23.799Z"}}, {"model": "users.userlanguage", "pk": 87, "fields": {"user": 1, "language": "en", "level": 2, "created": "2017-07-30T21:15:23.800Z", "updated": "2017-07-30T21:15:23.800Z"}}, {"model": "users.generalprofile", "pk": 5, "fields": {"user": 1, "is_trusted": true, "facebook": "1888326078157049", "twitter": null, "google": "114906406906533797048", "phone": "+380687308274", "phone_is_validated": true, "country": null, "city": null, "address": "n", "address_full": "None n", "is_company": true, "business_id": "nkn,n", "created": "2017-07-20T16:09:01.871Z", "updated": "2017-07-30T23:36:12.302Z"}}, {"model": "users.generalprofile", "pk": 6, "fields": {"user": 11, "is_trusted": false, "facebook": null, "twitter": null, "google": null, "phone": "+380687308274", "phone_is_validated": false, "country": null, "city": null, "address": "b", "address_full": "None b", "is_company": true, "business_id": "b", "created": "2017-07-30T23:38:12.052Z", "updated": "2017-07-30T23:39:17.903Z"}}, {"model": "users.smssendinghistory", "pk": 21, "fields": {"user": 1, "phone": "+380687308274", "sms_code": "4746", "tries_nmb": 1, "is_used": true, "created": "2017-07-26T10:31:35.778Z", "updated": "2017-07-26T10:47:08.456Z"}}, {"model": "users.smssendinghistory", "pk": 25, "fields": {"user": 1, "phone": "+380687308274", "sms_code": "8778", "tries_nmb": 0, "is_used": false, "created": "2017-07-26T11:09:13.737Z", "updated": "2017-07-26T11:09:13.737Z"}}, {"model": "users.smssendinghistory", "pk": 26, "fields": {"user": 1, "phone": "+380687308274", "sms_code": "5302", "tries_nmb": 1, "is_used": true, "created": "2017-07-26T11:13:44.600Z", "updated": "2017-07-26T11:14:09.071Z"}}, {"model": "users.smssendinghistory", "pk": 27, "fields": {"user": 11, "phone": "+380687308274", "sms_code": "1604", "tries_nmb": 0, "is_used": false, "created": "2017-07-30T23:39:02.459Z", "updated": "2017-07-30T23:39:02.459Z"}}, {"model": "guides.guideprofile", "pk": 1, "fields": {"user": 1, "city": 1, "name": "Alex1234", "rate": "20.00", "currency": 1, "is_active": true, "overview": "Some description here", "date_of_birth": "1988-10-17", "age": 28, "header_image": "guides/header_images/300x300.png", "profile_image": "guides/profile_images/Bart_Simpson_200px.png", "optional_image": "guides/optional_images/300x300.png", "slug": "admin", "rating": "3.00", "orders_nmb": 0, "orders_completed_nmb": 1, "orders_with_review_nmb": 1, "orders_with_review_rate": "100.00", "orders_reviewed_nmb": 0, "created": "2017-05-06T10:20:21.811Z", "updated": "2017-07-31T00:09:29.000Z"}}, {"model": "guides.guideprofile", "pk": 3, "fields": {"user": 11, "city": 1, "name": "Alex", "rate": "0.00", "currency": 1, "is_active": true, "overview": "Some overview here", "date_of_birth": "1988-10-17", "age": 28, "header_image": "guides/header_images/300x300.png", "profile_image": "guides/profile_images/300x300.png", "optional_image": "guides/optional_images/300x300.png", "slug": "user", "rating": "0.00", "orders_nmb": 0, "orders_completed_nmb": 0, "orders_with_review_nmb": 0, "orders_with_review_rate": "0.00", "orders_reviewed_nmb": 0, "created": "2017-05-14T14:17:39.685Z", "updated": "2017-05-14T14:31:10.051Z"}}, {"model": "guides.guideprofile", "pk": 4, "fields": {"user": 17, "city": 3, "name": "New User guide test", "rate": "10.00", "currency": 1, "is_active": true, "overview": "Some overview", "date_of_birth": "1988-10-17", "age": 28, "header_image": "guides/header_images/300x300.png", "profile_image": "guides/profile_images/Bart_Simpson_200px_rO43pJg.png", "optional_image": "guides/optional_images/color-correct-coffee.jpg", "slug": "aleksandr", "rating": "4.88", "orders_nmb": 0, "orders_completed_nmb": 0, "orders_with_review_nmb": 4, "orders_with_review_rate": "0.00", "orders_reviewed_nmb": 0, "created": "2017-05-22T20:30:09.581Z", "updated": "2017-07-21T00:55:14.727Z"}}, {"model": "tourists.touristprofile", "pk": 1, "fields": {"user": 1, "rating": "0.00", "image": "users/images/Bart_Simpson_200px_Rx5fs9u.png", "about": "Some about me text", "is_active": true, "created": "2017-05-06T10:31:32.936Z", "updated": "2017-05-14T00:17:08.018Z"}}, {"model": "tourists.touristprofile", "pk": 3, "fields": {"user": 9, "rating": "0.00", "image": "", "about": null, "is_active": true, "created": "2017-05-07T22:22:24.355Z", "updated": "2017-05-07T22:22:24.355Z"}}, {"model": "tourists.touristprofile", "pk": 5, "fields": {"user": 11, "rating": "0.00", "image": "", "about": "About text", "is_active": true, "created": "2017-05-14T13:09:04.742Z", "updated": "2017-05-14T13:30:07.219Z"}}, {"model": "tourists.touristprofile", "pk": 11, "fields": {"user": 17, "rating": "0.00", "image": "", "about": null, "is_active": true, "created": "2017-05-22T20:28:45.110Z", "updated": "2017-05-22T20:28:45.110Z"}}, {"model": "tourists.touristprofile", "pk": 12, "fields": {"user": 18, "rating": "0.00", "image": "", "about": null, "is_active": true, "created": "2017-05-24T21:17:12.790Z", "updated": "2017-05-24T21:17:12.790Z"}}, {"model": "tourists.touristprofile", "pk": 13, "fields": {"user": 19, "rating": "0.00", "image": "", "about": "", "is_active": true, "created": "2017-05-24T21:18:25.367Z", "updated": "2017-05-24T21:36:07.474Z"}}, {"model": "tourists.touristprofile", "pk": 14, "fields": {"user": 20, "rating": "0.00", "image": "", "about": null, "is_active": true, "created": "2017-06-10T19:17:19.229Z", "updated": "2017-06-10T19:17:19.229Z"}}, {"model": "tourists.touristprofile", "pk": 16, "fields": {"user": 22, "rating": "0.00", "image": "", "about": null, "is_active": true, "created": "2017-06-26T07:49:58.517Z", "updated": "2017-06-26T07:49:58.517Z"}}, {"model": "tourists.touristprofile", "pk": 17, "fields": {"user": 23, "rating": "0.00", "image": "", "about": null, "is_active": true, "created": "2017-07-16T21:02:52.249Z", "updated": "2017-07-16T21:02:52.249Z"}}, {"model": "tourists.touristprofile", "pk": 21, "fields": {"user": 27, "rating": "0.00", "image": "", "about": null, "is_active": true, "created": "2017-07-16T21:42:23.935Z", "updated": "2017-07-16T21:42:23.935Z"}}, {"model": "tourists.touristprofile", "pk": 22, "fields": {"user": 28, "rating": "0.00", "image": "", "about": null, "is_active": true, "created": "2017-07-17T00:33:39.957Z", "updated": "2017-07-17T00:33:39.957Z"}}, {"model": "tourists.touristprofile", "pk": 23, "fields": {"user": 29, "rating": "0.00", "image": "", "about": null, "is_active": true, "created": "2017-07-19T10:08:57.566Z", "updated": "2017-07-19T10:08:57.566Z"}}, {"model": "tourists.touristtravelphoto", "pk": 7, "fields": {"user": 1, "image": "tourist/travel_photos/color-correct-coffee_uQoZCgH.jpg", "order": null, "is_active": true, "created": "2017-05-27T13:51:51.110Z", "updated": "2017-05-27T13:51:51.110Z"}}, {"model": "tourists.touristtravelphoto", "pk": 8, "fields": {"user": 1, "image": "tourist/travel_photos/drops_UmEwHSJ.jpg", "order": null, "is_active": true, "created": "2017-05-27T13:51:51.119Z", "updated": "2017-05-27T13:51:51.119Z"}}, {"model": "tourists.touristtravelphoto", "pk": 10, "fields": {"user": 1, "image": "tourist/travel_photos/desktop.jpg", "order": null, "is_active": true, "created": "2017-05-27T14:10:14.791Z", "updated": "2017-05-27T14:10:14.791Z"}}, {"model": "tourists.touristtravelphoto", "pk": 11, "fields": {"user": 1, "image": "tourist/travel_photos/work-stations-plus-espresso.jpg", "order": null, "is_active": true, "created": "2017-05-27T14:10:14.801Z", "updated": "2017-05-27T14:10:14.801Z"}}, {"model": "website_management.contactusmessage", "pk": 1, "fields": {"user": null, "name": "Alex", "email": "test11@gmail.com", "message": "Hi there!", "is_read": false, "is_answered": false, "created": "2017-08-08T10:07:02.649Z", "updated": "2017-08-08T10:07:02.649Z"}}, {"model": "website_management.contactusmessage", "pk": 2, "fields": {"user": null, "name": "Alex2", "email": "Aleks.Terentyev@gmail.com", "message": "test", "is_read": false, "is_answered": false, "created": "2017-08-08T10:11:08.235Z", "updated": "2017-08-08T10:11:08.235Z"}}, {"model": "website_management.contactusmessage", "pk": 3, "fields": {"user": null, "name": "Alex2", "email": "Aleks.Terentyev@gmail.com", "message": "test", "is_read": false, "is_answered": false, "created": "2017-08-08T10:11:32.619Z", "updated": "2017-08-08T10:11:32.619Z"}}, {"model": "website_management.contactusmessage", "pk": 4, "fields": {"user": null, "name": "Alex2", "email": "Aleks.Terentyev@gmail.com", "message": "test", "is_read": false, "is_answered": false, "created": "2017-08-08T10:12:34.742Z", "updated": "2017-08-08T10:12:34.742Z"}}, {"model": "website_management.contactusmessage", "pk": 5, "fields": {"user": null, "name": "Alex2", "email": "Aleks.Terentyev@gmail.com", "message": "test", "is_read": false, "is_answered": false, "created": "2017-08-08T10:13:31.380Z", "updated": "2017-08-08T10:13:31.380Z"}}, {"model": "website_management.contactusmessage", "pk": 6, "fields": {"user": null, "name": "a", "email": "Aleks.Terentyev@gmail.com", "message": "dasdafdf", "is_read": false, "is_answered": false, "created": "2017-08-08T10:26:19.435Z", "updated": "2017-08-08T10:26:19.435Z"}}, {"model": "website_management.contactusmessage", "pk": 7, "fields": {"user": null, "name": null, "email": null, "message": "", "is_read": false, "is_answered": false, "created": "2017-08-08T10:26:22.648Z", "updated": "2017-08-08T10:26:22.648Z"}}, {"model": "website_management.contactusmessage", "pk": 8, "fields": {"user": null, "name": null, "email": null, "message": "", "is_read": false, "is_answered": false, "created": "2017-08-08T10:26:25.015Z", "updated": "2017-08-08T10:26:25.015Z"}}, {"model": "website_management.contactusmessage", "pk": 9, "fields": {"user": null, "name": null, "email": null, "message": "", "is_read": false, "is_answered": false, "created": "2017-08-08T10:26:27.730Z", "updated": "2017-08-08T10:26:27.731Z"}}, {"model": "website_management.contactusmessage", "pk": 10, "fields": {"user": null, "name": null, "email": null, "message": "", "is_read": false, "is_answered": false, "created": "2017-08-08T10:26:36.954Z", "updated": "2017-08-08T10:26:36.954Z"}}, {"model": "website_management.contactusmessage", "pk": 11, "fields": {"user": 1, "name": null, "email": "aleks.terentyev+test@gmail.com", "message": "Hi there!", "is_read": false, "is_answered": false, "created": "2017-08-08T10:41:43.801Z", "updated": "2017-08-08T10:41:43.802Z"}}, {"model": "website_management.contactusmessage", "pk": 12, "fields": {"user": null, "name": "name", "email": "test7@gmail.com", "message": "message", "is_read": false, "is_answered": false, "created": "2017-08-08T14:18:52.332Z", "updated": "2017-08-08T14:18:52.332Z"}}, {"model": "emails.emailmessage", "pk": 1, "fields": {"type": 1, "email": "aleks.terentyev+test@gmail.com", "user": 1, "order": 44, "chat_message": null, "created": "2017-05-26T17:35:32.783Z", "updated": "2017-05-26T17:35:32.783Z"}}, {"model": "emails.emailmessage", "pk": 2, "fields": {"type": 2, "email": "Aleks.Terentyev+client2103@gmail.com", "user": null, "order": null, "chat_message": null, "created": "2017-05-26T17:37:41.414Z", "updated": "2017-05-26T17:37:41.414Z"}}, {"model": "emails.emailmessage", "pk": 3, "fields": {"type": 1, "email": "aleks.terentyev+test@gmail.com", "user": 1, "order": 43, "chat_message": null, "created": "2017-05-27T23:08:56.412Z", "updated": "2017-05-27T23:08:56.412Z"}}, {"model": "emails.emailmessage", "pk": 4, "fields": {"type": 1, "email": "aleks.terentyev+test@gmail.com", "user": 1, "order": 43, "chat_message": null, "created": "2017-05-27T23:09:19.958Z", "updated": "2017-05-27T23:09:19.958Z"}}, {"model": "emails.emailmessage", "pk": 5, "fields": {"type": 1, "email": "aleks.terentyev+test@gmail.com", "user": 1, "order": 43, "chat_message": null, "created": "2017-05-27T23:09:31.095Z", "updated": "2017-05-27T23:09:31.096Z"}}, {"model": "emails.emailmessage", "pk": 6, "fields": {"type": 1, "email": "aleks.terentyev+test@gmail.com", "user": 1, "order": 43, "chat_message": null, "created": "2017-05-27T23:09:35.895Z", "updated": "2017-05-27T23:09:35.895Z"}}, {"model": "emails.emailmessage", "pk": 7, "fields": {"type": 1, "email": "aleks.terentyev+test@gmail.com", "user": 1, "order": 43, "chat_message": null, "created": "2017-05-27T23:10:21.930Z", "updated": "2017-05-27T23:10:21.930Z"}}, {"model": "emails.emailmessage", "pk": 8, "fields": {"type": 1, "email": "aleks.terentyev+test@gmail.com", "user": 1, "order": 43, "chat_message": null, "created": "2017-05-27T23:12:04.715Z", "updated": "2017-05-27T23:12:04.715Z"}}, {"model": "emails.emailmessage", "pk": 9, "fields": {"type": 1, "email": "aleks.terentyev+test@gmail.com", "user": 1, "order": 43, "chat_message": null, "created": "2017-05-27T23:12:48.944Z", "updated": "2017-05-27T23:12:48.944Z"}}, {"model": "emails.emailmessage", "pk": 10, "fields": {"type": 1, "email": "aleks.terentyev+test@gmail.com", "user": 1, "order": 43, "chat_message": null, "created": "2017-05-27T23:14:43.660Z", "updated": "2017-05-27T23:14:43.660Z"}}, {"model": "emails.emailmessage", "pk": 11, "fields": {"type": 1, "email": "aleks.terentyev+test@gmail.com", "user": 1, "order": 42, "chat_message": null, "created": "2017-05-27T23:20:52.429Z", "updated": "2017-05-27T23:20:52.429Z"}}, {"model": "emails.emailmessage", "pk": 12, "fields": {"type": 1, "email": "aleks.terentyev+test@gmail.com", "user": 1, "order": 42, "chat_message": null, "created": "2017-05-27T23:22:38.446Z", "updated": "2017-05-27T23:22:38.446Z"}}, {"model": "emails.emailmessage", "pk": 13, "fields": {"type": 1, "email": "aleks.terentyev+test@gmail.com", "user": 1, "order": 42, "chat_message": null, "created": "2017-05-27T23:24:31.736Z", "updated": "2017-05-27T23:24:31.736Z"}}, {"model": "emails.emailmessage", "pk": 14, "fields": {"type": 1, "email": "aleks.terentyev+test@gmail.com", "user": 1, "order": 42, "chat_message": null, "created": "2017-05-27T23:25:13.377Z", "updated": "2017-05-27T23:25:13.377Z"}}, {"model": "emails.emailmessage", "pk": 15, "fields": {"type": 1, "email": "aleks.terentyev+test@gmail.com", "user": 1, "order": 42, "chat_message": null, "created": "2017-05-28T18:03:17.877Z", "updated": "2017-05-28T18:03:17.877Z"}}, {"model": "emails.emailmessage", "pk": 16, "fields": {"type": 1, "email": "aleks.terentyev+test@gmail.com", "user": 1, "order": 42, "chat_message": null, "created": "2017-05-28T18:04:07.436Z", "updated": "2017-05-28T18:04:07.436Z"}}, {"model": "emails.emailmessage", "pk": 17, "fields": {"type": 1, "email": "aleks.terentyev+test@gmail.com", "user": 1, "order": 42, "chat_message": null, "created": "2017-05-28T19:58:57.365Z", "updated": "2017-05-28T19:58:57.365Z"}}, {"model": "emails.emailmessage", "pk": 18, "fields": {"type": 1, "email": "aleks.terentyev+test@gmail.com", "user": 1, "order": 42, "chat_message": null, "created": "2017-05-28T20:00:46.759Z", "updated": "2017-05-28T20:00:46.759Z"}}, {"model": "emails.emailmessage", "pk": 19, "fields": {"type": 1, "email": "aleks.terentyev+test@gmail.com", "user": 1, "order": 42, "chat_message": null, "created": "2017-05-28T20:04:06.277Z", "updated": "2017-05-28T20:04:06.277Z"}}, {"model": "emails.emailmessage", "pk": 20, "fields": {"type": 1, "email": "aleks.terentyev+test@gmail.com", "user": 1, "order": 42, "chat_message": null, "created": "2017-05-28T20:19:15.944Z", "updated": "2017-05-28T20:19:15.944Z"}}, {"model": "emails.emailmessage", "pk": 21, "fields": {"type": 1, "email": "aleks.terentyev+test@gmail.com", "user": 1, "order": 42, "chat_message": null, "created": "2017-05-28T20:22:15.620Z", "updated": "2017-05-28T20:22:15.620Z"}}, {"model": "emails.emailmessage", "pk": 22, "fields": {"type": 1, "email": "aleks.terentyev+test@gmail.com", "user": 1, "order": 42, "chat_message": null, "created": "2017-05-28T20:23:19.545Z", "updated": "2017-05-28T20:23:19.545Z"}}, {"model": "emails.emailmessage", "pk": 23, "fields": {"type": 1, "email": "aleks.terentyev+test@gmail.com", "user": 1, "order": null, "chat_message": null, "created": "2017-06-04T22:55:53.358Z", "updated": "2017-06-04T22:55:53.358Z"}}, {"model": "emails.emailmessage", "pk": 24, "fields": {"type": 1, "email": "aleks.terentyev+test@gmail.com", "user": 1, "order": null, "chat_message": null, "created": "2017-06-04T22:59:06.658Z", "updated": "2017-06-04T22:59:06.658Z"}}, {"model": "emails.emailmessage", "pk": 25, "fields": {"type": 1, "email": "aleks.terentyev+test@gmail.com", "user": 1, "order": null, "chat_message": null, "created": "2017-06-04T23:01:24.934Z", "updated": "2017-06-04T23:01:24.934Z"}}, {"model": "emails.emailmessage", "pk": 26, "fields": {"type": 1, "email": "aleks.terentyev+test@gmail.com", "user": 1, "order": null, "chat_message": null, "created": "2017-06-04T23:08:02.486Z", "updated": "2017-06-04T23:08:02.486Z"}}, {"model": "emails.emailmessage", "pk": 27, "fields": {"type": 1, "email": "aleks.terentyev@gmail.com", "user": 17, "order": null, "chat_message": null, "created": "2017-06-04T23:44:11.612Z", "updated": "2017-06-04T23:44:11.612Z"}}, {"model": "emails.emailmessage", "pk": 29, "fields": {"type": 1, "email": "aleks.terentyev@gmail.com", "user": 17, "order": null, "chat_message": null, "created": "2017-06-04T23:52:46.503Z", "updated": "2017-06-04T23:52:46.503Z"}}, {"model": "emails.emailmessage", "pk": 31, "fields": {"type": 1, "email": "aleks.terentyev@gmail.com", "user": 17, "order": null, "chat_message": null, "created": "2017-06-05T00:00:07.728Z", "updated": "2017-06-05T00:00:07.728Z"}}, {"model": "emails.emailmessage", "pk": 32, "fields": {"type": 1, "email": "aleks.terentyev@gmail.com", "user": 17, "order": null, "chat_message": null, "created": "2017-06-05T00:01:07.958Z", "updated": "2017-06-05T00:01:07.958Z"}}, {"model": "emails.emailmessage", "pk": 33, "fields": {"type": 1, "email": "aleks.terentyev@gmail.com", "user": 17, "order": 55, "chat_message": null, "created": "2017-06-05T00:01:08.737Z", "updated": "2017-06-05T00:01:08.737Z"}}, {"model": "emails.emailmessage", "pk": 34, "fields": {"type": 1, "email": "aleks.terentyev+test@gmail.com", "user": 1, "order": 43, "chat_message": null, "created": "2017-06-11T22:43:51.037Z", "updated": "2017-06-11T22:43:51.037Z"}}, {"model": "emails.emailmessage", "pk": 35, "fields": {"type": 1, "email": "aleks.terentyev@gmail.com", "user": 17, "order": 55, "chat_message": null, "created": "2017-06-18T22:32:55.535Z", "updated": "2017-06-18T22:32:55.535Z"}}, {"model": "emails.emailmessage", "pk": 36, "fields": {"type": 1, "email": "aleks.terentyev@gmail.com", "user": 17, "order": 55, "chat_message": null, "created": "2017-06-18T22:35:21.169Z", "updated": "2017-06-18T22:35:21.169Z"}}, {"model": "emails.emailmessage", "pk": 37, "fields": {"type": 1, "email": "aleks.terentyev@gmail.com", "user": 17, "order": 55, "chat_message": null, "created": "2017-06-18T22:41:36.912Z", "updated": "2017-06-18T22:41:36.912Z"}}, {"model": "emails.emailmessage", "pk": 38, "fields": {"type": 1, "email": "aleks.terentyev@gmail.com", "user": 17, "order": 55, "chat_message": null, "created": "2017-06-18T22:53:59.780Z", "updated": "2017-06-18T22:53:59.780Z"}}, {"model": "emails.emailmessage", "pk": 39, "fields": {"type": 1, "email": "aleks.terentyev@gmail.com", "user": 17, "order": 55, "chat_message": null, "created": "2017-06-18T22:56:39.354Z", "updated": "2017-06-18T22:56:39.354Z"}}, {"model": "emails.emailmessage", "pk": 40, "fields": {"type": 1, "email": "aleks.terentyev+test@gmail.com", "user": 1, "order": 46, "chat_message": null, "created": "2017-06-18T23:22:05.137Z", "updated": "2017-06-18T23:22:05.137Z"}}, {"model": "emails.emailmessage", "pk": 41, "fields": {"type": 1, "email": "aleks.terentyev+test@gmail.com", "user": 1, "order": 46, "chat_message": null, "created": "2017-06-18T23:22:12.992Z", "updated": "2017-06-18T23:22:12.992Z"}}, {"model": "emails.emailmessage", "pk": 42, "fields": {"type": 1, "email": "codingmedved@gmail.com", "user": 11, "order": null, "chat_message": null, "created": "2017-06-24T08:37:59.264Z", "updated": "2017-06-24T08:37:59.264Z"}}, {"model": "emails.emailmessage", "pk": 43, "fields": {"type": 1, "email": "codingmedved@gmail.com", "user": 11, "order": 56, "chat_message": null, "created": "2017-06-24T08:38:00.030Z", "updated": "2017-06-24T08:38:00.030Z"}}, {"model": "emails.emailmessage", "pk": 44, "fields": {"type": 1, "email": "codingmedved@gmail.com", "user": 11, "order": null, "chat_message": null, "created": "2017-06-24T08:41:34.374Z", "updated": "2017-06-24T08:41:34.374Z"}}, {"model": "emails.emailmessage", "pk": 45, "fields": {"type": 1, "email": "codingmedved@gmail.com", "user": 11, "order": 57, "chat_message": null, "created": "2017-06-24T08:41:35.053Z", "updated": "2017-06-24T08:41:35.053Z"}}, {"model": "emails.emailmessage", "pk": 46, "fields": {"type": 1, "email": "codingmedved@gmail.com", "user": 11, "order": 56, "chat_message": null, "created": "2017-06-24T08:43:45.786Z", "updated": "2017-06-24T08:43:45.786Z"}}, {"model": "emails.emailmessage", "pk": 47, "fields": {"type": 1, "email": "codingmedved@gmail.com", "user": 11, "order": 57, "chat_message": null, "created": "2017-06-24T08:44:34.568Z", "updated": "2017-06-24T08:44:34.568Z"}}, {"model": "emails.emailmessage", "pk": 48, "fields": {"type": 1, "email": "codingmedved@gmail.com", "user": 11, "order": 57, "chat_message": null, "created": "2017-06-24T09:00:36.499Z", "updated": "2017-06-24T09:00:36.499Z"}}, {"model": "emails.emailmessage", "pk": 49, "fields": {"type": 1, "email": "aleks.terentyev@gmail.com", "user": 17, "order": null, "chat_message": null, "created": "2017-06-24T12:58:52.153Z", "updated": "2017-06-24T12:58:52.153Z"}}, {"model": "emails.emailmessage", "pk": 50, "fields": {"type": 1, "email": "aleks.terentyev@gmail.com", "user": 17, "order": null, "chat_message": null, "created": "2017-06-24T13:12:59.753Z", "updated": "2017-06-24T13:12:59.753Z"}}, {"model": "emails.emailmessage", "pk": 51, "fields": {"type": 1, "email": "aleks.terentyev@gmail.com", "user": 17, "order": null, "chat_message": null, "created": "2017-06-24T13:14:28.233Z", "updated": "2017-06-24T13:14:28.233Z"}}, {"model": "emails.emailmessage", "pk": 52, "fields": {"type": 1, "email": "aleks.terentyev@gmail.com", "user": 17, "order": null, "chat_message": null, "created": "2017-06-24T13:15:52.713Z", "updated": "2017-06-24T13:15:52.713Z"}}, {"model": "emails.emailmessage", "pk": 53, "fields": {"type": 1, "email": "aleks.terentyev@gmail.com", "user": 17, "order": null, "chat_message": null, "created": "2017-06-25T14:42:02.910Z", "updated": "2017-06-25T14:42:02.910Z"}}, {"model": "emails.emailmessage", "pk": 54, "fields": {"type": 1, "email": "aleks.terentyev@gmail.com", "user": 17, "order": null, "chat_message": null, "created": "2017-06-25T17:57:08.110Z", "updated": "2017-06-25T17:57:08.110Z"}}, {"model": "emails.emailmessage", "pk": 55, "fields": {"type": 1, "email": "aleks.terentyev@gmail.com", "user": 17, "order": null, "chat_message": null, "created": "2017-06-25T18:16:00.983Z", "updated": "2017-06-25T18:16:00.983Z"}}, {"model": "emails.emailmessage", "pk": 56, "fields": {"type": 1, "email": "aleks.terentyev@gmail.com", "user": 17, "order": null, "chat_message": null, "created": "2017-06-25T18:17:10.007Z", "updated": "2017-06-25T18:17:10.007Z"}}, {"model": "emails.emailmessage", "pk": 57, "fields": {"type": 1, "email": "aleks.terentyev@gmail.com", "user": 17, "order": null, "chat_message": null, "created": "2017-06-25T18:18:50.280Z", "updated": "2017-06-25T18:18:50.280Z"}}, {"model": "emails.emailmessage", "pk": 58, "fields": {"type": 1, "email": "aleks.terentyev@gmail.com", "user": 17, "order": null, "chat_message": null, "created": "2017-06-25T18:20:13.160Z", "updated": "2017-06-25T18:20:13.160Z"}}, {"model": "emails.emailmessage", "pk": 59, "fields": {"type": 1, "email": "aleks.terentyev@gmail.com", "user": 17, "order": null, "chat_message": null, "created": "2017-06-25T19:00:11.606Z", "updated": "2017-06-25T19:00:11.606Z"}}, {"model": "emails.emailmessage", "pk": 60, "fields": {"type": 1, "email": "aleks.terentyev@gmail.com", "user": 17, "order": null, "chat_message": null, "created": "2017-06-25T19:35:39.479Z", "updated": "2017-06-25T19:35:39.479Z"}}, {"model": "emails.emailmessage", "pk": 61, "fields": {"type": 1, "email": "aleks.terentyev+test@gmail.com", "user": 1, "order": null, "chat_message": null, "created": "2017-06-25T19:37:36.257Z", "updated": "2017-06-25T19:37:36.257Z"}}, {"model": "emails.emailmessage", "pk": 62, "fields": {"type": 1, "email": "aleks.terentyev@gmail.com", "user": 17, "order": null, "chat_message": null, "created": "2017-06-25T22:05:23.847Z", "updated": "2017-06-25T22:05:23.847Z"}}, {"model": "emails.emailmessage", "pk": 63, "fields": {"type": 1, "email": "aleks.terentyev@gmail.com", "user": 17, "order": null, "chat_message": null, "created": "2017-06-25T22:29:51.056Z", "updated": "2017-06-25T22:29:51.056Z"}}, {"model": "emails.emailmessage", "pk": 64, "fields": {"type": 1, "email": "aleks.terentyev@gmail.com", "user": 17, "order": null, "chat_message": null, "created": "2017-06-26T07:50:18.099Z", "updated": "2017-06-26T07:50:18.099Z"}}, {"model": "emails.emailmessage", "pk": 65, "fields": {"type": 1, "email": "aleks.terentyev+test@gmail.com", "user": 1, "order": null, "chat_message": null, "created": "2017-07-16T22:32:03.325Z", "updated": "2017-07-16T22:32:03.325Z"}}, {"model": "emails.emailmessage", "pk": 66, "fields": {"type": 1, "email": "aleks.terentyev+test@gmail.com", "user": 1, "order": null, "chat_message": null, "created": "2017-07-16T22:41:26.619Z", "updated": "2017-07-16T22:41:26.619Z"}}, {"model": "emails.emailmessage", "pk": 67, "fields": {"type": 1, "email": "aleks.terentyev+test@gmail.com", "user": 1, "order": null, "chat_message": null, "created": "2017-07-27T08:37:08.097Z", "updated": "2017-07-27T08:37:08.097Z"}}, {"model": "emails.emailmessage", "pk": 68, "fields": {"type": 1, "email": "aleks.terentyev+test@gmail.com", "user": 1, "order": null, "chat_message": null, "created": "2017-07-31T00:05:11.444Z", "updated": "2017-07-31T00:05:11.445Z"}}, {"model": "emails.emailmessage", "pk": 69, "fields": {"type": 1, "email": "aleks.terentyev+test@gmail.com", "user": 1, "order": null, "chat_message": null, "created": "2017-07-31T00:09:28.935Z", "updated": "2017-07-31T00:09:28.935Z"}}, {"model": "payments.paymentcustomer", "pk": 1, "fields": {"user": 1, "uuid": "897501516", "created": "2017-06-18T21:35:21.934Z", "updated": "2017-06-18T21:35:23.957Z"}}, {"model": "payments.paymentcustomer", "pk": 2, "fields": {"user": 27, "uuid": "203715864", "created": "2017-07-16T22:48:08.474Z", "updated": "2017-07-16T22:48:09.624Z"}}, {"model": "payments.paymentcustomer", "pk": 3, "fields": {"user": 29, "uuid": "195778064", "created": "2017-07-27T08:46:59.409Z", "updated": "2017-07-27T08:47:00.386Z"}}, {"model": "payments.paymentcustomer", "pk": 4, "fields": {"user": 11, "uuid": "526370966", "created": "2017-07-31T00:05:17.073Z", "updated": "2017-07-31T00:05:18.027Z"}}, {"model": "payments.paymentmethod", "pk": 1, "fields": {"user": 1, "name": "", "card_number": "XXXX-XXXX-XXXX-1111", "card_type": 1, "token": "4qrz84", "is_default": true, "is_active": true, "created": "2017-06-18T21:51:03.543Z", "updated": "2017-06-18T21:51:03.543Z"}}, {"model": "payments.paymentmethod", "pk": 10, "fields": {"user": 29, "name": null, "card_number": "XXXX-XXXX-XXXX-1111", "card_type": 1, "token": "ccny7j", "is_default": true, "is_active": true, "created": "2017-07-27T08:47:25.905Z", "updated": "2017-07-27T08:47:25.905Z"}}, {"model": "payments.paymentmethod", "pk": 11, "fields": {"user": 11, "name": null, "card_number": "XXXX-XXXX-XXXX-1111", "card_type": 1, "token": "2j6nyp", "is_default": true, "is_active": true, "created": "2017-07-31T00:05:43.486Z", "updated": "2017-07-31T00:05:43.486Z"}}, {"model": "blog.blogpost", "pk": 1, "fields": {"author": 1, "name": "Hyperloop One News", "tags": "hyperloop; elonmask", "slug": "hyperloop-one-news", "text": "<p id=\"speakable-summary\">Hyperloop One conducted the first full-scale system test (via <a target=\"_blank\" href=\"https://www.theverge.com/2017/7/12/15958224/hyperloop-one-first-full-system-test-devloop\" rel=\"noopener\">The Verge</a>),\r\n achieving full vacuum conditions in its closed tube environment with a \r\ntest pod that\u2019s the actual size of what it envisions for its production \r\nsystems. The ultra high-speed transit system didn\u2019t pull off any speed \r\nrecords, however, with the test pod vehicle topping out at 70 miles per \r\nhour on H1\u2019s test track in Nevada.</p><p>\r\n<br></p><p>The Hyperloop One system test wasn\u2019t designed for speed, however, and\r\n achieved its goals of reaching full vacuum conditions within the tube, \r\naccording to Hyperloop One co-founder Shervin Pishevar. This means that \r\nthe test pod was basically traveling in conditions similar to an \r\naircraft flying at around 200,000 feet in the air, where the lack of air\r\n resistance allows for much higher travel speeds. This is how Hyperloop \r\nhopes to achieve its goal of hyper speed travel.</p><p>\r\n<br></p><p>The next goal for the 1640-foot test track and Hyperloop One is to \r\nachieve greater speeds, with an interim target of hitting 250 mph along \r\nthe stretch. That\u2019s still quite short of the ultimate potential top \r\nspeed of a hyperloop system, which is around 750 mph, but those speeds \r\nare theoretical, and the test track is much shorter than planned future \r\ncommercial installations.</p><p>\r\n<br></p><p>There\u2019s still a lot to work out before Hyperloop One can begin \r\noffering service in its inaugural planned projects, including a system \r\nconnected Dubai and Abu Dhabi, which is expected to achieve speeds of \r\n500 mph. But progress is progress, and a full-scale test is definitely a\r\n step in the right direction.</p><p><br></p>", "category": 2, "is_featured": false, "is_active": true, "image": "blog/blog_1/color-correct-coffee.jpg", "updated_by": 1, "created": "2017-07-12T20:03:11.158Z", "updated": "2017-07-12T22:29:14.208Z"}}, {"model": "blog.blogpost", "pk": 2, "fields": {"author": 1, "name": "testing", "tags": null, "slug": "testing", "text": "<p>Some other blog post text<br></p>", "category": 2, "is_featured": false, "is_active": true, "image": "defaults/blog_post_default.jpg", "updated_by": 1, "created": "2017-07-12T22:38:19.464Z", "updated": "2017-07-12T22:38:19.464Z"}}, {"model": "blog.blogpost", "pk": 3, "fields": {"author": 1, "name": "testing2", "tags": null, "slug": "testing2", "text": "<p>testing2<br></p>", "category": 1, "is_featured": false, "is_active": true, "image": "defaults/blog_post_default.jpg", "updated_by": 1, "created": "2017-07-12T22:44:17.858Z", "updated": "2017-07-12T22:44:17.858Z"}}, {"model": "account.emailaddress", "pk": 2, "fields": {"user": 11, "email": "codingmedved@gmail.com", "verified": true, "primary": true}}, {"model": "account.emailaddress", "pk": 8, "fields": {"user": 17, "email": "aleks.terentyev@gmail.com", "verified": false, "primary": true}}, {"model": "account.emailaddress", "pk": 9, "fields": {"user": 18, "email": "Aleks.Terentyev+23@gmail.com", "verified": false, "primary": true}}, {"model": "account.emailaddress", "pk": 10, "fields": {"user": 19, "email": "Aleks.Terentyev+test123@gmail.com", "verified": false, "primary": true}}, {"model": "account.emailaddress", "pk": 11, "fields": {"user": 20, "email": "Alex.Terentyev+try5@gmail.com", "verified": false, "primary": true}}, {"model": "account.emailaddress", "pk": 13, "fields": {"user": 22, "email": "test@test.com", "verified": false, "primary": true}}, {"model": "account.emailaddress", "pk": 14, "fields": {"user": 23, "email": "codingmedved+try1707@gmail.com", "verified": false, "primary": true}}, {"model": "account.emailaddress", "pk": 18, "fields": {"user": 27, "email": "codingmedved+try98@gmail.com", "verified": false, "primary": true}}, {"model": "socialaccount.socialaccount", "pk": 13, "fields": {"user": 1, "provider": "facebook", "uid": "1888326078157049", "last_login": "2017-07-20T16:13:37.092Z", "date_joined": "2017-07-20T16:09:05.200Z", "extra_data": "{\"id\": \"1888326078157049\", \"first_name\": \"Aleksandr\", \"gender\": \"male\", \"verified\": true, \"locale\": \"ru_RU\", \"name\": \"Aleksandr Terentyev\", \"link\": \"https://www.facebook.com/app_scoped_user_id/1888326078157049/\", \"timezone\": 3, \"last_name\": \"Terentyev\", \"email\": \"aleks.terentyev@gmail.com\"}"}}, {"model": "socialaccount.socialaccount", "pk": 14, "fields": {"user": 1, "provider": "google", "uid": "114906406906533797048", "last_login": "2017-07-20T16:56:17.008Z", "date_joined": "2017-07-20T16:54:03.246Z", "extra_data": "{\"id\": \"114906406906533797048\", \"gender\": \"male\", \"family_name\": \"Terentyev\", \"name\": \"Alexandr Terentyev\", \"given_name\": \"Alexandr\", \"verified_email\": true, \"picture\": \"https://lh3.googleusercontent.com/-XdUIqdMkCWA/AAAAAAAAAAI/AAAAAAAAAAA/4252rscbv5M/photo.jpg\", \"link\": \"https://plus.google.com/114906406906533797048\", \"locale\": \"ru\", \"email\": \"aleks.terentyev@gmail.com\"}"}}, {"model": "authtoken.token", "pk": "2821a4d7d58e3eb04b8ad2e48abd751bb08e08f2", "fields": {"user": 22, "created": "2017-08-10T23:13:08.837Z"}}, {"model": "authtoken.token", "pk": "aeb66fce6cd2a15fd5543d59df7a33cc006cc07e", "fields": {"user": 1, "created": "2017-06-12T01:21:02.160Z"}}, {"model": "authtoken.token", "pk": "b49cc152e4022fc2bbfd7104e82e80ce9956b267", "fields": {"user": 28, "created": "2017-07-17T00:33:39.970Z"}}, {"model": "authtoken.token", "pk": "cc04a4c8526ae8dfe5971d54c7add92bd5eea22d", "fields": {"user": 18, "created": "2017-06-12T01:21:21.182Z"}}, {"model": "admin.logentry", "pk": 1, "fields": {"action_time": "2017-03-09T17:38:36.610Z", "user": 1, "content_type": 7, "object_id": "1", "object_repr": "1", "action_flag": 1, "change_message": "[{\"added\": {}}]"}}, {"model": "admin.logentry", "pk": 2, "fields": {"action_time": "2017-03-09T17:39:42.263Z", "user": 1, "content_type": 8, "object_id": "1", "object_repr": "1", "action_flag": 1, "change_message": "[{\"added\": {}}]"}}, {"model": "admin.logentry", "pk": 3, "fields": {"action_time": "2017-03-09T17:40:07.535Z", "user": 1, "content_type": 11, "object_id": "1", "object_repr": "1", "action_flag": 1, "change_message": "[{\"added\": {}}]"}}, {"model": "admin.logentry", "pk": 4, "fields": {"action_time": "2017-03-09T17:52:36.460Z", "user": 1, "content_type": null, "object_id": "1", "object_repr": "None", "action_flag": 1, "change_message": "[{\"added\": {}}]"}}, {"model": "admin.logentry", "pk": 5, "fields": {"action_time": "2017-03-09T18:04:30.270Z", "user": 1, "content_type": 20, "object_id": "1", "object_repr": "hourly", "action_flag": 1, "change_message": "[{\"added\": {}}]"}}, {"model": "admin.logentry", "pk": 6, "fields": {"action_time": "2017-03-09T18:04:37.662Z", "user": 1, "content_type": 20, "object_id": "2", "object_repr": "fixed", "action_flag": 1, "change_message": "[{\"added\": {}}]"}}, {"model": "admin.logentry", "pk": 7, "fields": {"action_time": "2017-03-09T18:04:40.540Z", "user": 1, "content_type": 20, "object_id": "3", "object_repr": "free", "action_flag": 1, "change_message": "[{\"added\": {}}]"}}, {"model": "admin.logentry", "pk": 8, "fields": {"action_time": "2017-03-09T18:04:48.796Z", "user": 1, "content_type": 11, "object_id": "1", "object_repr": "", "action_flag": 2, "change_message": "[]"}}, {"model": "admin.logentry", "pk": 9, "fields": {"action_time": "2017-03-09T20:00:16.698Z", "user": 1, "content_type": null, "object_id": "1", "object_repr": "admin", "action_flag": 1, "change_message": "[{\"added\": {}}]"}}, {"model": "admin.logentry", "pk": 10, "fields": {"action_time": "2017-03-09T20:00:56.298Z", "user": 1, "content_type": 3, "object_id": "1", "object_repr": "admin", "action_flag": 2, "change_message": "[{\"changed\": {\"fields\": [\"first_name\"]}}]"}}, {"model": "admin.logentry", "pk": 11, "fields": {"action_time": "2017-03-09T20:42:59.632Z", "user": 1, "content_type": 11, "object_id": "1", "object_repr": "Showing Kiev city", "action_flag": 2, "change_message": "[{\"changed\": {\"fields\": [\"name\", \"price\", \"price_hourly\", \"min_hours\"]}}]"}}, {"model": "admin.logentry", "pk": 12, "fields": {"action_time": "2017-03-09T20:47:05.213Z", "user": 1, "content_type": 11, "object_id": "1", "object_repr": "Showing Kiev city", "action_flag": 2, "change_message": "[{\"changed\": {\"fields\": [\"image\"]}}]"}}, {"model": "admin.logentry", "pk": 13, "fields": {"action_time": "2017-03-09T20:55:34.707Z", "user": 1, "content_type": 11, "object_id": "2", "object_repr": "Tour to Podil area", "action_flag": 1, "change_message": "[{\"added\": {}}]"}}, {"model": "admin.logentry", "pk": 14, "fields": {"action_time": "2017-03-09T20:58:13.460Z", "user": 1, "content_type": 11, "object_id": "3", "object_repr": "Kiev center Walking Free Tour", "action_flag": 1, "change_message": "[{\"added\": {}}]"}}, {"model": "admin.logentry", "pk": 15, "fields": {"action_time": "2017-03-09T20:59:01.009Z", "user": 1, "content_type": 11, "object_id": "2", "object_repr": "Tour to Podil area", "action_flag": 2, "change_message": "[{\"changed\": {\"fields\": [\"image\"]}}]"}}, {"model": "admin.logentry", "pk": 16, "fields": {"action_time": "2017-03-09T20:59:33.586Z", "user": 1, "content_type": 11, "object_id": "3", "object_repr": "Kiev center Walking Free Tour", "action_flag": 2, "change_message": "[{\"changed\": {\"fields\": [\"image\"]}}]"}}, {"model": "admin.logentry", "pk": 17, "fields": {"action_time": "2017-03-09T21:02:45.381Z", "user": 1, "content_type": 7, "object_id": "1", "object_repr": "Kiev", "action_flag": 2, "change_message": "[{\"changed\": {\"fields\": [\"image\"]}}]"}}, {"model": "admin.logentry", "pk": 18, "fields": {"action_time": "2017-03-09T21:06:30.771Z", "user": 1, "content_type": 7, "object_id": "1", "object_repr": "Kiev", "action_flag": 2, "change_message": "[{\"changed\": {\"fields\": [\"is_featured\"]}}]"}}, {"model": "admin.logentry", "pk": 19, "fields": {"action_time": "2017-03-09T21:11:26.261Z", "user": 1, "content_type": 7, "object_id": "2", "object_repr": "London", "action_flag": 1, "change_message": "[{\"added\": {}}]"}}, {"model": "admin.logentry", "pk": 20, "fields": {"action_time": "2017-03-10T01:28:42.773Z", "user": 1, "content_type": null, "object_id": "1", "object_repr": "Showing Kiev city", "action_flag": 1, "change_message": "[{\"added\": {}}]"}}, {"model": "admin.logentry", "pk": 21, "fields": {"action_time": "2017-03-10T02:37:03.336Z", "user": 1, "content_type": null, "object_id": "1", "object_repr": "admin", "action_flag": 2, "change_message": "[{\"changed\": {\"fields\": [\"profile_image\"]}}]"}}, {"model": "admin.logentry", "pk": 22, "fields": {"action_time": "2017-03-10T02:37:41.323Z", "user": 1, "content_type": null, "object_id": "1", "object_repr": "admin", "action_flag": 1, "change_message": "[{\"added\": {}}]"}}, {"model": "admin.logentry", "pk": 23, "fields": {"action_time": "2017-03-10T02:39:00.169Z", "user": 1, "content_type": null, "object_id": "1", "object_repr": "admin", "action_flag": 2, "change_message": "[{\"changed\": {\"fields\": [\"profile_image\"]}}]"}}, {"model": "admin.logentry", "pk": 24, "fields": {"action_time": "2017-03-10T02:57:35.827Z", "user": 1, "content_type": null, "object_id": "1", "object_repr": "admin", "action_flag": 2, "change_message": "[{\"changed\": {\"fields\": [\"overview\"]}}]"}}, {"model": "admin.logentry", "pk": 25, "fields": {"action_time": "2017-03-12T08:09:02.118Z", "user": 1, "content_type": 24, "object_id": "1", "object_repr": "Showing Kiev city", "action_flag": 1, "change_message": "[{\"added\": {}}]"}}, {"model": "admin.logentry", "pk": 26, "fields": {"action_time": "2017-03-12T08:09:15.156Z", "user": 1, "content_type": 24, "object_id": "2", "object_repr": "Showing Kiev city", "action_flag": 1, "change_message": "[{\"added\": {}}]"}}, {"model": "admin.logentry", "pk": 27, "fields": {"action_time": "2017-03-12T08:09:27.839Z", "user": 1, "content_type": 24, "object_id": "3", "object_repr": "Showing Kiev city", "action_flag": 1, "change_message": "[{\"added\": {}}]"}}, {"model": "admin.logentry", "pk": 28, "fields": {"action_time": "2017-03-12T08:09:37.767Z", "user": 1, "content_type": 24, "object_id": "4", "object_repr": "Showing Kiev city", "action_flag": 1, "change_message": "[{\"added\": {}}]"}}, {"model": "admin.logentry", "pk": 29, "fields": {"action_time": "2017-03-12T08:21:11.483Z", "user": 1, "content_type": 24, "object_id": "1", "object_repr": "Showing Kiev city", "action_flag": 2, "change_message": "[{\"changed\": {\"fields\": [\"image\"]}}]"}}, {"model": "admin.logentry", "pk": 30, "fields": {"action_time": "2017-03-12T08:21:56.889Z", "user": 1, "content_type": 24, "object_id": "1", "object_repr": "Showing Kiev city", "action_flag": 2, "change_message": "[{\"changed\": {\"fields\": [\"image\"]}}]"}}, {"model": "admin.logentry", "pk": 31, "fields": {"action_time": "2017-03-12T08:22:06.129Z", "user": 1, "content_type": 24, "object_id": "2", "object_repr": "Showing Kiev city", "action_flag": 2, "change_message": "[{\"changed\": {\"fields\": [\"image\"]}}]"}}, {"model": "admin.logentry", "pk": 32, "fields": {"action_time": "2017-03-12T08:22:12.789Z", "user": 1, "content_type": 24, "object_id": "3", "object_repr": "Showing Kiev city", "action_flag": 2, "change_message": "[{\"changed\": {\"fields\": [\"image\"]}}]"}}, {"model": "admin.logentry", "pk": 33, "fields": {"action_time": "2017-03-12T08:22:18.751Z", "user": 1, "content_type": 24, "object_id": "4", "object_repr": "Showing Kiev city", "action_flag": 2, "change_message": "[{\"changed\": {\"fields\": [\"image\"]}}]"}}, {"model": "admin.logentry", "pk": 34, "fields": {"action_time": "2017-03-12T08:22:29.250Z", "user": 1, "content_type": 24, "object_id": "5", "object_repr": "Showing Kiev city", "action_flag": 1, "change_message": "[{\"added\": {}}]"}}, {"model": "admin.logentry", "pk": 35, "fields": {"action_time": "2017-03-12T08:41:55.937Z", "user": 1, "content_type": 24, "object_id": "4", "object_repr": "Showing Kiev city", "action_flag": 2, "change_message": "[{\"changed\": {\"fields\": [\"is_main\"]}}]"}}, {"model": "admin.logentry", "pk": 36, "fields": {"action_time": "2017-03-12T08:42:18.824Z", "user": 1, "content_type": 24, "object_id": "4", "object_repr": "Showing Kiev city", "action_flag": 2, "change_message": "[{\"changed\": {\"fields\": [\"is_main\"]}}]"}}, {"model": "admin.logentry", "pk": 37, "fields": {"action_time": "2017-03-12T08:42:23.979Z", "user": 1, "content_type": 24, "object_id": "4", "object_repr": "Showing Kiev city", "action_flag": 2, "change_message": "[{\"changed\": {\"fields\": [\"is_main\"]}}]"}}, {"model": "admin.logentry", "pk": 38, "fields": {"action_time": "2017-03-12T09:17:45.076Z", "user": 1, "content_type": 11, "object_id": "3", "object_repr": "Kiev center Walking Free Tour", "action_flag": 2, "change_message": "[]"}}, {"model": "admin.logentry", "pk": 39, "fields": {"action_time": "2017-03-12T09:17:51.003Z", "user": 1, "content_type": 11, "object_id": "2", "object_repr": "Tour to Podil area", "action_flag": 2, "change_message": "[]"}}, {"model": "admin.logentry", "pk": 40, "fields": {"action_time": "2017-03-12T09:18:01.997Z", "user": 1, "content_type": 11, "object_id": "1", "object_repr": "Showing Kiev city", "action_flag": 2, "change_message": "[]"}}, {"model": "admin.logentry", "pk": 41, "fields": {"action_time": "2017-03-12T09:18:47.832Z", "user": 1, "content_type": 11, "object_id": "4", "object_repr": "Some New Tour around the historical center of Kyiv", "action_flag": 1, "change_message": "[{\"added\": {}}]"}}, {"model": "admin.logentry", "pk": 42, "fields": {"action_time": "2017-03-12T09:24:40.836Z", "user": 1, "content_type": 24, "object_id": "4", "object_repr": "Showing Kiev city", "action_flag": 2, "change_message": "[{\"changed\": {\"fields\": [\"is_main\"]}}]"}}, {"model": "admin.logentry", "pk": 43, "fields": {"action_time": "2017-03-12T09:24:46.837Z", "user": 1, "content_type": 24, "object_id": "4", "object_repr": "Showing Kiev city", "action_flag": 2, "change_message": "[{\"changed\": {\"fields\": [\"is_main\"]}}]"}}, {"model": "admin.logentry", "pk": 44, "fields": {"action_time": "2017-03-12T09:26:13.033Z", "user": 1, "content_type": 11, "object_id": "1", "object_repr": "Showing Kiev city", "action_flag": 2, "change_message": "[{\"changed\": {\"fields\": [\"overview\"]}}]"}}, {"model": "admin.logentry", "pk": 45, "fields": {"action_time": "2017-03-19T17:56:21.626Z", "user": 1, "content_type": 14, "object_id": "1", "object_repr": "Pending", "action_flag": 1, "change_message": "[{\"added\": {}}]"}}, {"model": "admin.logentry", "pk": 46, "fields": {"action_time": "2017-03-19T17:56:35.274Z", "user": 1, "content_type": 14, "object_id": "2", "object_repr": "Accepted", "action_flag": 1, "change_message": "[{\"added\": {}}]"}}, {"model": "admin.logentry", "pk": 47, "fields": {"action_time": "2017-03-19T17:56:47.299Z", "user": 1, "content_type": 14, "object_id": "3", "object_repr": "Cancelled", "action_flag": 1, "change_message": "[{\"added\": {}}]"}}, {"model": "admin.logentry", "pk": 48, "fields": {"action_time": "2017-03-19T17:56:59.397Z", "user": 1, "content_type": 14, "object_id": "4", "object_repr": "Completed", "action_flag": 1, "change_message": "[{\"added\": {}}]"}}, {"model": "admin.logentry", "pk": 49, "fields": {"action_time": "2017-03-19T19:48:57.034Z", "user": 1, "content_type": 14, "object_id": "1", "object_repr": "pending", "action_flag": 2, "change_message": "[{\"changed\": {\"fields\": [\"name\"]}}]"}}, {"model": "admin.logentry", "pk": 50, "fields": {"action_time": "2017-03-19T19:49:03.442Z", "user": 1, "content_type": 14, "object_id": "2", "object_repr": "accepted", "action_flag": 2, "change_message": "[{\"changed\": {\"fields\": [\"name\"]}}]"}}, {"model": "admin.logentry", "pk": 51, "fields": {"action_time": "2017-03-19T19:49:16.906Z", "user": 1, "content_type": 14, "object_id": "3", "object_repr": "cancelled", "action_flag": 2, "change_message": "[{\"changed\": {\"fields\": [\"name\"]}}]"}}, {"model": "admin.logentry", "pk": 52, "fields": {"action_time": "2017-03-19T19:49:30.507Z", "user": 1, "content_type": 14, "object_id": "4", "object_repr": "completed", "action_flag": 2, "change_message": "[{\"changed\": {\"fields\": [\"name\"]}}]"}}, {"model": "admin.logentry", "pk": 53, "fields": {"action_time": "2017-03-19T19:51:23.202Z", "user": 1, "content_type": 14, "object_id": "2", "object_repr": "agreed", "action_flag": 2, "change_message": "[{\"changed\": {\"fields\": [\"name\"]}}]"}}, {"model": "admin.logentry", "pk": 54, "fields": {"action_time": "2017-03-19T19:51:39.492Z", "user": 1, "content_type": 14, "object_id": "5", "object_repr": "waiting for payment", "action_flag": 1, "change_message": "[{\"added\": {}}]"}}, {"model": "admin.logentry", "pk": 55, "fields": {"action_time": "2017-03-19T20:08:28.386Z", "user": 1, "content_type": 14, "object_id": "5", "object_repr": "waiting for payment", "action_flag": 2, "change_message": "[]"}}, {"model": "admin.logentry", "pk": 56, "fields": {"action_time": "2017-03-19T20:08:32.349Z", "user": 1, "content_type": 14, "object_id": "4", "object_repr": "completed", "action_flag": 2, "change_message": "[]"}}, {"model": "admin.logentry", "pk": 57, "fields": {"action_time": "2017-03-19T20:08:36.150Z", "user": 1, "content_type": 14, "object_id": "3", "object_repr": "cancelled", "action_flag": 2, "change_message": "[]"}}, {"model": "admin.logentry", "pk": 58, "fields": {"action_time": "2017-03-19T20:08:42.252Z", "user": 1, "content_type": 14, "object_id": "2", "object_repr": "agreed", "action_flag": 2, "change_message": "[]"}}, {"model": "admin.logentry", "pk": 59, "fields": {"action_time": "2017-03-19T20:08:48.188Z", "user": 1, "content_type": 14, "object_id": "1", "object_repr": "pending", "action_flag": 2, "change_message": "[]"}}, {"model": "admin.logentry", "pk": 60, "fields": {"action_time": "2017-03-24T02:50:19.599Z", "user": 1, "content_type": 28, "object_id": "1", "object_repr": "facebook", "action_flag": 1, "change_message": "[{\"added\": {}}]"}}, {"model": "admin.logentry", "pk": 61, "fields": {"action_time": "2017-03-24T02:50:36.602Z", "user": 1, "content_type": 28, "object_id": "1", "object_repr": "facebook", "action_flag": 2, "change_message": "[]"}}, {"model": "admin.logentry", "pk": 62, "fields": {"action_time": "2017-03-24T02:51:12.223Z", "user": 1, "content_type": 25, "object_id": "1", "object_repr": "tourzan.com", "action_flag": 2, "change_message": "[{\"changed\": {\"fields\": [\"domain\", \"name\"]}}]"}}, {"model": "admin.logentry", "pk": 63, "fields": {"action_time": "2017-03-24T07:40:49.083Z", "user": 1, "content_type": 3, "object_id": "3", "object_repr": "guide1", "action_flag": 1, "change_message": "[{\"added\": {}}]"}}, {"model": "admin.logentry", "pk": 64, "fields": {"action_time": "2017-03-24T07:40:57.560Z", "user": 1, "content_type": null, "object_id": "2", "object_repr": "guide1", "action_flag": 1, "change_message": "[{\"added\": {}}]"}}, {"model": "admin.logentry", "pk": 65, "fields": {"action_time": "2017-03-24T07:41:07.035Z", "user": 1, "content_type": 11, "object_id": "2", "object_repr": "Tour to Podil area", "action_flag": 2, "change_message": "[{\"changed\": {\"fields\": [\"guide\"]}}]"}}, {"model": "admin.logentry", "pk": 66, "fields": {"action_time": "2017-03-24T08:44:17.595Z", "user": 1, "content_type": 12, "object_id": "25", "object_repr": "admin", "action_flag": 1, "change_message": "[{\"added\": {}}]"}}, {"model": "admin.logentry", "pk": 67, "fields": {"action_time": "2017-03-24T08:44:49.075Z", "user": 1, "content_type": 12, "object_id": "25", "object_repr": "admin", "action_flag": 3, "change_message": ""}}, {"model": "admin.logentry", "pk": 68, "fields": {"action_time": "2017-03-24T08:44:49.081Z", "user": 1, "content_type": 12, "object_id": "24", "object_repr": "admin", "action_flag": 3, "change_message": ""}}, {"model": "admin.logentry", "pk": 69, "fields": {"action_time": "2017-03-24T08:44:49.085Z", "user": 1, "content_type": 12, "object_id": "23", "object_repr": "admin", "action_flag": 3, "change_message": ""}}, {"model": "admin.logentry", "pk": 70, "fields": {"action_time": "2017-03-24T08:44:49.089Z", "user": 1, "content_type": 12, "object_id": "22", "object_repr": "admin", "action_flag": 3, "change_message": ""}}, {"model": "admin.logentry", "pk": 71, "fields": {"action_time": "2017-03-24T08:44:49.101Z", "user": 1, "content_type": 12, "object_id": "21", "object_repr": "admin", "action_flag": 3, "change_message": ""}}, {"model": "admin.logentry", "pk": 72, "fields": {"action_time": "2017-03-24T08:44:49.106Z", "user": 1, "content_type": 12, "object_id": "20", "object_repr": "admin", "action_flag": 3, "change_message": ""}}, {"model": "admin.logentry", "pk": 73, "fields": {"action_time": "2017-03-24T08:44:49.110Z", "user": 1, "content_type": 12, "object_id": "19", "object_repr": "admin", "action_flag": 3, "change_message": ""}}, {"model": "admin.logentry", "pk": 74, "fields": {"action_time": "2017-03-24T08:44:49.115Z", "user": 1, "content_type": 12, "object_id": "18", "object_repr": "aleksandr", "action_flag": 3, "change_message": ""}}, {"model": "admin.logentry", "pk": 75, "fields": {"action_time": "2017-03-24T08:44:49.120Z", "user": 1, "content_type": 12, "object_id": "17", "object_repr": "admin", "action_flag": 3, "change_message": ""}}, {"model": "admin.logentry", "pk": 76, "fields": {"action_time": "2017-03-24T08:44:49.128Z", "user": 1, "content_type": 12, "object_id": "16", "object_repr": "admin", "action_flag": 3, "change_message": ""}}, {"model": "admin.logentry", "pk": 77, "fields": {"action_time": "2017-03-24T08:44:49.133Z", "user": 1, "content_type": 12, "object_id": "15", "object_repr": "admin", "action_flag": 3, "change_message": ""}}, {"model": "admin.logentry", "pk": 78, "fields": {"action_time": "2017-03-24T08:44:49.137Z", "user": 1, "content_type": 12, "object_id": "14", "object_repr": "admin", "action_flag": 3, "change_message": ""}}, {"model": "admin.logentry", "pk": 79, "fields": {"action_time": "2017-03-24T08:44:49.143Z", "user": 1, "content_type": 12, "object_id": "13", "object_repr": "admin", "action_flag": 3, "change_message": ""}}, {"model": "admin.logentry", "pk": 80, "fields": {"action_time": "2017-03-24T08:44:49.151Z", "user": 1, "content_type": 12, "object_id": "12", "object_repr": "admin", "action_flag": 3, "change_message": ""}}, {"model": "admin.logentry", "pk": 81, "fields": {"action_time": "2017-03-24T08:44:49.155Z", "user": 1, "content_type": 12, "object_id": "11", "object_repr": "admin", "action_flag": 3, "change_message": ""}}, {"model": "admin.logentry", "pk": 82, "fields": {"action_time": "2017-03-24T08:44:49.160Z", "user": 1, "content_type": 12, "object_id": "10", "object_repr": "admin", "action_flag": 3, "change_message": ""}}, {"model": "admin.logentry", "pk": 83, "fields": {"action_time": "2017-03-24T08:44:49.164Z", "user": 1, "content_type": 12, "object_id": "9", "object_repr": "admin", "action_flag": 3, "change_message": ""}}, {"model": "admin.logentry", "pk": 84, "fields": {"action_time": "2017-03-24T08:44:49.170Z", "user": 1, "content_type": 12, "object_id": "8", "object_repr": "admin", "action_flag": 3, "change_message": ""}}, {"model": "admin.logentry", "pk": 85, "fields": {"action_time": "2017-03-24T08:44:49.174Z", "user": 1, "content_type": 12, "object_id": "7", "object_repr": "admin", "action_flag": 3, "change_message": ""}}, {"model": "admin.logentry", "pk": 86, "fields": {"action_time": "2017-03-24T08:44:49.179Z", "user": 1, "content_type": 12, "object_id": "6", "object_repr": "admin", "action_flag": 3, "change_message": ""}}, {"model": "admin.logentry", "pk": 87, "fields": {"action_time": "2017-03-24T08:44:49.183Z", "user": 1, "content_type": 12, "object_id": "5", "object_repr": "admin", "action_flag": 3, "change_message": ""}}, {"model": "admin.logentry", "pk": 88, "fields": {"action_time": "2017-03-24T08:44:49.188Z", "user": 1, "content_type": 12, "object_id": "4", "object_repr": "admin", "action_flag": 3, "change_message": ""}}, {"model": "admin.logentry", "pk": 89, "fields": {"action_time": "2017-03-24T08:44:49.193Z", "user": 1, "content_type": 12, "object_id": "3", "object_repr": "admin", "action_flag": 3, "change_message": ""}}, {"model": "admin.logentry", "pk": 90, "fields": {"action_time": "2017-03-24T08:44:49.198Z", "user": 1, "content_type": 12, "object_id": "2", "object_repr": "admin", "action_flag": 3, "change_message": ""}}, {"model": "admin.logentry", "pk": 91, "fields": {"action_time": "2017-03-24T08:44:49.203Z", "user": 1, "content_type": 12, "object_id": "1", "object_repr": "admin", "action_flag": 3, "change_message": ""}}, {"model": "admin.logentry", "pk": 92, "fields": {"action_time": "2017-04-01T15:23:55.912Z", "user": 1, "content_type": 11, "object_id": "4", "object_repr": "Some New Tour around the historical center of Kyiv", "action_flag": 2, "change_message": "[{\"changed\": {\"fields\": [\"rating\"]}}]"}}, {"model": "admin.logentry", "pk": 93, "fields": {"action_time": "2017-04-01T15:24:07.319Z", "user": 1, "content_type": 11, "object_id": "3", "object_repr": "Kiev center Walking Free Tour", "action_flag": 2, "change_message": "[{\"changed\": {\"fields\": [\"rating\"]}}]"}}, {"model": "admin.logentry", "pk": 94, "fields": {"action_time": "2017-04-01T15:24:18.071Z", "user": 1, "content_type": 11, "object_id": "1", "object_repr": "Showing Kiev city", "action_flag": 2, "change_message": "[{\"changed\": {\"fields\": [\"rating\"]}}]"}}, {"model": "admin.logentry", "pk": 95, "fields": {"action_time": "2017-04-01T15:24:40.893Z", "user": 1, "content_type": 11, "object_id": "2", "object_repr": "Tour to Podil area", "action_flag": 2, "change_message": "[{\"changed\": {\"fields\": [\"rating\"]}}]"}}, {"model": "admin.logentry", "pk": 96, "fields": {"action_time": "2017-04-01T16:42:29.567Z", "user": 1, "content_type": 15, "object_id": "1", "object_repr": "aleksandr-admin", "action_flag": 1, "change_message": "[{\"added\": {}}]"}}, {"model": "admin.logentry", "pk": 97, "fields": {"action_time": "2017-04-01T17:22:08.203Z", "user": 1, "content_type": null, "object_id": "1", "object_repr": "1: admin", "action_flag": 1, "change_message": "[{\"added\": {}}]"}}, {"model": "admin.logentry", "pk": 98, "fields": {"action_time": "2017-04-01T17:29:34.025Z", "user": 1, "content_type": null, "object_id": "1", "object_repr": "1: admin", "action_flag": 2, "change_message": "[{\"changed\": {\"fields\": [\"message\"]}}]"}}, {"model": "admin.logentry", "pk": 99, "fields": {"action_time": "2017-04-02T02:23:38.707Z", "user": 1, "content_type": 15, "object_id": "2", "object_repr": "guide1-admin", "action_flag": 1, "change_message": "[{\"added\": {}}]"}}, {"model": "admin.logentry", "pk": 100, "fields": {"action_time": "2017-04-02T02:53:54.936Z", "user": 1, "content_type": 15, "object_id": "2", "object_repr": "guide1-admin", "action_flag": 3, "change_message": ""}}, {"model": "admin.logentry", "pk": 101, "fields": {"action_time": "2017-04-02T03:00:58.869Z", "user": 1, "content_type": null, "object_id": "b307d3cf-8cc9-48c4-8f82-f97f3e212e7c", "object_repr": "2017-04-01 16:42:29.520000+00:00: aleksandr", "action_flag": 1, "change_message": "[{\"added\": {}}]"}}, {"model": "admin.logentry", "pk": 102, "fields": {"action_time": "2017-04-02T03:03:17.135Z", "user": 1, "content_type": 31, "object_id": "cc978b63-8599-4f12-a343-d120c87a2731", "object_repr": "2017-04-01 16:42:29.520000+00:00: aleksandr", "action_flag": 1, "change_message": "[{\"added\": {}}]"}}, {"model": "admin.logentry", "pk": 103, "fields": {"action_time": "2017-04-02T03:03:32.903Z", "user": 1, "content_type": 31, "object_id": "58834857-b5e0-4baa-b7f0-7636b6c2a1b1", "object_repr": "2017-04-01 16:42:29.520000+00:00: aleksandr", "action_flag": 1, "change_message": "[{\"added\": {}}]"}}, {"model": "admin.logentry", "pk": 104, "fields": {"action_time": "2017-04-02T03:12:07.602Z", "user": 1, "content_type": 15, "object_id": "1", "object_repr": "admin-aleksandr", "action_flag": 1, "change_message": "[{\"added\": {}}]"}}, {"model": "admin.logentry", "pk": 105, "fields": {"action_time": "2017-04-02T03:12:31.880Z", "user": 1, "content_type": 31, "object_id": "1", "object_repr": "2017-04-02 03:12:07.602000+00:00: aleksandr", "action_flag": 1, "change_message": "[{\"added\": {}}]"}}, {"model": "admin.logentry", "pk": 106, "fields": {"action_time": "2017-04-02T03:12:48.478Z", "user": 1, "content_type": 31, "object_id": "1", "object_repr": "2017-04-02 03:12:07.602000+00:00: aleksandr", "action_flag": 2, "change_message": "[{\"changed\": {\"fields\": [\"message\"]}}]"}}, {"model": "admin.logentry", "pk": 107, "fields": {"action_time": "2017-04-02T10:56:56.441Z", "user": 1, "content_type": 31, "object_id": "2", "object_repr": "2017-04-02 03:12:07.602000+00:00: admin", "action_flag": 1, "change_message": "[{\"added\": {}}]"}}, {"model": "admin.logentry", "pk": 108, "fields": {"action_time": "2017-04-02T11:01:21.799Z", "user": 1, "content_type": 31, "object_id": "2", "object_repr": "2017-04-02 03:12:07.602000+00:00: admin", "action_flag": 2, "change_message": "[{\"changed\": {\"fields\": [\"message\"]}}]"}}, {"model": "admin.logentry", "pk": 109, "fields": {"action_time": "2017-04-02T12:58:40.602Z", "user": 1, "content_type": 15, "object_id": "2", "object_repr": "admin-admin", "action_flag": 3, "change_message": ""}}, {"model": "admin.logentry", "pk": 110, "fields": {"action_time": "2017-04-02T12:59:51.536Z", "user": 1, "content_type": 15, "object_id": "3", "object_repr": "admin-admin", "action_flag": 2, "change_message": "[{\"changed\": {\"fields\": [\"topic\"]}}]"}}, {"model": "admin.logentry", "pk": 111, "fields": {"action_time": "2017-04-03T04:29:14.439Z", "user": 1, "content_type": 3, "object_id": "4", "object_repr": "tester1", "action_flag": 1, "change_message": "[{\"added\": {}}]"}}, {"model": "admin.logentry", "pk": 112, "fields": {"action_time": "2017-04-03T04:29:26.977Z", "user": 1, "content_type": 3, "object_id": "4", "object_repr": "tester1", "action_flag": 2, "change_message": "[{\"changed\": {\"fields\": [\"first_name\"]}}]"}}, {"model": "admin.logentry", "pk": 113, "fields": {"action_time": "2017-04-03T04:29:47.957Z", "user": 1, "content_type": 3, "object_id": "5", "object_repr": "tester2", "action_flag": 1, "change_message": "[{\"added\": {}}]"}}, {"model": "admin.logentry", "pk": 114, "fields": {"action_time": "2017-04-03T04:30:04.064Z", "user": 1, "content_type": 3, "object_id": "5", "object_repr": "tester2", "action_flag": 2, "change_message": "[{\"changed\": {\"fields\": [\"first_name\"]}}]"}}, {"model": "admin.logentry", "pk": 115, "fields": {"action_time": "2017-04-03T04:31:28.105Z", "user": 1, "content_type": null, "object_id": "3", "object_repr": "tester1", "action_flag": 1, "change_message": "[{\"added\": {}}]"}}, {"model": "admin.logentry", "pk": 116, "fields": {"action_time": "2017-04-03T04:32:12.219Z", "user": 1, "content_type": null, "object_id": "4", "object_repr": "tester2", "action_flag": 1, "change_message": "[{\"added\": {}}]"}}, {"model": "admin.logentry", "pk": 117, "fields": {"action_time": "2017-04-08T20:31:23.854Z", "user": 1, "content_type": 3, "object_id": "4", "object_repr": "tester1", "action_flag": 2, "change_message": "[{\"changed\": {\"fields\": [\"password\"]}}]"}}, {"model": "admin.logentry", "pk": 118, "fields": {"action_time": "2017-04-08T21:05:40.177Z", "user": 1, "content_type": 3, "object_id": "4", "object_repr": "tester1", "action_flag": 3, "change_message": ""}}, {"model": "admin.logentry", "pk": 119, "fields": {"action_time": "2017-04-08T21:05:40.189Z", "user": 1, "content_type": 3, "object_id": "5", "object_repr": "tester2", "action_flag": 3, "change_message": ""}}, {"model": "admin.logentry", "pk": 120, "fields": {"action_time": "2017-04-08T21:06:05.105Z", "user": 1, "content_type": 3, "object_id": "6", "object_repr": "enzo", "action_flag": 1, "change_message": "[{\"added\": {}}]"}}, {"model": "admin.logentry", "pk": 121, "fields": {"action_time": "2017-04-08T21:06:33.415Z", "user": 1, "content_type": 3, "object_id": "7", "object_repr": "blaze", "action_flag": 1, "change_message": "[{\"added\": {}}]"}}, {"model": "admin.logentry", "pk": 122, "fields": {"action_time": "2017-04-08T21:06:41.484Z", "user": 1, "content_type": 3, "object_id": "7", "object_repr": "blaze", "action_flag": 2, "change_message": "[]"}}, {"model": "admin.logentry", "pk": 123, "fields": {"action_time": "2017-04-08T21:08:25.930Z", "user": 1, "content_type": null, "object_id": "5", "object_repr": "enzo", "action_flag": 1, "change_message": "[{\"added\": {}}]"}}, {"model": "admin.logentry", "pk": 124, "fields": {"action_time": "2017-04-08T21:11:11.170Z", "user": 1, "content_type": 3, "object_id": "6", "object_repr": "enzo", "action_flag": 2, "change_message": "[{\"changed\": {\"fields\": [\"first_name\", \"last_name\", \"email\"]}}]"}}, {"model": "admin.logentry", "pk": 125, "fields": {"action_time": "2017-04-08T21:17:29.934Z", "user": 1, "content_type": 3, "object_id": "7", "object_repr": "blaze", "action_flag": 2, "change_message": "[{\"changed\": {\"fields\": [\"first_name\", \"last_name\", \"email\"]}}]"}}, {"model": "admin.logentry", "pk": 126, "fields": {"action_time": "2017-04-08T21:20:00.873Z", "user": 1, "content_type": null, "object_id": "6", "object_repr": "blaze", "action_flag": 1, "change_message": "[{\"added\": {}}]"}}, {"model": "admin.logentry", "pk": 127, "fields": {"action_time": "2017-04-08T21:23:53.688Z", "user": 1, "content_type": null, "object_id": "5", "object_repr": "enzo", "action_flag": 2, "change_message": "[{\"changed\": {\"fields\": [\"header_image\"]}}]"}}, {"model": "admin.logentry", "pk": 128, "fields": {"action_time": "2017-04-08T21:27:20.944Z", "user": 1, "content_type": null, "object_id": "5", "object_repr": "enzo", "action_flag": 2, "change_message": "[{\"changed\": {\"fields\": [\"date_of_birth\", \"age\"]}}]"}}, {"model": "admin.logentry", "pk": 129, "fields": {"action_time": "2017-04-08T21:34:36.090Z", "user": 1, "content_type": null, "object_id": "2", "object_repr": "guide1", "action_flag": 2, "change_message": "[{\"changed\": {\"fields\": [\"profile_image\"]}}]"}}, {"model": "admin.logentry", "pk": 130, "fields": {"action_time": "2017-04-08T21:34:53.121Z", "user": 1, "content_type": null, "object_id": "6", "object_repr": "blaze", "action_flag": 3, "change_message": ""}}, {"model": "admin.logentry", "pk": 131, "fields": {"action_time": "2017-04-08T21:34:53.134Z", "user": 1, "content_type": null, "object_id": "5", "object_repr": "enzo", "action_flag": 3, "change_message": ""}}, {"model": "admin.logentry", "pk": 132, "fields": {"action_time": "2017-04-08T21:36:24.964Z", "user": 1, "content_type": 3, "object_id": "2", "object_repr": "aleksandr", "action_flag": 3, "change_message": ""}}, {"model": "admin.logentry", "pk": 133, "fields": {"action_time": "2017-04-08T21:37:16.751Z", "user": 1, "content_type": 15, "object_id": "15", "object_repr": "enzo-admin", "action_flag": 3, "change_message": ""}}, {"model": "admin.logentry", "pk": 134, "fields": {"action_time": "2017-04-08T21:37:16.761Z", "user": 1, "content_type": 15, "object_id": "14", "object_repr": "enzo-enzo", "action_flag": 3, "change_message": ""}}, {"model": "admin.logentry", "pk": 135, "fields": {"action_time": "2017-04-08T21:37:16.767Z", "user": 1, "content_type": 15, "object_id": "12", "object_repr": "admin-enzo", "action_flag": 3, "change_message": ""}}, {"model": "admin.logentry", "pk": 136, "fields": {"action_time": "2017-04-08T21:37:16.774Z", "user": 1, "content_type": 15, "object_id": "11", "object_repr": "admin-blaze", "action_flag": 3, "change_message": ""}}, {"model": "admin.logentry", "pk": 137, "fields": {"action_time": "2017-04-08T21:37:16.781Z", "user": 1, "content_type": 15, "object_id": "6", "object_repr": "admin-admin", "action_flag": 3, "change_message": ""}}, {"model": "admin.logentry", "pk": 138, "fields": {"action_time": "2017-04-08T21:38:14.680Z", "user": 1, "content_type": null, "object_id": "7", "object_repr": "blaze", "action_flag": 1, "change_message": "[{\"added\": {}}]"}}, {"model": "admin.logentry", "pk": 139, "fields": {"action_time": "2017-04-08T21:38:28.185Z", "user": 1, "content_type": null, "object_id": "8", "object_repr": "enzo", "action_flag": 1, "change_message": "[{\"added\": {}}]"}}, {"model": "admin.logentry", "pk": 140, "fields": {"action_time": "2017-04-11T17:42:24.171Z", "user": 1, "content_type": 3, "object_id": "7", "object_repr": "blaze", "action_flag": 2, "change_message": "[{\"changed\": {\"fields\": [\"password\"]}}]"}}, {"model": "admin.logentry", "pk": 141, "fields": {"action_time": "2017-04-11T17:47:16.866Z", "user": 1, "content_type": 3, "object_id": "6", "object_repr": "enzo", "action_flag": 2, "change_message": "[{\"changed\": {\"fields\": [\"password\"]}}]"}}, {"model": "admin.logentry", "pk": 142, "fields": {"action_time": "2017-04-22T09:11:09.819Z", "user": 1, "content_type": null, "object_id": "1", "object_repr": "admin", "action_flag": 3, "change_message": ""}}, {"model": "admin.logentry", "pk": 143, "fields": {"action_time": "2017-04-22T18:00:24.801Z", "user": 1, "content_type": 3, "object_id": "7", "object_repr": "blaze", "action_flag": 2, "change_message": "[{\"changed\": {\"fields\": [\"password\"]}}]"}}, {"model": "admin.logentry", "pk": 144, "fields": {"action_time": "2017-04-30T16:24:14.815Z", "user": 1, "content_type": 24, "object_id": "6", "object_repr": "Showing Kiev city", "action_flag": 3, "change_message": ""}}, {"model": "admin.logentry", "pk": 145, "fields": {"action_time": "2017-04-30T19:47:11.547Z", "user": 1, "content_type": 24, "object_id": "4", "object_repr": "Showing Kiev city", "action_flag": 2, "change_message": "[{\"changed\": {\"fields\": [\"is_active\"]}}]"}}, {"model": "admin.logentry", "pk": 146, "fields": {"action_time": "2017-04-30T19:47:19.462Z", "user": 1, "content_type": 24, "object_id": "2", "object_repr": "Showing Kiev city", "action_flag": 2, "change_message": "[{\"changed\": {\"fields\": [\"is_active\"]}}]"}}, {"model": "admin.logentry", "pk": 147, "fields": {"action_time": "2017-04-30T19:47:29.524Z", "user": 1, "content_type": 24, "object_id": "1", "object_repr": "Showing Kiev city", "action_flag": 2, "change_message": "[{\"changed\": {\"fields\": [\"is_active\"]}}]"}}, {"model": "admin.logentry", "pk": 148, "fields": {"action_time": "2017-04-30T20:04:07.402Z", "user": 1, "content_type": 11, "object_id": "5", "object_repr": "Test", "action_flag": 3, "change_message": ""}}, {"model": "admin.logentry", "pk": 149, "fields": {"action_time": "2017-05-01T12:33:39.937Z", "user": 1, "content_type": 11, "object_id": "7", "object_repr": "", "action_flag": 3, "change_message": ""}}, {"model": "admin.logentry", "pk": 150, "fields": {"action_time": "2017-05-01T13:13:12.664Z", "user": 1, "content_type": null, "object_id": "2", "object_repr": "guide1", "action_flag": 2, "change_message": "[{\"changed\": {\"fields\": [\"profile_image\"]}}]"}}, {"model": "admin.logentry", "pk": 151, "fields": {"action_time": "2017-05-01T13:14:32.783Z", "user": 1, "content_type": null, "object_id": "2", "object_repr": "guide1", "action_flag": 2, "change_message": "[{\"changed\": {\"fields\": [\"profile_image\"]}}]"}}, {"model": "admin.logentry", "pk": 152, "fields": {"action_time": "2017-05-01T13:16:49.936Z", "user": 1, "content_type": null, "object_id": "2", "object_repr": "guide1", "action_flag": 2, "change_message": "[{\"changed\": {\"fields\": [\"profile_image\"]}}]"}}, {"model": "admin.logentry", "pk": 153, "fields": {"action_time": "2017-05-01T13:17:00.013Z", "user": 1, "content_type": null, "object_id": "2", "object_repr": "guide1", "action_flag": 2, "change_message": "[{\"changed\": {\"fields\": [\"profile_image\"]}}]"}}, {"model": "admin.logentry", "pk": 154, "fields": {"action_time": "2017-05-01T13:17:38.301Z", "user": 1, "content_type": null, "object_id": "9", "object_repr": "aleksandr", "action_flag": 1, "change_message": "[{\"added\": {}}]"}}, {"model": "admin.logentry", "pk": 155, "fields": {"action_time": "2017-05-01T13:18:57.010Z", "user": 1, "content_type": null, "object_id": "9", "object_repr": "aleksandr", "action_flag": 3, "change_message": ""}}, {"model": "admin.logentry", "pk": 156, "fields": {"action_time": "2017-05-01T13:19:08.771Z", "user": 1, "content_type": null, "object_id": "10", "object_repr": "aleksandr", "action_flag": 1, "change_message": "[{\"added\": {}}]"}}, {"model": "admin.logentry", "pk": 157, "fields": {"action_time": "2017-05-01T13:23:07.315Z", "user": 1, "content_type": null, "object_id": "2", "object_repr": "guide1", "action_flag": 2, "change_message": "[{\"changed\": {\"fields\": [\"profile_image\"]}}]"}}, {"model": "admin.logentry", "pk": 158, "fields": {"action_time": "2017-05-01T13:23:17.254Z", "user": 1, "content_type": null, "object_id": "2", "object_repr": "guide1", "action_flag": 2, "change_message": "[{\"changed\": {\"fields\": [\"profile_image\"]}}]"}}, {"model": "admin.logentry", "pk": 159, "fields": {"action_time": "2017-05-01T13:23:21.381Z", "user": 1, "content_type": null, "object_id": "2", "object_repr": "guide1", "action_flag": 2, "change_message": "[{\"changed\": {\"fields\": [\"profile_image\"]}}]"}}, {"model": "admin.logentry", "pk": 160, "fields": {"action_time": "2017-05-01T13:24:34.287Z", "user": 1, "content_type": null, "object_id": "2", "object_repr": "guide1", "action_flag": 2, "change_message": "[{\"changed\": {\"fields\": [\"profile_image\"]}}]"}}, {"model": "admin.logentry", "pk": 161, "fields": {"action_time": "2017-05-02T20:46:36.441Z", "user": 1, "content_type": 24, "object_id": "39", "object_repr": "Some New Tour around the historical center of Kyiv", "action_flag": 2, "change_message": "[{\"changed\": {\"fields\": [\"is_main\"]}}]"}}, {"model": "admin.logentry", "pk": 162, "fields": {"action_time": "2017-05-03T19:16:42.071Z", "user": 1, "content_type": 32, "object_id": "3", "object_repr": "f", "action_flag": 3, "change_message": ""}}, {"model": "admin.logentry", "pk": 163, "fields": {"action_time": "2017-05-03T19:16:42.077Z", "user": 1, "content_type": 32, "object_id": "2", "object_repr": "s", "action_flag": 3, "change_message": ""}}, {"model": "admin.logentry", "pk": 164, "fields": {"action_time": "2017-05-03T19:16:42.082Z", "user": 1, "content_type": 32, "object_id": "1", "object_repr": "d", "action_flag": 3, "change_message": ""}}, {"model": "admin.logentry", "pk": 165, "fields": {"action_time": "2017-05-03T20:26:15.419Z", "user": 1, "content_type": 32, "object_id": "12", "object_repr": "26", "action_flag": 3, "change_message": ""}}, {"model": "admin.logentry", "pk": 166, "fields": {"action_time": "2017-05-03T20:26:15.423Z", "user": 1, "content_type": 32, "object_id": "11", "object_repr": "21", "action_flag": 3, "change_message": ""}}, {"model": "admin.logentry", "pk": 167, "fields": {"action_time": "2017-05-03T20:26:15.428Z", "user": 1, "content_type": 32, "object_id": "10", "object_repr": "googling", "action_flag": 3, "change_message": ""}}, {"model": "admin.logentry", "pk": 168, "fields": {"action_time": "2017-05-03T20:26:15.432Z", "user": 1, "content_type": 32, "object_id": "9", "object_repr": "15", "action_flag": 3, "change_message": ""}}, {"model": "admin.logentry", "pk": 169, "fields": {"action_time": "2017-05-03T20:26:15.436Z", "user": 1, "content_type": 32, "object_id": "8", "object_repr": "13", "action_flag": 3, "change_message": ""}}, {"model": "admin.logentry", "pk": 170, "fields": {"action_time": "2017-05-03T20:26:15.441Z", "user": 1, "content_type": 32, "object_id": "7", "object_repr": "9", "action_flag": 3, "change_message": ""}}, {"model": "admin.logentry", "pk": 171, "fields": {"action_time": "2017-05-03T20:26:15.444Z", "user": 1, "content_type": 32, "object_id": "6", "object_repr": "travelling", "action_flag": 3, "change_message": ""}}, {"model": "admin.logentry", "pk": 172, "fields": {"action_time": "2017-05-03T20:26:15.448Z", "user": 1, "content_type": 32, "object_id": "4", "object_repr": "football", "action_flag": 3, "change_message": ""}}, {"model": "admin.logentry", "pk": 173, "fields": {"action_time": "2017-05-04T09:50:20.094Z", "user": 1, "content_type": null, "object_id": "1", "object_repr": "car", "action_flag": 1, "change_message": "[{\"added\": {}}]"}}, {"model": "admin.logentry", "pk": 174, "fields": {"action_time": "2017-05-04T09:50:29.286Z", "user": 1, "content_type": null, "object_id": "2", "object_repr": "Making pictures", "action_flag": 1, "change_message": "[{\"added\": {}}]"}}, {"model": "admin.logentry", "pk": 175, "fields": {"action_time": "2017-05-04T09:50:35.793Z", "user": 1, "content_type": null, "object_id": "1", "object_repr": "Car", "action_flag": 2, "change_message": "[{\"changed\": {\"fields\": [\"name\"]}}]"}}, {"model": "admin.logentry", "pk": 176, "fields": {"action_time": "2017-05-04T10:01:18.964Z", "user": 1, "content_type": null, "object_id": "1", "object_repr": "Making pictures", "action_flag": 1, "change_message": "[{\"added\": {}}]"}}, {"model": "admin.logentry", "pk": 177, "fields": {"action_time": "2017-05-04T10:01:45.280Z", "user": 1, "content_type": null, "object_id": "1", "object_repr": "Making pictures", "action_flag": 2, "change_message": "[{\"changed\": {\"fields\": [\"guide\"]}}]"}}, {"model": "admin.logentry", "pk": 178, "fields": {"action_time": "2017-05-04T10:36:54.253Z", "user": 1, "content_type": null, "object_id": "1", "object_repr": "Personal car", "action_flag": 2, "change_message": "[{\"changed\": {\"fields\": [\"name\"]}}]"}}, {"model": "admin.logentry", "pk": 179, "fields": {"action_time": "2017-05-04T10:37:42.606Z", "user": 1, "content_type": null, "object_id": "1", "object_repr": "Personal car", "action_flag": 2, "change_message": "[]"}}, {"model": "admin.logentry", "pk": 180, "fields": {"action_time": "2017-05-04T10:45:18.772Z", "user": 1, "content_type": 7, "object_id": "2", "object_repr": "London", "action_flag": 2, "change_message": "[{\"changed\": {\"fields\": [\"image\"]}}]"}}, {"model": "admin.logentry", "pk": 181, "fields": {"action_time": "2017-05-04T10:47:29.770Z", "user": 1, "content_type": 11, "object_id": "3", "object_repr": "London center Walking Free Tour", "action_flag": 2, "change_message": "[{\"changed\": {\"fields\": [\"name\", \"city\"]}}]"}}, {"model": "admin.logentry", "pk": 182, "fields": {"action_time": "2017-05-04T10:48:00.625Z", "user": 1, "content_type": 11, "object_id": "2", "object_repr": "Tour to Old Town area", "action_flag": 2, "change_message": "[{\"changed\": {\"fields\": [\"name\", \"city\"]}}]"}}, {"model": "admin.logentry", "pk": 183, "fields": {"action_time": "2017-05-06T10:20:21.813Z", "user": 1, "content_type": 34, "object_id": "1", "object_repr": "admin", "action_flag": 1, "change_message": "[{\"added\": {}}]"}}, {"model": "admin.logentry", "pk": 184, "fields": {"action_time": "2017-05-06T10:21:02.868Z", "user": 1, "content_type": 11, "object_id": "10", "object_repr": "10", "action_flag": 1, "change_message": "[{\"added\": {}}]"}}, {"model": "admin.logentry", "pk": 185, "fields": {"action_time": "2017-05-06T10:21:41.251Z", "user": 1, "content_type": 11, "object_id": "10", "object_repr": "10", "action_flag": 2, "change_message": "[{\"changed\": {\"fields\": [\"city\"]}}]"}}, {"model": "admin.logentry", "pk": 186, "fields": {"action_time": "2017-05-06T18:59:42.590Z", "user": 1, "content_type": 34, "object_id": "1", "object_repr": "admin", "action_flag": 2, "change_message": "[]"}}, {"model": "admin.logentry", "pk": 187, "fields": {"action_time": "2017-05-07T21:04:24.624Z", "user": 1, "content_type": 15, "object_id": "22", "object_repr": "admin-admin", "action_flag": 3, "change_message": ""}}, {"model": "admin.logentry", "pk": 188, "fields": {"action_time": "2017-05-07T21:04:24.671Z", "user": 1, "content_type": 15, "object_id": "21", "object_repr": "enzo-blaze", "action_flag": 3, "change_message": ""}}, {"model": "admin.logentry", "pk": 189, "fields": {"action_time": "2017-05-07T21:04:24.675Z", "user": 1, "content_type": 15, "object_id": "20", "object_repr": "aleksandr-blaze", "action_flag": 3, "change_message": ""}}, {"model": "admin.logentry", "pk": 190, "fields": {"action_time": "2017-05-07T21:04:24.679Z", "user": 1, "content_type": 15, "object_id": "19", "object_repr": "blaze-enzo", "action_flag": 3, "change_message": ""}}, {"model": "admin.logentry", "pk": 191, "fields": {"action_time": "2017-05-07T21:04:24.683Z", "user": 1, "content_type": 15, "object_id": "18", "object_repr": "admin-blaze", "action_flag": 3, "change_message": ""}}, {"model": "admin.logentry", "pk": 192, "fields": {"action_time": "2017-05-07T21:04:24.688Z", "user": 1, "content_type": 15, "object_id": "17", "object_repr": "admin-blaze", "action_flag": 3, "change_message": ""}}, {"model": "admin.logentry", "pk": 193, "fields": {"action_time": "2017-05-07T21:04:24.695Z", "user": 1, "content_type": 15, "object_id": "5", "object_repr": "guide1-admin", "action_flag": 3, "change_message": ""}}, {"model": "admin.logentry", "pk": 194, "fields": {"action_time": "2017-05-07T21:04:24.699Z", "user": 1, "content_type": 15, "object_id": "3", "object_repr": "admin-admin", "action_flag": 3, "change_message": ""}}, {"model": "admin.logentry", "pk": 195, "fields": {"action_time": "2017-05-07T21:04:47.841Z", "user": 1, "content_type": 15, "object_id": "23", "object_repr": "admin-admin", "action_flag": 1, "change_message": "[{\"added\": {}}]"}}, {"model": "admin.logentry", "pk": 196, "fields": {"action_time": "2017-05-07T22:22:24.356Z", "user": 1, "content_type": 3, "object_id": "9", "object_repr": "test1", "action_flag": 1, "change_message": "[{\"added\": {}}]"}}, {"model": "admin.logentry", "pk": 197, "fields": {"action_time": "2017-05-13T21:35:53.364Z", "user": 1, "content_type": 39, "object_id": "1", "object_repr": "Native", "action_flag": 1, "change_message": "[{\"added\": {}}]"}}, {"model": "admin.logentry", "pk": 198, "fields": {"action_time": "2017-05-13T21:36:05.841Z", "user": 1, "content_type": 39, "object_id": "2", "object_repr": "Advanced", "action_flag": 1, "change_message": "[{\"added\": {}}]"}}, {"model": "admin.logentry", "pk": 199, "fields": {"action_time": "2017-05-13T21:36:15.083Z", "user": 1, "content_type": 39, "object_id": "3", "object_repr": "Intermediate", "action_flag": 1, "change_message": "[{\"added\": {}}]"}}, {"model": "admin.logentry", "pk": 200, "fields": {"action_time": "2017-05-13T21:36:20.660Z", "user": 1, "content_type": 39, "object_id": "4", "object_repr": "Beginner", "action_flag": 1, "change_message": "[{\"added\": {}}]"}}, {"model": "admin.logentry", "pk": 201, "fields": {"action_time": "2017-05-13T21:38:00.784Z", "user": 1, "content_type": 40, "object_id": "1", "object_repr": "uk", "action_flag": 1, "change_message": "[{\"added\": {}}]"}}, {"model": "admin.logentry", "pk": 202, "fields": {"action_time": "2017-05-13T21:38:35.613Z", "user": 1, "content_type": 40, "object_id": "1", "object_repr": "uk", "action_flag": 2, "change_message": "[{\"changed\": {\"fields\": [\"level\"]}}]"}}, {"model": "admin.logentry", "pk": 203, "fields": {"action_time": "2017-05-13T23:30:34.304Z", "user": 1, "content_type": 40, "object_id": "1", "object_repr": "uk", "action_flag": 2, "change_message": "[]"}}, {"model": "admin.logentry", "pk": 204, "fields": {"action_time": "2017-05-13T23:53:48.857Z", "user": 1, "content_type": 40, "object_id": "3", "object_repr": "english", "action_flag": 3, "change_message": ""}}, {"model": "admin.logentry", "pk": 205, "fields": {"action_time": "2017-05-13T23:53:48.863Z", "user": 1, "content_type": 40, "object_id": "2", "object_repr": "ukrainian", "action_flag": 3, "change_message": ""}}, {"model": "admin.logentry", "pk": 206, "fields": {"action_time": "2017-05-13T23:53:48.876Z", "user": 1, "content_type": 40, "object_id": "1", "object_repr": "uk", "action_flag": 3, "change_message": ""}}, {"model": "admin.logentry", "pk": 207, "fields": {"action_time": "2017-05-14T10:42:15.974Z", "user": 1, "content_type": 36, "object_id": "1", "object_repr": "Making pictures", "action_flag": 1, "change_message": "[{\"added\": {}}]"}}, {"model": "admin.logentry", "pk": 208, "fields": {"action_time": "2017-05-14T10:43:44.516Z", "user": 1, "content_type": 36, "object_id": "1", "object_repr": "Making pictures", "action_flag": 2, "change_message": "[]"}}, {"model": "admin.logentry", "pk": 209, "fields": {"action_time": "2017-05-14T13:07:01.142Z", "user": 1, "content_type": 3, "object_id": "10", "object_repr": "user", "action_flag": 3, "change_message": ""}}, {"model": "admin.logentry", "pk": 210, "fields": {"action_time": "2017-05-14T13:07:49.155Z", "user": 1, "content_type": 3, "object_id": "3", "object_repr": "guide1", "action_flag": 3, "change_message": ""}}, {"model": "admin.logentry", "pk": 211, "fields": {"action_time": "2017-05-14T18:14:41.916Z", "user": 1, "content_type": 3, "object_id": "8", "object_repr": "aleksandr", "action_flag": 3, "change_message": ""}}, {"model": "admin.logentry", "pk": 212, "fields": {"action_time": "2017-05-14T18:40:02.255Z", "user": 1, "content_type": 3, "object_id": "12", "object_repr": "aleksandr", "action_flag": 3, "change_message": ""}}, {"model": "admin.logentry", "pk": 213, "fields": {"action_time": "2017-05-14T18:44:41.952Z", "user": 1, "content_type": 3, "object_id": "1", "object_repr": "admin", "action_flag": 2, "change_message": "[]"}}, {"model": "admin.logentry", "pk": 214, "fields": {"action_time": "2017-05-14T18:44:50.854Z", "user": 1, "content_type": 3, "object_id": "1", "object_repr": "admin", "action_flag": 2, "change_message": "[]"}}, {"model": "admin.logentry", "pk": 215, "fields": {"action_time": "2017-05-14T18:45:58.245Z", "user": 1, "content_type": 3, "object_id": "1", "object_repr": "admin", "action_flag": 2, "change_message": "[]"}}, {"model": "admin.logentry", "pk": 216, "fields": {"action_time": "2017-05-14T18:49:50.362Z", "user": 1, "content_type": 3, "object_id": "1", "object_repr": "admin", "action_flag": 2, "change_message": "[]"}}, {"model": "admin.logentry", "pk": 217, "fields": {"action_time": "2017-05-14T18:51:37.739Z", "user": 1, "content_type": 3, "object_id": "1", "object_repr": "admin", "action_flag": 2, "change_message": "[{\"changed\": {\"fields\": [\"email\"]}}]"}}, {"model": "admin.logentry", "pk": 218, "fields": {"action_time": "2017-05-14T18:54:17.202Z", "user": 1, "content_type": 3, "object_id": "13", "object_repr": "aleksandr", "action_flag": 3, "change_message": ""}}, {"model": "admin.logentry", "pk": 219, "fields": {"action_time": "2017-05-14T18:56:34.573Z", "user": 1, "content_type": 3, "object_id": "14", "object_repr": "aleksandr", "action_flag": 3, "change_message": ""}}, {"model": "admin.logentry", "pk": 220, "fields": {"action_time": "2017-05-14T18:57:04.163Z", "user": 1, "content_type": 27, "object_id": "6", "object_repr": "aleks.terentyev@gmail.com (admin)", "action_flag": 1, "change_message": "[{\"added\": {}}]"}}, {"model": "admin.logentry", "pk": 221, "fields": {"action_time": "2017-05-14T19:02:32.160Z", "user": 1, "content_type": 3, "object_id": "15", "object_repr": "aleksandr", "action_flag": 3, "change_message": ""}}, {"model": "admin.logentry", "pk": 222, "fields": {"action_time": "2017-05-14T19:02:48.668Z", "user": 1, "content_type": 27, "object_id": "6", "object_repr": "aleks.terentyev@gmail.com (admin)", "action_flag": 3, "change_message": ""}}, {"model": "admin.logentry", "pk": 223, "fields": {"action_time": "2017-05-14T19:03:37.894Z", "user": 1, "content_type": 3, "object_id": "16", "object_repr": "aleksandr", "action_flag": 3, "change_message": ""}}, {"model": "admin.logentry", "pk": 224, "fields": {"action_time": "2017-05-14T21:12:11.064Z", "user": 1, "content_type": 12, "object_id": "29", "object_repr": "29", "action_flag": 3, "change_message": ""}}, {"model": "admin.logentry", "pk": 225, "fields": {"action_time": "2017-05-14T21:12:11.071Z", "user": 1, "content_type": 12, "object_id": "28", "object_repr": "28", "action_flag": 3, "change_message": ""}}, {"model": "admin.logentry", "pk": 226, "fields": {"action_time": "2017-05-14T21:12:11.076Z", "user": 1, "content_type": 12, "object_id": "27", "object_repr": "27", "action_flag": 3, "change_message": ""}}, {"model": "admin.logentry", "pk": 227, "fields": {"action_time": "2017-05-14T21:12:11.082Z", "user": 1, "content_type": 12, "object_id": "26", "object_repr": "26", "action_flag": 3, "change_message": ""}}, {"model": "admin.logentry", "pk": 228, "fields": {"action_time": "2017-05-14T21:12:11.087Z", "user": 1, "content_type": 12, "object_id": "39", "object_repr": "admin", "action_flag": 3, "change_message": ""}}, {"model": "admin.logentry", "pk": 229, "fields": {"action_time": "2017-05-14T21:12:11.094Z", "user": 1, "content_type": 12, "object_id": "38", "object_repr": "admin", "action_flag": 3, "change_message": ""}}, {"model": "admin.logentry", "pk": 230, "fields": {"action_time": "2017-05-14T21:12:11.099Z", "user": 1, "content_type": 12, "object_id": "37", "object_repr": "admin", "action_flag": 3, "change_message": ""}}, {"model": "admin.logentry", "pk": 231, "fields": {"action_time": "2017-05-14T21:12:11.104Z", "user": 1, "content_type": 12, "object_id": "36", "object_repr": "admin", "action_flag": 3, "change_message": ""}}, {"model": "admin.logentry", "pk": 232, "fields": {"action_time": "2017-05-14T21:12:11.108Z", "user": 1, "content_type": 12, "object_id": "35", "object_repr": "admin", "action_flag": 3, "change_message": ""}}, {"model": "admin.logentry", "pk": 233, "fields": {"action_time": "2017-05-14T21:12:11.112Z", "user": 1, "content_type": 12, "object_id": "34", "object_repr": "admin", "action_flag": 3, "change_message": ""}}, {"model": "admin.logentry", "pk": 234, "fields": {"action_time": "2017-05-14T21:12:11.117Z", "user": 1, "content_type": 12, "object_id": "33", "object_repr": "admin", "action_flag": 3, "change_message": ""}}, {"model": "admin.logentry", "pk": 235, "fields": {"action_time": "2017-05-14T21:12:11.121Z", "user": 1, "content_type": 12, "object_id": "32", "object_repr": "admin", "action_flag": 3, "change_message": ""}}, {"model": "admin.logentry", "pk": 236, "fields": {"action_time": "2017-05-14T21:12:11.125Z", "user": 1, "content_type": 12, "object_id": "31", "object_repr": "admin", "action_flag": 3, "change_message": ""}}, {"model": "admin.logentry", "pk": 237, "fields": {"action_time": "2017-05-14T21:12:11.130Z", "user": 1, "content_type": 12, "object_id": "30", "object_repr": "admin", "action_flag": 3, "change_message": ""}}, {"model": "admin.logentry", "pk": 238, "fields": {"action_time": "2017-05-14T21:14:03.120Z", "user": 1, "content_type": 34, "object_id": "1", "object_repr": "admin", "action_flag": 2, "change_message": "[{\"changed\": {\"fields\": [\"rate\", \"rating\"]}}]"}}, {"model": "admin.logentry", "pk": 239, "fields": {"action_time": "2017-05-14T21:30:50.415Z", "user": 1, "content_type": 12, "object_id": "40", "object_repr": "admin", "action_flag": 3, "change_message": ""}}, {"model": "admin.logentry", "pk": 240, "fields": {"action_time": "2017-05-22T15:27:07.840Z", "user": 1, "content_type": 14, "object_id": "3", "object_repr": "cancelled by tourist", "action_flag": 2, "change_message": "[{\"changed\": {\"fields\": [\"name\"]}}]"}}, {"model": "admin.logentry", "pk": 241, "fields": {"action_time": "2017-05-22T15:27:15.322Z", "user": 1, "content_type": 14, "object_id": "6", "object_repr": "cancelled by guide", "action_flag": 1, "change_message": "[{\"added\": {}}]"}}, {"model": "admin.logentry", "pk": 242, "fields": {"action_time": "2017-05-22T18:33:55.358Z", "user": 1, "content_type": 36, "object_id": "2", "object_repr": "Personal driver", "action_flag": 1, "change_message": "[{\"added\": {}}]"}}, {"model": "admin.logentry", "pk": 243, "fields": {"action_time": "2017-05-22T18:34:25.773Z", "user": 1, "content_type": 36, "object_id": "3", "object_repr": "ADA tours", "action_flag": 1, "change_message": "[{\"added\": {}}]"}}, {"model": "admin.logentry", "pk": 244, "fields": {"action_time": "2017-05-22T18:34:41.205Z", "user": 1, "content_type": 36, "object_id": "4", "object_repr": "ASL (American sign language)", "action_flag": 1, "change_message": "[{\"added\": {}}]"}}, {"model": "admin.logentry", "pk": 245, "fields": {"action_time": "2017-05-22T18:34:51.909Z", "user": 1, "content_type": 36, "object_id": "3", "object_repr": "ADA tours (tours for the disabled)", "action_flag": 2, "change_message": "[{\"changed\": {\"fields\": [\"name\"]}}]"}}, {"model": "admin.logentry", "pk": 246, "fields": {"action_time": "2017-05-22T18:35:02.296Z", "user": 1, "content_type": 36, "object_id": "5", "object_repr": "General city info", "action_flag": 1, "change_message": "[{\"added\": {}}]"}}, {"model": "admin.logentry", "pk": 247, "fields": {"action_time": "2017-05-22T18:35:14.586Z", "user": 1, "content_type": 36, "object_id": "6", "object_repr": "LGBTQ friendly", "action_flag": 1, "change_message": "[{\"added\": {}}]"}}, {"model": "admin.logentry", "pk": 248, "fields": {"action_time": "2017-05-22T20:12:38.383Z", "user": 1, "content_type": 3, "object_id": "1", "object_repr": "admin", "action_flag": 2, "change_message": "[{\"changed\": {\"fields\": [\"email\"]}}]"}}, {"model": "admin.logentry", "pk": 249, "fields": {"action_time": "2017-05-22T20:13:04.890Z", "user": 1, "content_type": 29, "object_id": "8", "object_repr": "admin", "action_flag": 3, "change_message": ""}}, {"model": "admin.logentry", "pk": 250, "fields": {"action_time": "2017-05-22T21:33:03.042Z", "user": 1, "content_type": 41, "object_id": "1", "object_repr": "TOS", "action_flag": 1, "change_message": "[{\"added\": {}}]"}}, {"model": "admin.logentry", "pk": 251, "fields": {"action_time": "2017-05-22T21:33:38.049Z", "user": 1, "content_type": 41, "object_id": "2", "object_repr": "About", "action_flag": 1, "change_message": "[{\"added\": {}}]"}}, {"model": "admin.logentry", "pk": 252, "fields": {"action_time": "2017-05-22T21:34:06.330Z", "user": 1, "content_type": 41, "object_id": "3", "object_repr": "Privacy policy", "action_flag": 1, "change_message": "[{\"added\": {}}]"}}, {"model": "admin.logentry", "pk": 253, "fields": {"action_time": "2017-05-22T23:29:01.657Z", "user": 1, "content_type": 41, "object_id": "3", "object_repr": "Privacy policy", "action_flag": 2, "change_message": "[{\"changed\": {\"fields\": [\"text\"]}}]"}}, {"model": "admin.logentry", "pk": 254, "fields": {"action_time": "2017-05-24T21:07:45.927Z", "user": 1, "content_type": 34, "object_id": "4", "object_repr": "aleksandr", "action_flag": 2, "change_message": "[{\"changed\": {\"fields\": [\"city\"]}}]"}}, {"model": "admin.logentry", "pk": 255, "fields": {"action_time": "2017-05-25T04:28:01.787Z", "user": 1, "content_type": 41, "object_id": "1", "object_repr": "TOS", "action_flag": 2, "change_message": "[{\"changed\": {\"fields\": [\"text\"]}}]"}}, {"model": "admin.logentry", "pk": 256, "fields": {"action_time": "2017-05-25T04:28:16.372Z", "user": 1, "content_type": 41, "object_id": "3", "object_repr": "Privacy policy", "action_flag": 2, "change_message": "[{\"changed\": {\"fields\": [\"text\"]}}]"}}, {"model": "admin.logentry", "pk": 257, "fields": {"action_time": "2017-05-26T17:37:30.636Z", "user": 1, "content_type": 45, "object_id": "1", "object_repr": "EmailMessageType object", "action_flag": 1, "change_message": "[{\"added\": {}}]"}}, {"model": "admin.logentry", "pk": 258, "fields": {"action_time": "2017-05-26T17:37:39.708Z", "user": 1, "content_type": 45, "object_id": "2", "object_repr": "EmailMessageType object", "action_flag": 1, "change_message": "[{\"added\": {}}]"}}, {"model": "admin.logentry", "pk": 259, "fields": {"action_time": "2017-05-26T17:37:41.415Z", "user": 1, "content_type": 44, "object_id": "2", "object_repr": "Aleks.Terentyev+client2103@gmail.com", "action_flag": 1, "change_message": "[{\"added\": {}}]"}}, {"model": "admin.logentry", "pk": 260, "fields": {"action_time": "2017-05-27T13:48:46.907Z", "user": 1, "content_type": 46, "object_id": "6", "object_repr": "TouristTravelPhoto object", "action_flag": 3, "change_message": ""}}, {"model": "admin.logentry", "pk": 261, "fields": {"action_time": "2017-05-27T13:48:46.912Z", "user": 1, "content_type": 46, "object_id": "5", "object_repr": "TouristTravelPhoto object", "action_flag": 3, "change_message": ""}}, {"model": "admin.logentry", "pk": 262, "fields": {"action_time": "2017-05-27T13:48:46.916Z", "user": 1, "content_type": 46, "object_id": "4", "object_repr": "TouristTravelPhoto object", "action_flag": 3, "change_message": ""}}, {"model": "admin.logentry", "pk": 263, "fields": {"action_time": "2017-05-27T13:48:46.946Z", "user": 1, "content_type": 46, "object_id": "3", "object_repr": "TouristTravelPhoto object", "action_flag": 3, "change_message": ""}}, {"model": "admin.logentry", "pk": 264, "fields": {"action_time": "2017-05-27T13:48:46.951Z", "user": 1, "content_type": 46, "object_id": "2", "object_repr": "TouristTravelPhoto object", "action_flag": 3, "change_message": ""}}, {"model": "admin.logentry", "pk": 265, "fields": {"action_time": "2017-05-27T13:48:46.955Z", "user": 1, "content_type": 46, "object_id": "1", "object_repr": "TouristTravelPhoto object", "action_flag": 3, "change_message": ""}}, {"model": "admin.logentry", "pk": 266, "fields": {"action_time": "2017-05-27T22:42:40.254Z", "user": 1, "content_type": 14, "object_id": "7", "object_repr": "OrderStatus object", "action_flag": 1, "change_message": "[{\"added\": {}}]"}}, {"model": "admin.logentry", "pk": 267, "fields": {"action_time": "2017-05-27T22:42:49.401Z", "user": 1, "content_type": 14, "object_id": "7", "object_repr": "OrderStatus object", "action_flag": 2, "change_message": "[{\"changed\": {\"fields\": [\"name\"]}}]"}}, {"model": "admin.logentry", "pk": 268, "fields": {"action_time": "2017-05-27T23:05:45.177Z", "user": 1, "content_type": 14, "object_id": "7", "object_repr": "OrderStatus object", "action_flag": 3, "change_message": ""}}, {"model": "admin.logentry", "pk": 269, "fields": {"action_time": "2017-05-27T23:05:53.795Z", "user": 1, "content_type": 14, "object_id": "5", "object_repr": "OrderStatus object", "action_flag": 2, "change_message": "[{\"changed\": {\"fields\": [\"name\"]}}]"}}, {"model": "admin.logentry", "pk": 270, "fields": {"action_time": "2017-05-27T23:24:31.739Z", "user": 1, "content_type": 12, "object_id": "42", "object_repr": "Order object", "action_flag": 2, "change_message": "[{\"changed\": {\"fields\": [\"status\", \"tour\"]}}]"}}, {"model": "admin.logentry", "pk": 271, "fields": {"action_time": "2017-05-28T16:41:43.628Z", "user": 1, "content_type": 38, "object_id": "1", "object_repr": "Review object", "action_flag": 2, "change_message": "[{\"changed\": {\"fields\": [\"name\"]}}]"}}, {"model": "admin.logentry", "pk": 272, "fields": {"action_time": "2017-05-28T16:53:07.192Z", "user": 1, "content_type": 38, "object_id": "1", "object_repr": "Review object", "action_flag": 3, "change_message": ""}}, {"model": "admin.logentry", "pk": 273, "fields": {"action_time": "2017-05-28T17:21:43.513Z", "user": 1, "content_type": 38, "object_id": "2", "object_repr": "Review object", "action_flag": 3, "change_message": ""}}, {"model": "admin.logentry", "pk": 274, "fields": {"action_time": "2017-05-28T17:47:38.369Z", "user": 1, "content_type": 38, "object_id": "1", "object_repr": "Review object", "action_flag": 3, "change_message": ""}}, {"model": "admin.logentry", "pk": 275, "fields": {"action_time": "2017-05-28T17:48:33.218Z", "user": 1, "content_type": 38, "object_id": "2", "object_repr": "Review object", "action_flag": 3, "change_message": ""}}, {"model": "admin.logentry", "pk": 276, "fields": {"action_time": "2017-05-28T17:58:42.605Z", "user": 1, "content_type": 38, "object_id": "3", "object_repr": "Review object", "action_flag": 3, "change_message": ""}}, {"model": "admin.logentry", "pk": 277, "fields": {"action_time": "2017-05-28T18:00:52.869Z", "user": 1, "content_type": 38, "object_id": "4", "object_repr": "Review object", "action_flag": 3, "change_message": ""}}, {"model": "admin.logentry", "pk": 278, "fields": {"action_time": "2017-05-28T18:02:46.368Z", "user": 1, "content_type": 38, "object_id": "5", "object_repr": "Review object", "action_flag": 3, "change_message": ""}}, {"model": "admin.logentry", "pk": 279, "fields": {"action_time": "2017-05-28T18:04:07.439Z", "user": 1, "content_type": 12, "object_id": "42", "object_repr": "Order object", "action_flag": 2, "change_message": "[]"}}, {"model": "admin.logentry", "pk": 280, "fields": {"action_time": "2017-05-28T19:57:37.570Z", "user": 1, "content_type": 38, "object_id": "6", "object_repr": "Review object", "action_flag": 3, "change_message": ""}}, {"model": "admin.logentry", "pk": 281, "fields": {"action_time": "2017-05-28T20:00:36.395Z", "user": 1, "content_type": 38, "object_id": "7", "object_repr": "Review object", "action_flag": 3, "change_message": ""}}, {"model": "admin.logentry", "pk": 282, "fields": {"action_time": "2017-05-28T20:01:34.916Z", "user": 1, "content_type": 34, "object_id": "1", "object_repr": "GuideProfile object", "action_flag": 2, "change_message": "[{\"changed\": {\"fields\": [\"rating\", \"orders_with_review_nmb\"]}}]"}}, {"model": "admin.logentry", "pk": 283, "fields": {"action_time": "2017-05-28T20:03:43.669Z", "user": 1, "content_type": 34, "object_id": "1", "object_repr": "GuideProfile object", "action_flag": 2, "change_message": "[{\"changed\": {\"fields\": [\"orders_completed_nmb\"]}}]"}}, {"model": "admin.logentry", "pk": 284, "fields": {"action_time": "2017-05-28T20:06:19.874Z", "user": 1, "content_type": 34, "object_id": "1", "object_repr": "GuideProfile object", "action_flag": 2, "change_message": "[{\"changed\": {\"fields\": [\"rating\", \"orders_with_review_nmb\", \"orders_with_review_rate\"]}}]"}}, {"model": "admin.logentry", "pk": 285, "fields": {"action_time": "2017-05-28T20:19:15.949Z", "user": 1, "content_type": 12, "object_id": "42", "object_repr": "Order object", "action_flag": 2, "change_message": "[]"}}, {"model": "admin.logentry", "pk": 286, "fields": {"action_time": "2017-05-28T20:22:15.627Z", "user": 1, "content_type": 12, "object_id": "42", "object_repr": "Order object", "action_flag": 2, "change_message": "[]"}}, {"model": "admin.logentry", "pk": 287, "fields": {"action_time": "2017-05-28T20:23:19.555Z", "user": 1, "content_type": 12, "object_id": "42", "object_repr": "Order object", "action_flag": 2, "change_message": "[]"}}, {"model": "admin.logentry", "pk": 288, "fields": {"action_time": "2017-05-28T20:23:29.383Z", "user": 1, "content_type": 34, "object_id": "1", "object_repr": "GuideProfile object", "action_flag": 2, "change_message": "[]"}}, {"model": "admin.logentry", "pk": 289, "fields": {"action_time": "2017-05-29T00:01:37.787Z", "user": 1, "content_type": 35, "object_id": "3", "object_repr": "GuideService object", "action_flag": 2, "change_message": "[{\"changed\": {\"fields\": [\"price\"]}}]"}}, {"model": "admin.logentry", "pk": 290, "fields": {"action_time": "2017-05-29T00:01:44.981Z", "user": 1, "content_type": 35, "object_id": "4", "object_repr": "GuideService object", "action_flag": 2, "change_message": "[{\"changed\": {\"fields\": [\"price\"]}}]"}}, {"model": "admin.logentry", "pk": 291, "fields": {"action_time": "2017-05-29T00:02:02.399Z", "user": 1, "content_type": 35, "object_id": "29", "object_repr": "GuideService object", "action_flag": 2, "change_message": "[{\"changed\": {\"fields\": [\"price\"]}}]"}}, {"model": "admin.logentry", "pk": 292, "fields": {"action_time": "2017-05-29T00:02:08.709Z", "user": 1, "content_type": 35, "object_id": "31", "object_repr": "GuideService object", "action_flag": 2, "change_message": "[{\"changed\": {\"fields\": [\"price\"]}}]"}}, {"model": "admin.logentry", "pk": 293, "fields": {"action_time": "2017-05-29T00:02:08.958Z", "user": 1, "content_type": 35, "object_id": "31", "object_repr": "GuideService object", "action_flag": 2, "change_message": "[]"}}, {"model": "admin.logentry", "pk": 294, "fields": {"action_time": "2017-06-04T22:58:23.911Z", "user": 1, "content_type": 12, "object_id": "48", "object_repr": "Order object", "action_flag": 3, "change_message": ""}}, {"model": "admin.logentry", "pk": 295, "fields": {"action_time": "2017-06-04T23:00:53.764Z", "user": 1, "content_type": 12, "object_id": "49", "object_repr": "Order object", "action_flag": 3, "change_message": ""}}, {"model": "admin.logentry", "pk": 296, "fields": {"action_time": "2017-06-04T23:06:37.360Z", "user": 1, "content_type": 12, "object_id": "50", "object_repr": "Order object", "action_flag": 3, "change_message": ""}}, {"model": "admin.logentry", "pk": 297, "fields": {"action_time": "2017-06-04T23:18:10.906Z", "user": 1, "content_type": 12, "object_id": "51", "object_repr": "Order object", "action_flag": 3, "change_message": ""}}, {"model": "admin.logentry", "pk": 298, "fields": {"action_time": "2017-06-04T23:48:31.216Z", "user": 1, "content_type": 34, "object_id": "4", "object_repr": "GuideProfile object", "action_flag": 2, "change_message": "[{\"changed\": {\"fields\": [\"rate\"]}}]"}}, {"model": "admin.logentry", "pk": 299, "fields": {"action_time": "2017-06-04T23:48:36.186Z", "user": 1, "content_type": 12, "object_id": "52", "object_repr": "Order object", "action_flag": 2, "change_message": "[{\"changed\": {\"fields\": [\"tour\"]}}]"}}, {"model": "admin.logentry", "pk": 300, "fields": {"action_time": "2017-06-04T23:48:49.800Z", "user": 1, "content_type": 12, "object_id": "52", "object_repr": "Order object", "action_flag": 3, "change_message": ""}}, {"model": "admin.logentry", "pk": 301, "fields": {"action_time": "2017-06-04T23:57:34.097Z", "user": 1, "content_type": 12, "object_id": "53", "object_repr": "Order object", "action_flag": 3, "change_message": ""}}, {"model": "admin.logentry", "pk": 302, "fields": {"action_time": "2017-06-05T00:00:57.577Z", "user": 1, "content_type": 12, "object_id": "54", "object_repr": "Order object", "action_flag": 3, "change_message": ""}}, {"model": "admin.logentry", "pk": 303, "fields": {"action_time": "2017-06-10T19:29:17.175Z", "user": 1, "content_type": 34, "object_id": "5", "object_repr": "GuideProfile object", "action_flag": 3, "change_message": ""}}, {"model": "admin.logentry", "pk": 304, "fields": {"action_time": "2017-06-11T22:43:51.133Z", "user": 1, "content_type": 38, "object_id": "9", "object_repr": "Showing Kiev city", "action_flag": 1, "change_message": "[{\"added\": {}}]"}}, {"model": "admin.logentry", "pk": 305, "fields": {"action_time": "2017-06-12T01:21:21.183Z", "user": 1, "content_type": 47, "object_id": "cc04a4c8526ae8dfe5971d54c7add92bd5eea22d", "object_repr": "cc04a4c8526ae8dfe5971d54c7add92bd5eea22d", "action_flag": 1, "change_message": "[{\"added\": {}}]"}}, {"model": "admin.logentry", "pk": 306, "fields": {"action_time": "2017-06-17T10:35:31.084Z", "user": 1, "content_type": 3, "object_id": "11", "object_repr": "user", "action_flag": 2, "change_message": "[{\"changed\": {\"fields\": [\"password\"]}}]"}}, {"model": "admin.logentry", "pk": 307, "fields": {"action_time": "2017-06-17T14:40:12.714Z", "user": 1, "content_type": 15, "object_id": "25", "object_repr": "Chat object", "action_flag": 2, "change_message": "[{\"changed\": {\"fields\": [\"tourist\"]}}]"}}, {"model": "admin.logentry", "pk": 308, "fields": {"action_time": "2017-06-17T16:43:57.874Z", "user": 1, "content_type": 15, "object_id": "25", "object_repr": "Chat object", "action_flag": 2, "change_message": "[{\"changed\": {\"fields\": [\"tourist\"]}}]"}}, {"model": "admin.logentry", "pk": 309, "fields": {"action_time": "2017-06-18T09:54:31.416Z", "user": 1, "content_type": 15, "object_id": "28", "object_repr": "Chat object", "action_flag": 2, "change_message": "[{\"changed\": {\"fields\": [\"tourist\"]}}]"}}, {"model": "admin.logentry", "pk": 310, "fields": {"action_time": "2017-06-18T20:17:38.093Z", "user": 1, "content_type": 49, "object_id": "1", "object_repr": "admin", "action_flag": 3, "change_message": ""}}, {"model": "admin.logentry", "pk": 311, "fields": {"action_time": "2017-06-18T21:53:15.857Z", "user": 1, "content_type": 52, "object_id": "1", "object_repr": "Visa", "action_flag": 2, "change_message": "[{\"changed\": {\"fields\": [\"logo\"]}}]"}}, {"model": "admin.logentry", "pk": 312, "fields": {"action_time": "2017-06-24T12:48:58.143Z", "user": 1, "content_type": 12, "object_id": "57", "object_repr": "57 user", "action_flag": 2, "change_message": "[{\"changed\": {\"fields\": [\"tour\", \"total_price_before_fees\"]}}]"}}, {"model": "admin.logentry", "pk": 313, "fields": {"action_time": "2017-06-24T21:45:42.401Z", "user": 1, "content_type": 54, "object_id": "1", "object_repr": "not paid", "action_flag": 1, "change_message": "[{\"added\": {}}]"}}, {"model": "admin.logentry", "pk": 314, "fields": {"action_time": "2017-06-24T21:45:48.583Z", "user": 1, "content_type": 54, "object_id": "2", "object_repr": "paid", "action_flag": 1, "change_message": "[{\"added\": {}}]"}}, {"model": "admin.logentry", "pk": 315, "fields": {"action_time": "2017-06-24T21:45:57.104Z", "user": 1, "content_type": 54, "object_id": "3", "object_repr": "partially paid", "action_flag": 1, "change_message": "[{\"added\": {}}]"}}, {"model": "admin.logentry", "pk": 316, "fields": {"action_time": "2017-06-25T13:55:56.220Z", "user": 1, "content_type": 54, "object_id": "2", "object_repr": "payment", "action_flag": 2, "change_message": "[{\"changed\": {\"fields\": [\"name\"]}}]"}}, {"model": "admin.logentry", "pk": 317, "fields": {"action_time": "2017-06-25T13:56:24.347Z", "user": 1, "content_type": 54, "object_id": "3", "object_repr": "partial payment booked", "action_flag": 2, "change_message": "[{\"changed\": {\"fields\": [\"name\"]}}]"}}, {"model": "admin.logentry", "pk": 318, "fields": {"action_time": "2017-06-25T13:56:34.193Z", "user": 1, "content_type": 54, "object_id": "2", "object_repr": "full payment booked", "action_flag": 2, "change_message": "[{\"changed\": {\"fields\": [\"name\"]}}]"}}, {"model": "admin.logentry", "pk": 319, "fields": {"action_time": "2017-06-25T13:56:58.147Z", "user": 1, "content_type": 54, "object_id": "4", "object_repr": "full payment processed", "action_flag": 1, "change_message": "[{\"added\": {}}]"}}, {"model": "admin.logentry", "pk": 320, "fields": {"action_time": "2017-06-25T14:06:15.073Z", "user": 1, "content_type": 14, "object_id": "5", "object_repr": "payment booked", "action_flag": 2, "change_message": "[{\"changed\": {\"fields\": [\"name\"]}}]"}}, {"model": "admin.logentry", "pk": 321, "fields": {"action_time": "2017-06-25T14:06:44.904Z", "user": 1, "content_type": 14, "object_id": "8", "object_repr": "payment processed", "action_flag": 1, "change_message": "[{\"added\": {}}]"}}, {"model": "admin.logentry", "pk": 322, "fields": {"action_time": "2017-06-25T14:10:58.114Z", "user": 1, "content_type": 53, "object_id": "5", "object_repr": "5", "action_flag": 3, "change_message": ""}}, {"model": "admin.logentry", "pk": 323, "fields": {"action_time": "2017-06-25T14:10:58.130Z", "user": 1, "content_type": 53, "object_id": "4", "object_repr": "4", "action_flag": 3, "change_message": ""}}, {"model": "admin.logentry", "pk": 324, "fields": {"action_time": "2017-06-25T14:10:58.130Z", "user": 1, "content_type": 53, "object_id": "3", "object_repr": "3", "action_flag": 3, "change_message": ""}}, {"model": "admin.logentry", "pk": 325, "fields": {"action_time": "2017-06-25T14:10:58.130Z", "user": 1, "content_type": 53, "object_id": "2", "object_repr": "2", "action_flag": 3, "change_message": ""}}, {"model": "admin.logentry", "pk": 326, "fields": {"action_time": "2017-06-25T14:10:58.130Z", "user": 1, "content_type": 53, "object_id": "1", "object_repr": "1", "action_flag": 3, "change_message": ""}}, {"model": "admin.logentry", "pk": 327, "fields": {"action_time": "2017-06-25T14:58:39.894Z", "user": 1, "content_type": 14, "object_id": "8", "object_repr": "closed", "action_flag": 2, "change_message": "[{\"changed\": {\"fields\": [\"name\"]}}]"}}, {"model": "admin.logentry", "pk": 328, "fields": {"action_time": "2017-06-25T15:14:15.630Z", "user": 1, "content_type": 3, "object_id": "17", "object_repr": "aleksandr", "action_flag": 2, "change_message": "[{\"changed\": {\"fields\": [\"password\"]}}]"}}, {"model": "admin.logentry", "pk": 329, "fields": {"action_time": "2017-06-25T18:04:40.456Z", "user": 1, "content_type": 54, "object_id": "2", "object_repr": "full payment reserved", "action_flag": 2, "change_message": "[{\"changed\": {\"fields\": [\"name\"]}}]"}}, {"model": "admin.logentry", "pk": 330, "fields": {"action_time": "2017-06-25T18:04:48.364Z", "user": 1, "content_type": 54, "object_id": "3", "object_repr": "partial payment reserved", "action_flag": 2, "change_message": "[{\"changed\": {\"fields\": [\"name\"]}}]"}}, {"model": "admin.logentry", "pk": 331, "fields": {"action_time": "2017-06-25T18:06:07.542Z", "user": 1, "content_type": 14, "object_id": "5", "object_repr": "payment reserved", "action_flag": 2, "change_message": "[{\"changed\": {\"fields\": [\"name\"]}}]"}}, {"model": "admin.logentry", "pk": 332, "fields": {"action_time": "2017-06-25T18:12:57.048Z", "user": 1, "content_type": 12, "object_id": "63", "object_repr": "63 aleksandr", "action_flag": 2, "change_message": "[{\"changed\": {\"fields\": [\"tour\", \"payment_status\"]}}]"}}, {"model": "admin.logentry", "pk": 333, "fields": {"action_time": "2017-06-25T18:42:36.561Z", "user": 1, "content_type": 54, "object_id": "5", "object_repr": "cancelled", "action_flag": 1, "change_message": "[{\"added\": {}}]"}}, {"model": "admin.logentry", "pk": 334, "fields": {"action_time": "2017-06-25T19:09:56.435Z", "user": 1, "content_type": 53, "object_id": "4", "object_repr": "4", "action_flag": 2, "change_message": "[{\"changed\": {\"fields\": [\"dt_paid\"]}}]"}}, {"model": "admin.logentry", "pk": 335, "fields": {"action_time": "2017-06-25T19:10:05.322Z", "user": 1, "content_type": 53, "object_id": "3", "object_repr": "3", "action_flag": 2, "change_message": "[{\"changed\": {\"fields\": [\"dt_paid\"]}}]"}}, {"model": "admin.logentry", "pk": 336, "fields": {"action_time": "2017-06-25T19:10:19.139Z", "user": 1, "content_type": 53, "object_id": "2", "object_repr": "2", "action_flag": 2, "change_message": "[{\"changed\": {\"fields\": [\"dt_paid\"]}}]"}}, {"model": "admin.logentry", "pk": 337, "fields": {"action_time": "2017-06-25T19:10:30.108Z", "user": 1, "content_type": 53, "object_id": "1", "object_repr": "1", "action_flag": 2, "change_message": "[{\"changed\": {\"fields\": [\"dt_paid\"]}}]"}}, {"model": "admin.logentry", "pk": 338, "fields": {"action_time": "2017-06-25T19:43:28.138Z", "user": 1, "content_type": 15, "object_id": "28", "object_repr": "Chat object", "action_flag": 3, "change_message": ""}}, {"model": "admin.logentry", "pk": 339, "fields": {"action_time": "2017-06-25T19:43:28.138Z", "user": 1, "content_type": 15, "object_id": "27", "object_repr": "Chat object", "action_flag": 3, "change_message": ""}}, {"model": "admin.logentry", "pk": 340, "fields": {"action_time": "2017-06-25T19:43:28.153Z", "user": 1, "content_type": 15, "object_id": "26", "object_repr": "Chat object", "action_flag": 3, "change_message": ""}}, {"model": "admin.logentry", "pk": 341, "fields": {"action_time": "2017-06-25T19:43:28.153Z", "user": 1, "content_type": 15, "object_id": "25", "object_repr": "Chat object", "action_flag": 3, "change_message": ""}}, {"model": "admin.logentry", "pk": 342, "fields": {"action_time": "2017-06-25T19:43:28.169Z", "user": 1, "content_type": 15, "object_id": "24", "object_repr": "Chat object", "action_flag": 3, "change_message": ""}}, {"model": "admin.logentry", "pk": 343, "fields": {"action_time": "2017-07-12T19:44:29.483Z", "user": 1, "content_type": 56, "object_id": "1", "object_repr": "General", "action_flag": 1, "change_message": "[{\"added\": {}}]"}}, {"model": "admin.logentry", "pk": 344, "fields": {"action_time": "2017-07-12T19:55:34.620Z", "user": 1, "content_type": 56, "object_id": "2", "object_repr": "News", "action_flag": 1, "change_message": "[{\"added\": {}}]"}}, {"model": "admin.logentry", "pk": 345, "fields": {"action_time": "2017-07-12T20:03:11.174Z", "user": 1, "content_type": 55, "object_id": "1", "object_repr": "Hyperloop One News", "action_flag": 1, "change_message": "[{\"added\": {}}]"}}, {"model": "admin.logentry", "pk": 346, "fields": {"action_time": "2017-07-12T20:09:51.752Z", "user": 1, "content_type": 55, "object_id": "1", "object_repr": "Hyperloop One News", "action_flag": 2, "change_message": "[]"}}, {"model": "admin.logentry", "pk": 347, "fields": {"action_time": "2017-07-12T20:14:43.921Z", "user": 1, "content_type": 55, "object_id": "1", "object_repr": "Hyperloop One News", "action_flag": 2, "change_message": "[]"}}, {"model": "admin.logentry", "pk": 348, "fields": {"action_time": "2017-07-12T20:15:39.795Z", "user": 1, "content_type": 55, "object_id": "1", "object_repr": "Hyperloop One News", "action_flag": 2, "change_message": "[]"}}, {"model": "admin.logentry", "pk": 349, "fields": {"action_time": "2017-07-12T20:23:21.622Z", "user": 1, "content_type": 55, "object_id": "1", "object_repr": "Hyperloop One News", "action_flag": 2, "change_message": "[]"}}, {"model": "admin.logentry", "pk": 350, "fields": {"action_time": "2017-07-12T20:24:26.377Z", "user": 1, "content_type": 55, "object_id": "1", "object_repr": "Hyperloop One News", "action_flag": 2, "change_message": "[]"}}, {"model": "admin.logentry", "pk": 351, "fields": {"action_time": "2017-07-12T20:25:53.750Z", "user": 1, "content_type": 55, "object_id": "1", "object_repr": "Hyperloop One News", "action_flag": 2, "change_message": "[{\"changed\": {\"fields\": [\"author\"]}}]"}}, {"model": "admin.logentry", "pk": 352, "fields": {"action_time": "2017-07-12T22:29:14.249Z", "user": 1, "content_type": 55, "object_id": "1", "object_repr": "Hyperloop One News", "action_flag": 2, "change_message": "[{\"changed\": {\"fields\": [\"image\"]}}]"}}, {"model": "admin.logentry", "pk": 353, "fields": {"action_time": "2017-07-12T22:38:19.466Z", "user": 1, "content_type": 55, "object_id": "2", "object_repr": "testing", "action_flag": 1, "change_message": "[{\"added\": {}}]"}}, {"model": "admin.logentry", "pk": 354, "fields": {"action_time": "2017-07-12T22:44:17.859Z", "user": 1, "content_type": 55, "object_id": "3", "object_repr": "testing2", "action_flag": 1, "change_message": "[{\"added\": {}}]"}}, {"model": "admin.logentry", "pk": 355, "fields": {"action_time": "2017-07-16T21:40:16.076Z", "user": 1, "content_type": 3, "object_id": "24", "object_repr": "user1707", "action_flag": 3, "change_message": ""}}, {"model": "admin.logentry", "pk": 356, "fields": {"action_time": "2017-07-16T21:40:16.081Z", "user": 1, "content_type": 3, "object_id": "21", "object_repr": "user5", "action_flag": 3, "change_message": ""}}, {"model": "admin.logentry", "pk": 357, "fields": {"action_time": "2017-07-16T21:40:16.087Z", "user": 1, "content_type": 3, "object_id": "26", "object_repr": "user765", "action_flag": 3, "change_message": ""}}, {"model": "admin.logentry", "pk": 358, "fields": {"action_time": "2017-07-16T21:40:16.094Z", "user": 1, "content_type": 3, "object_id": "25", "object_repr": "user98", "action_flag": 3, "change_message": ""}}, {"model": "admin.logentry", "pk": 359, "fields": {"action_time": "2017-07-16T23:11:26.517Z", "user": 1, "content_type": 51, "object_id": "2", "object_repr": "user98", "action_flag": 3, "change_message": ""}}, {"model": "admin.logentry", "pk": 360, "fields": {"action_time": "2017-07-16T23:13:29.191Z", "user": 1, "content_type": 51, "object_id": "3", "object_repr": "user98", "action_flag": 3, "change_message": ""}}, {"model": "admin.logentry", "pk": 361, "fields": {"action_time": "2017-07-16T23:23:08.995Z", "user": 1, "content_type": 51, "object_id": "4", "object_repr": "user98", "action_flag": 3, "change_message": ""}}, {"model": "admin.logentry", "pk": 362, "fields": {"action_time": "2017-07-16T23:57:32.966Z", "user": 1, "content_type": 51, "object_id": "5", "object_repr": "user98", "action_flag": 3, "change_message": ""}}, {"model": "admin.logentry", "pk": 363, "fields": {"action_time": "2017-07-17T00:03:09.633Z", "user": 1, "content_type": 51, "object_id": "6", "object_repr": "user98", "action_flag": 3, "change_message": ""}}, {"model": "admin.logentry", "pk": 364, "fields": {"action_time": "2017-07-17T00:03:52.514Z", "user": 1, "content_type": 51, "object_id": "7", "object_repr": "user98", "action_flag": 2, "change_message": "[]"}}, {"model": "admin.logentry", "pk": 365, "fields": {"action_time": "2017-07-17T00:04:01.232Z", "user": 1, "content_type": 51, "object_id": "7", "object_repr": "user98", "action_flag": 2, "change_message": "[{\"changed\": {\"fields\": [\"is_active\"]}}]"}}, {"model": "admin.logentry", "pk": 366, "fields": {"action_time": "2017-07-17T00:05:50.893Z", "user": 1, "content_type": 51, "object_id": "7", "object_repr": "user98", "action_flag": 3, "change_message": ""}}, {"model": "admin.logentry", "pk": 367, "fields": {"action_time": "2017-07-17T00:06:42.055Z", "user": 1, "content_type": 51, "object_id": "9", "object_repr": "user98", "action_flag": 3, "change_message": ""}}, {"model": "admin.logentry", "pk": 368, "fields": {"action_time": "2017-07-17T00:06:42.060Z", "user": 1, "content_type": 51, "object_id": "8", "object_repr": "user98", "action_flag": 3, "change_message": ""}}, {"model": "admin.logentry", "pk": 369, "fields": {"action_time": "2017-07-19T10:08:57.566Z", "user": 1, "content_type": 3, "object_id": "29", "object_repr": "test1234", "action_flag": 1, "change_message": "[{\"added\": {}}]"}}, {"model": "admin.logentry", "pk": 370, "fields": {"action_time": "2017-07-19T11:31:20.573Z", "user": 1, "content_type": 25, "object_id": "2", "object_repr": "www.tourzan.com", "action_flag": 1, "change_message": "[{\"added\": {}}]"}}, {"model": "admin.logentry", "pk": 371, "fields": {"action_time": "2017-07-19T11:31:28.431Z", "user": 1, "content_type": 25, "object_id": "2", "object_repr": "www.tourzan.com", "action_flag": 3, "change_message": ""}}, {"model": "admin.logentry", "pk": 372, "fields": {"action_time": "2017-07-19T11:36:00.332Z", "user": 1, "content_type": 28, "object_id": "1", "object_repr": "facebook", "action_flag": 2, "change_message": "[{\"changed\": {\"fields\": [\"client_id\", \"secret\"]}}]"}}, {"model": "admin.logentry", "pk": 373, "fields": {"action_time": "2017-07-19T11:36:28.651Z", "user": 1, "content_type": 29, "object_id": "9", "object_repr": "aleksandr", "action_flag": 3, "change_message": ""}}, {"model": "admin.logentry", "pk": 374, "fields": {"action_time": "2017-07-20T15:58:51.980Z", "user": 1, "content_type": 29, "object_id": "10", "object_repr": "aleksandr", "action_flag": 3, "change_message": ""}}, {"model": "admin.logentry", "pk": 375, "fields": {"action_time": "2017-07-20T15:59:25.585Z", "user": 1, "content_type": 29, "object_id": "11", "object_repr": "aleksandr", "action_flag": 3, "change_message": ""}}, {"model": "admin.logentry", "pk": 376, "fields": {"action_time": "2017-07-20T16:01:49.425Z", "user": 1, "content_type": 59, "object_id": "2", "object_repr": "aleksandr", "action_flag": 3, "change_message": ""}}, {"model": "admin.logentry", "pk": 377, "fields": {"action_time": "2017-07-20T16:01:49.431Z", "user": 1, "content_type": 59, "object_id": "1", "object_repr": "admin", "action_flag": 3, "change_message": ""}}, {"model": "admin.logentry", "pk": 378, "fields": {"action_time": "2017-07-20T16:08:37.488Z", "user": 1, "content_type": 59, "object_id": "4", "object_repr": "aleksandr", "action_flag": 3, "change_message": ""}}, {"model": "admin.logentry", "pk": 379, "fields": {"action_time": "2017-07-20T16:08:37.503Z", "user": 1, "content_type": 59, "object_id": "3", "object_repr": "admin", "action_flag": 3, "change_message": ""}}, {"model": "admin.logentry", "pk": 380, "fields": {"action_time": "2017-07-20T16:08:53.507Z", "user": 1, "content_type": 29, "object_id": "12", "object_repr": "aleksandr", "action_flag": 3, "change_message": ""}}, {"model": "admin.logentry", "pk": 381, "fields": {"action_time": "2017-07-20T16:12:49.718Z", "user": 1, "content_type": 59, "object_id": "5", "object_repr": "admin", "action_flag": 2, "change_message": "[]"}}, {"model": "admin.logentry", "pk": 382, "fields": {"action_time": "2017-07-20T16:13:00.625Z", "user": 1, "content_type": 59, "object_id": "5", "object_repr": "admin", "action_flag": 2, "change_message": "[{\"changed\": {\"fields\": [\"facebook\"]}}]"}}, {"model": "admin.logentry", "pk": 383, "fields": {"action_time": "2017-07-20T16:34:41.993Z", "user": 1, "content_type": 28, "object_id": "2", "object_repr": "google", "action_flag": 1, "change_message": "[{\"added\": {}}]"}}, {"model": "admin.logentry", "pk": 384, "fields": {"action_time": "2017-07-21T00:51:50.704Z", "user": 1, "content_type": 34, "object_id": "4", "object_repr": "aleksandr", "action_flag": 2, "change_message": "[{\"changed\": {\"fields\": [\"optional_image\"]}}]"}}, {"model": "admin.logentry", "pk": 385, "fields": {"action_time": "2017-07-21T00:53:20.485Z", "user": 1, "content_type": 34, "object_id": "4", "object_repr": "aleksandr", "action_flag": 2, "change_message": "[{\"changed\": {\"fields\": [\"optional_image\"]}}]"}}, {"model": "admin.logentry", "pk": 386, "fields": {"action_time": "2017-07-21T00:55:14.729Z", "user": 1, "content_type": 34, "object_id": "4", "object_repr": "aleksandr", "action_flag": 2, "change_message": "[{\"changed\": {\"fields\": [\"optional_image\"]}}]"}}, {"model": "admin.logentry", "pk": 387, "fields": {"action_time": "2017-07-21T18:05:26.356Z", "user": 1, "content_type": 60, "object_id": "1", "object_repr": "passport", "action_flag": 1, "change_message": "[{\"added\": {}}]"}}, {"model": "admin.logentry", "pk": 388, "fields": {"action_time": "2017-07-21T18:05:32.161Z", "user": 1, "content_type": 60, "object_id": "2", "object_repr": "driving license", "action_flag": 1, "change_message": "[{\"added\": {}}]"}}, {"model": "admin.logentry", "pk": 389, "fields": {"action_time": "2017-07-21T18:05:45.147Z", "user": 1, "content_type": 62, "object_id": "1", "object_repr": "new", "action_flag": 1, "change_message": "[{\"added\": {}}]"}}, {"model": "admin.logentry", "pk": 390, "fields": {"action_time": "2017-07-21T18:05:52.631Z", "user": 1, "content_type": 62, "object_id": "2", "object_repr": "approved", "action_flag": 1, "change_message": "[{\"added\": {}}]"}}, {"model": "admin.logentry", "pk": 391, "fields": {"action_time": "2017-07-21T18:05:57.271Z", "user": 1, "content_type": 62, "object_id": "3", "object_repr": "rejected", "action_flag": 1, "change_message": "[{\"added\": {}}]"}}, {"model": "admin.logentry", "pk": 392, "fields": {"action_time": "2017-07-21T18:56:38.484Z", "user": 1, "content_type": 59, "object_id": "5", "object_repr": "admin", "action_flag": 2, "change_message": "[{\"deleted\": {\"name\": \"document scan\", \"object\": \"admin\"}}]"}}, {"model": "admin.logentry", "pk": 393, "fields": {"action_time": "2017-07-21T18:58:41.895Z", "user": 1, "content_type": 59, "object_id": "5", "object_repr": "admin", "action_flag": 2, "change_message": "[{\"deleted\": {\"object\": \"admin\", \"name\": \"document scan\"}}]"}}, {"model": "admin.logentry", "pk": 394, "fields": {"action_time": "2017-07-26T10:45:57.430Z", "user": 1, "content_type": 63, "object_id": "21", "object_repr": "+380687308274", "action_flag": 2, "change_message": "[{\"changed\": {\"fields\": [\"tries_nmb\"]}}]"}}, {"model": "admin.logentry", "pk": 395, "fields": {"action_time": "2017-07-26T10:47:00.407Z", "user": 1, "content_type": 63, "object_id": "21", "object_repr": "+380687308274", "action_flag": 2, "change_message": "[{\"changed\": {\"fields\": [\"is_used\"]}}]"}}, {"model": "admin.logentry", "pk": 396, "fields": {"action_time": "2017-07-26T10:58:11.912Z", "user": 1, "content_type": 63, "object_id": "20", "object_repr": "+380687308274", "action_flag": 3, "change_message": ""}}, {"model": "admin.logentry", "pk": 397, "fields": {"action_time": "2017-07-26T10:58:11.917Z", "user": 1, "content_type": 63, "object_id": "19", "object_repr": "+380687308274", "action_flag": 3, "change_message": ""}}, {"model": "admin.logentry", "pk": 398, "fields": {"action_time": "2017-07-26T10:58:11.925Z", "user": 1, "content_type": 63, "object_id": "18", "object_repr": "+380687308274", "action_flag": 3, "change_message": ""}}, {"model": "admin.logentry", "pk": 399, "fields": {"action_time": "2017-07-26T10:58:11.929Z", "user": 1, "content_type": 63, "object_id": "17", "object_repr": "+380687308274", "action_flag": 3, "change_message": ""}}, {"model": "admin.logentry", "pk": 400, "fields": {"action_time": "2017-07-26T10:58:11.934Z", "user": 1, "content_type": 63, "object_id": "16", "object_repr": "    12                                                                                          ", "action_flag": 3, "change_message": ""}}, {"model": "admin.logentry", "pk": 401, "fields": {"action_time": "2017-07-26T10:58:11.939Z", "user": 1, "content_type": 63, "object_id": "15", "object_repr": "1                                                                                 ", "action_flag": 3, "change_message": ""}}, {"model": "admin.logentry", "pk": 402, "fields": {"action_time": "2017-07-26T10:58:11.944Z", "user": 1, "content_type": 63, "object_id": "14", "object_repr": "2                                                                                             ", "action_flag": 3, "change_message": ""}}, {"model": "admin.logentry", "pk": 403, "fields": {"action_time": "2017-07-26T10:58:11.948Z", "user": 1, "content_type": 63, "object_id": "13", "object_repr": "                                                                                              ", "action_flag": 3, "change_message": ""}}, {"model": "admin.logentry", "pk": 404, "fields": {"action_time": "2017-07-26T10:58:11.952Z", "user": 1, "content_type": 63, "object_id": "12", "object_repr": "                                                                                              ", "action_flag": 3, "change_message": ""}}, {"model": "admin.logentry", "pk": 405, "fields": {"action_time": "2017-07-26T10:58:11.956Z", "user": 1, "content_type": 63, "object_id": "11", "object_repr": "                                                                                              ", "action_flag": 3, "change_message": ""}}, {"model": "admin.logentry", "pk": 406, "fields": {"action_time": "2017-07-26T10:58:11.963Z", "user": 1, "content_type": 63, "object_id": "10", "object_repr": "                                                                                              ", "action_flag": 3, "change_message": ""}}, {"model": "admin.logentry", "pk": 407, "fields": {"action_time": "2017-07-26T10:58:11.967Z", "user": 1, "content_type": 63, "object_id": "9", "object_repr": "+380687308274", "action_flag": 3, "change_message": ""}}, {"model": "admin.logentry", "pk": 408, "fields": {"action_time": "2017-07-26T10:58:11.973Z", "user": 1, "content_type": 63, "object_id": "8", "object_repr": "+380687308274", "action_flag": 3, "change_message": ""}}, {"model": "admin.logentry", "pk": 409, "fields": {"action_time": "2017-07-26T10:58:11.979Z", "user": 1, "content_type": 63, "object_id": "7", "object_repr": "+380687308274", "action_flag": 3, "change_message": ""}}, {"model": "admin.logentry", "pk": 410, "fields": {"action_time": "2017-07-26T10:58:11.983Z", "user": 1, "content_type": 63, "object_id": "6", "object_repr": "+380687308274", "action_flag": 3, "change_message": ""}}, {"model": "admin.logentry", "pk": 411, "fields": {"action_time": "2017-07-26T10:58:11.988Z", "user": 1, "content_type": 63, "object_id": "5", "object_repr": "+380687308274", "action_flag": 3, "change_message": ""}}, {"model": "admin.logentry", "pk": 412, "fields": {"action_time": "2017-07-26T10:58:11.993Z", "user": 1, "content_type": 63, "object_id": "4", "object_repr": "+380687308274", "action_flag": 3, "change_message": ""}}, {"model": "admin.logentry", "pk": 413, "fields": {"action_time": "2017-07-26T10:58:11.997Z", "user": 1, "content_type": 63, "object_id": "3", "object_repr": "+380687308274", "action_flag": 3, "change_message": ""}}, {"model": "admin.logentry", "pk": 414, "fields": {"action_time": "2017-07-26T10:58:12.001Z", "user": 1, "content_type": 63, "object_id": "2", "object_repr": "+380687308274", "action_flag": 3, "change_message": ""}}, {"model": "admin.logentry", "pk": 415, "fields": {"action_time": "2017-07-26T10:58:12.008Z", "user": 1, "content_type": 63, "object_id": "1", "object_repr": "+380687308274", "action_flag": 3, "change_message": ""}}, {"model": "admin.logentry", "pk": 416, "fields": {"action_time": "2017-07-26T11:00:42.754Z", "user": 1, "content_type": 59, "object_id": "5", "object_repr": "admin", "action_flag": 2, "change_message": "[{\"changed\": {\"fields\": [\"phone_is_validated\"]}}]"}}, {"model": "admin.logentry", "pk": 417, "fields": {"action_time": "2017-07-26T11:00:50.897Z", "user": 1, "content_type": 59, "object_id": "5", "object_repr": "admin", "action_flag": 2, "change_message": "[{\"changed\": {\"fields\": [\"phone_is_validated\"]}}]"}}, {"model": "admin.logentry", "pk": 418, "fields": {"action_time": "2017-07-26T11:09:10.794Z", "user": 1, "content_type": 63, "object_id": "24", "object_repr": "+380687308274", "action_flag": 3, "change_message": ""}}, {"model": "admin.logentry", "pk": 419, "fields": {"action_time": "2017-07-26T11:09:10.799Z", "user": 1, "content_type": 63, "object_id": "23", "object_repr": "+380687308274", "action_flag": 3, "change_message": ""}}, {"model": "admin.logentry", "pk": 420, "fields": {"action_time": "2017-07-26T11:09:10.805Z", "user": 1, "content_type": 63, "object_id": "22", "object_repr": "+380687308274", "action_flag": 3, "change_message": ""}}, {"model": "admin.logentry", "pk": 421, "fields": {"action_time": "2017-07-27T08:33:43.657Z", "user": 1, "content_type": 3, "object_id": "29", "object_repr": "user1", "action_flag": 2, "change_message": "[{\"changed\": {\"fields\": [\"username\"]}}]"}}, {"model": "admin.logentry", "pk": 422, "fields": {"action_time": "2017-07-27T08:34:14.134Z", "user": 1, "content_type": 3, "object_id": "29", "object_repr": "user1", "action_flag": 2, "change_message": "[{\"changed\": {\"fields\": [\"password\"]}}]"}}, {"model": "admin.logentry", "pk": 423, "fields": {"action_time": "2017-07-27T13:31:38.414Z", "user": 1, "content_type": 11, "object_id": "1", "object_repr": "1 Showing Kiev city", "action_flag": 2, "change_message": "[{\"changed\": {\"fields\": [\"rating\"]}}]"}}, {"model": "admin.logentry", "pk": 424, "fields": {"action_time": "2017-07-27T13:57:54.555Z", "user": 1, "content_type": 38, "object_id": "8", "object_repr": "admin", "action_flag": 2, "change_message": "[{\"changed\": {\"fields\": [\"guide_rating\"]}}]"}}, {"model": "admin.logentry", "pk": 425, "fields": {"action_time": "2017-07-27T13:58:44.822Z", "user": 1, "content_type": 38, "object_id": "8", "object_repr": "admin", "action_flag": 2, "change_message": "[{\"changed\": {\"fields\": [\"guide_feedback_text\", \"tourist_feedback_text\", \"tourist_rating\"]}}]"}}, {"model": "admin.logentry", "pk": 426, "fields": {"action_time": "2017-07-30T20:22:18.328Z", "user": 1, "content_type": 34, "object_id": "1", "object_repr": "admin", "action_flag": 2, "change_message": "[{\"changed\": {\"fields\": [\"is_active\"]}}]"}}, {"model": "admin.logentry", "pk": 427, "fields": {"action_time": "2017-07-30T23:37:18.143Z", "user": 1, "content_type": 3, "object_id": "11", "object_repr": "user", "action_flag": 2, "change_message": "[{\"changed\": {\"fields\": [\"password\"]}}]"}}]